[Licensing::Module] Trying to connect to existing licensing client channel...
Built from '6000.3/staging' branch; Version is '6000.3.20f1 (c9ba695d4f07) revision 13220457'; Using compiler version '194234433'; Build Type 'Release'
OS: 'Windows 11  (10.0.26200) Professional' Language: 'ko' Physical Memory: 14176 MB
BatchMode: 1, IsHumanControllingUs: 0, StartBugReporterOnCrash: 0, Is64bit: 1
System  architecture: x64
Process architecture: x64
Date: 2026-07-24T10:11:28Z
[Licensing::IpcConnector] Successfully connected to: "LicenseClient-hyun0" at "2026-07-24T10:11:28.9768443Z"

COMMAND LINE ARGUMENTS:
C:\Program Files\Unity\Hub\Editor\6000.3.20f1\Editor\Unity.exe
-batchmode
-nographics
-quit
-projectPath
D:\codex-project-mystery
-logFile
D:\codex-project-mystery\unity-verify.log
Successfully changed project path to: D:\codex-project-mystery
D:/codex-project-mystery
[UnityMemory] Configuration Parameters - Can be set up in boot.config
    "memorysetup-temp-allocator-size-nav-mesh-worker=65536"
    "memorysetup-temp-allocator-size-audio-worker=65536"
    "memorysetup-temp-allocator-size-gfx=262144"
    "memorysetup-allocator-temp-initial-block-size-main=262144"
    "memorysetup-allocator-temp-initial-block-size-worker=262144"
    "memorysetup-temp-allocator-size-background-worker=32768"
    "memorysetup-temp-allocator-size-job-worker=262144"
    "memorysetup-temp-allocator-size-preload-manager=33554432"
    "memorysetup-temp-allocator-size-gi-baking-worker=262144"
    "memorysetup-temp-allocator-size-gi-baking-worker=262144"
    "memorysetup-temp-allocator-size-gi-baking-worker=262144"
    "memorysetup-temp-allocator-size-gi-baking-worker=262144"
    "memorysetup-temp-allocator-size-gi-baking-worker=262144"
    "memorysetup-bucket-allocator-granularity=16"
    "memorysetup-bucket-allocator-bucket-count=8"
    "memorysetup-bucket-allocator-block-size=33554432"
    "memorysetup-bucket-allocator-block-count=8"
    "memorysetup-main-allocator-block-size=16777216"
    "memorysetup-thread-allocator-block-size=16777216"
    "memorysetup-gfx-main-allocator-block-size=16777216"
    "memorysetup-gfx-thread-allocator-block-size=16777216"
    "memorysetup-cache-allocator-block-size=4194304"
    "memorysetup-typetree-allocator-block-size=2097152"
    "memorysetup-profiler-bucket-allocator-granularity=16"
    "memorysetup-profiler-bucket-allocator-bucket-count=8"
    "memorysetup-profiler-bucket-allocator-block-size=33554432"
    "memorysetup-profiler-bucket-allocator-block-count=8"
    "memorysetup-profiler-allocator-block-size=16777216"
    "memorysetup-profiler-editor-allocator-block-size=1048576"
    "memorysetup-temp-allocator-size-main=16777216"
    "memorysetup-job-temp-allocator-block-size=2097152"
    "memorysetup-job-temp-allocator-block-size-background=1048576"
    "memorysetup-job-temp-allocator-reduction-small-platforms=262144"
    "memorysetup-temp-allocator-size-cloud-worker=32768"
Player connection [53244]  Target information:

Player connection [53244]  * "[IP] 172.30.128.1 [Port] 55504 [Flags] 2 [Guid] 494729051 [EditorId] 494729051 [Version] 1048832 [Id] WindowsEditor(7,DESKTOP-WHY) [Debug] 1 [PackageName] WindowsEditor [ProjectName] Editor" 

Player connection [53244]  * "[IP] 10.249.35.5 [Port] 55504 [Flags] 2 [Guid] 494729051 [EditorId] 494729051 [Version] 1048832 [Id] WindowsEditor(7,DESKTOP-WHY) [Debug] 1 [PackageName] WindowsEditor [ProjectName] Editor" 

Player connection [53244] Host joined multi-casting on [225.0.0.222:54997]...
Player connection [53244] Host joined alternative multi-casting on [225.0.0.222:34997]...
Input System module state changed to: Initialized.
[Physics::Module] Initialized fallback backend.
[Physics::Module] Id: 0xdecafbad
[Package Manager] Connected to IPC stream "Upm-25164" after 0.4 seconds.
[Licensing::Module] Licensing is not yet initialized.
[Licensing::Client] Error: HandshakeResponse reported an error:
	ResponseCode: 505
	ResponseStatus: Unsupported protocol version '1.18.1'.
[Licensing::Module] Error: Failed to handshake to channel: "LicenseClient-hyun0"
[Licensing::IpcConnector] LicenseClient-hyun0 channel disconnected successfully.
[Licensing::IpcConnector] Channel LicenseClient-hyun0-6000.3.20 doesn't exist
[Licensing::Module] Successfully launched the LicensingClient (PId: 38304)
[Licensing::IpcConnector] Successfully connected to: "LicenseClient-hyun0-6000.3.20" at "2026-07-24T10:11:31.5227703Z"
[Licensing::Client] Code 10 while verifying Licensing Client signature (process Id: 38304, path: "C:/Program Files/Unity/Hub/Editor/6000.3.20f1/Editor/Data/Resources/Licensing/Client/Unity.Licensing.Client.exe")
[Licensing::Module] LicensingClient has failed validation; ignoring
[Licensing::Client] Handshaking with LicensingClient:
  Version:                 1.18.1+9fbee8e
  Session Id:              a5fd719c45344333af8a61b7694bae0a
  Correlation Id:          8bec0a88767c8eea2b4a7a405eb7a8da
  External correlation Id: 6595718536622429178
  Machine Id:              MhIRE81hYQfZsA+oujDUYSjOHdA=
[Licensing::Module] Successfully connected to LicensingClient on channel: "LicenseClient-hyun0-6000.3.20" (connect: 0.85s, validation: 0.29s, handshake: 0.01s)
[Licensing::IpcConnector] Successfully connected to: "LicenseClient-hyun0-6000.3.20-notifications" at "2026-07-24T10:11:31.82431Z"
[Licensing::Module] Connected to LicensingClient (PId: 38304, launch time: 0.03, total connection time: 1.16s)
[Licensing::Module] Error: Access token is unavailable; failed to update
[Licensing::Client] Successfully resolved entitlement details
[Licensing::Module] License group:
  Id: 14569715143661-UnityPersXXXX
  Product: Unity Personal
  Type: Assigned
  Expiration: Unlimited
[Licensing::Client] Successfully updated license, isAsync: True, time: 0.01
[Licensing::Client] Successfully resolved entitlement details
[Licensing::Module] Licensing Background thread has ended after 2.92s
[Licensing::Module] Licensing is initialized (took 1.96s).
[Licensing::Client] Successfully resolved entitlement details
Library Redirect Path: Library/
[Physics::Module] Selected backend.
[Physics::Module] Name: PhysX
[Physics::Module] Id: 0xf2b8ea05
[Physics::Module] SDK Version: 4.1.2
[Physics::Module] Integration Version: 1.0.0
[Physics::Module] Threading Mode: Multi-Threaded
Refreshing native plugins compatible for Editor in 2.66 ms, found 0 plugins.
Preloading 0 native plugins for Editor in 0.00 ms.
Initialize engine version: 6000.3.20f1 (c9ba695d4f07)
[Subsystems] Discovering subsystems at path C:/Program Files/Unity/Hub/Editor/6000.3.20f1/Editor/Data/Resources/UnitySubsystems
[Subsystems] Discovering subsystems at path D:/codex-project-mystery/Assets
Forcing GfxDevice: Null
GfxDevice: creating device client; kGfxThreadingModeNonThreaded
NullGfxDevice:
    Version:  NULL 1.0 [1.0]
    Renderer: Null Device
    Vendor:   Unity Technologies
Initialize mono
Mono path[0] = 'C:/Program Files/Unity/Hub/Editor/6000.3.20f1/Editor/Data/Managed'
Mono path[1] = 'C:/Program Files/Unity/Hub/Editor/6000.3.20f1/Editor/Data/MonoBleedingEdge/lib/mono/unityjit-win32'
Mono config path = 'C:/Program Files/Unity/Hub/Editor/6000.3.20f1/Editor/Data/MonoBleedingEdge/etc'
Using monoOptions --debugger-agent=transport=dt_socket,embedding=1,server=y,suspend=n,address=127.0.0.1:56164
Using cacheserver namespaces - metadata:defaultmetadata, artifacts:defaultartifacts
Using cacheserver namespaces - metadata:defaultmetadata, artifacts:defaultartifacts
ImportWorker Server TCP listen port: 0
AcceleratorClientConnectionCallback - disconnected - :0
Begin MonoManager ReloadAssembly
Registering precompiled unity dll's ...
Register platform support module: C:/Program Files/Unity/Hub/Editor/6000.3.20f1/Editor/Data/PlaybackEngines/WindowsStandaloneSupport/UnityEditor.WindowsStandalone.Extensions.dll
Registered in 0.010797 seconds.
- Loaded All Assemblies, in  0.973 seconds
Native extension for WindowsStandalone target not found
Package Manager log level set to [2]
ScheduleIndexationOnStartup MainProcess:False IndexOnStartup:False
Mono: successfully reloaded assembly
- Finished resetting the current domain, in  0.551 seconds
Domain Reload Profiling: 1500ms
	BeginReloadAssembly (350ms)
		ExecutionOrderSort (0ms)
		DisableScriptedObjects (0ms)
		BackupInstance (0ms)
		ReleaseScriptingObjects (0ms)
		CreateAndSetChildDomain (21ms)
	RebuildCommonClasses (74ms)
	RebuildNativeTypeToScriptingClass (21ms)
	initialDomainReloadingComplete (134ms)
	LoadAllAssembliesAndSetupDomain (370ms)
		LoadAssemblies (321ms)
		RebuildTransferFunctionScriptingTraits (0ms)
		AnalyzeDomain (360ms)
			TypeCache.Refresh (357ms)
				TypeCache.ScanAssembly (333ms)
			BuildScriptInfoCaches (0ms)
			ResolveRequiredComponents (1ms)
	FinalizeReload (552ms)
		ReleaseScriptCaches (0ms)
		RebuildScriptCaches (0ms)
		SetupLoadedEditorAssemblies (495ms)
			LogAssemblyErrors (0ms)
			InitializePlatformSupportModulesInManaged (72ms)
			SetLoadedEditorAssemblies (4ms)
			BeforeProcessingInitializeOnLoad (106ms)
			ProcessInitializeOnLoadAttributes (186ms)
			ProcessInitializeOnLoadMethodAttributes (126ms)
			AfterProcessingInitializeOnLoad (0ms)
			EditorAssembliesLoaded (1ms)
		ExecutionOrderSort2 (0ms)
		AwakeInstancesAfterBackupRestoration (0ms)
[Licensing::Client] Successfully resolved entitlement details
Application.AssetDatabase Initial Refresh Start
[Package Manager] Done resolving packages in 3.28 seconds
[Licensing::Client] Successfully resolved entitlement details
[Package Manager] Registered 67 packages:
  Packages from [https://packages.unity.com]:
    com.unity.2d.animation@13.0.5 (location: D:\codex-project-mystery\Library\PackageCache\com.unity.2d.animation@5d1ab6c077e2)
    com.unity.2d.aseprite@3.0.2 (location: D:\codex-project-mystery\Library\PackageCache\com.unity.2d.aseprite@20edb5643ab5)
    com.unity.2d.psdimporter@12.0.2 (location: D:\codex-project-mystery\Library\PackageCache\com.unity.2d.psdimporter@f207d91d598d)
    com.unity.2d.spriteshape@13.0.0 (location: D:\codex-project-mystery\Library\PackageCache\com.unity.2d.spriteshape@0738bab11647)
    com.unity.2d.tilemap.extras@6.0.2 (location: D:\codex-project-mystery\Library\PackageCache\com.unity.2d.tilemap.extras@4c5cdf9da5f3)
    com.unity.2d.tooling@1.0.3 (location: D:\codex-project-mystery\Library\PackageCache\com.unity.2d.tooling@127d960d4dc1)
    com.unity.collab-proxy@2.12.4 (location: D:\codex-project-mystery\Library\PackageCache\com.unity.collab-proxy@0b1559bcd34e)
    com.unity.ide.rider@3.0.40 (location: D:\codex-project-mystery\Library\PackageCache\com.unity.ide.rider@e4950c6d131b)
    com.unity.ide.visualstudio@2.0.26 (location: D:\codex-project-mystery\Library\PackageCache\com.unity.ide.visualstudio@a99d56dec63f)
    com.unity.inputsystem@1.19.0 (location: D:\codex-project-mystery\Library\PackageCache\com.unity.inputsystem@21a28c3a6c83)
    com.unity.timeline@1.8.12 (location: D:\codex-project-mystery\Library\PackageCache\com.unity.timeline@8cd8509afae5)
    com.unity.visualscripting@1.9.11 (location: D:\codex-project-mystery\Library\PackageCache\com.unity.visualscripting@8bed5ad90189)
    com.unity.2d.common@12.0.3 (location: D:\codex-project-mystery\Library\PackageCache\com.unity.2d.common@2af7c9b44b5c)
    com.unity.mathematics@1.3.3 (location: D:\codex-project-mystery\Library\PackageCache\com.unity.mathematics@19a9377c4ffa)
    com.unity.collections@2.6.6 (location: D:\codex-project-mystery\Library\PackageCache\com.unity.collections@9796e5ee0d9e)
    com.unity.nuget.newtonsoft-json@3.2.2 (location: D:\codex-project-mystery\Library\PackageCache\com.unity.nuget.newtonsoft-json@4dfd81071c64)
    com.unity.searcher@4.9.4 (location: D:\codex-project-mystery\Library\PackageCache\com.unity.searcher@d45a78918735)
    com.unity.burst@1.8.29 (location: D:\codex-project-mystery\Library\PackageCache\com.unity.burst@6bb9aca3ef38)
    com.unity.nuget.mono-cecil@1.11.6 (location: D:\codex-project-mystery\Library\PackageCache\com.unity.nuget.mono-cecil@ecb9724e46ff)
    com.unity.test-framework.performance@3.5.0 (location: D:\codex-project-mystery\Library\PackageCache\com.unity.test-framework.performance@8b56083ec0f0)
  Built-in packages:
    com.unity.2d.sprite@1.0.0 (location: D:\codex-project-mystery\Library\PackageCache\com.unity.2d.sprite@d8bb22511404)
    com.unity.2d.tilemap@1.0.0 (location: D:\codex-project-mystery\Library\PackageCache\com.unity.2d.tilemap@f666889fd587)
    com.unity.multiplayer.center@1.0.1 (location: D:\codex-project-mystery\Library\PackageCache\com.unity.multiplayer.center@f01f4ba8d00a)
    com.unity.render-pipelines.universal@17.3.0 (location: D:\codex-project-mystery\Library\PackageCache\com.unity.render-pipelines.universal@37e06a5b08b3)
    com.unity.test-framework@1.6.0 (location: D:\codex-project-mystery\Library\PackageCache\com.unity.test-framework@bd7f943e9647)
    com.unity.ugui@2.0.0 (location: D:\codex-project-mystery\Library\PackageCache\com.unity.ugui@e20f1880fa04)
    com.unity.modules.accessibility@1.0.0 (location: D:\codex-project-mystery\Library\PackageCache\com.unity.modules.accessibility)
    com.unity.modules.adaptiveperformance@1.0.0 (location: D:\codex-project-mystery\Library\PackageCache\com.unity.modules.adaptiveperformance)
    com.unity.modules.ai@1.0.0 (location: D:\codex-project-mystery\Library\PackageCache\com.unity.modules.ai)
    com.unity.modules.androidjni@1.0.0 (location: D:\codex-project-mystery\Library\PackageCache\com.unity.modules.androidjni)
    com.unity.modules.animation@1.0.0 (location: D:\codex-project-mystery\Library\PackageCache\com.unity.modules.animation)
    com.unity.modules.assetbundle@1.0.0 (location: D:\codex-project-mystery\Library\PackageCache\com.unity.modules.assetbundle)
    com.unity.modules.audio@1.0.0 (location: D:\codex-project-mystery\Library\PackageCache\com.unity.modules.audio)
    com.unity.modules.cloth@1.0.0 (location: D:\codex-project-mystery\Library\PackageCache\com.unity.modules.cloth)
    com.unity.modules.director@1.0.0 (location: D:\codex-project-mystery\Library\PackageCache\com.unity.modules.director)
    com.unity.modules.imageconversion@1.0.0 (location: D:\codex-project-mystery\Library\PackageCache\com.unity.modules.imageconversion)
    com.unity.modules.imgui@1.0.0 (location: D:\codex-project-mystery\Library\PackageCache\com.unity.modules.imgui)
    com.unity.modules.jsonserialize@1.0.0 (location: D:\codex-project-mystery\Library\PackageCache\com.unity.modules.jsonserialize)
    com.unity.modules.particlesystem@1.0.0 (location: D:\codex-project-mystery\Library\PackageCache\com.unity.modules.particlesystem)
    com.unity.modules.physics@1.0.0 (location: D:\codex-project-mystery\Library\PackageCache\com.unity.modules.physics)
    com.unity.modules.physics2d@1.0.0 (location: D:\codex-project-mystery\Library\PackageCache\com.unity.modules.physics2d)
    com.unity.modules.screencapture@1.0.0 (location: D:\codex-project-mystery\Library\PackageCache\com.unity.modules.screencapture)
    com.unity.modules.terrain@1.0.0 (location: D:\codex-project-mystery\Library\PackageCache\com.unity.modules.terrain)
    com.unity.modules.terrainphysics@1.0.0 (location: D:\codex-project-mystery\Library\PackageCache\com.unity.modules.terrainphysics)
    com.unity.modules.tilemap@1.0.0 (location: D:\codex-project-mystery\Library\PackageCache\com.unity.modules.tilemap)
    com.unity.modules.ui@1.0.0 (location: D:\codex-project-mystery\Library\PackageCache\com.unity.modules.ui)
    com.unity.modules.uielements@1.0.0 (location: D:\codex-project-mystery\Library\PackageCache\com.unity.modules.uielements)
    com.unity.modules.umbra@1.0.0 (location: D:\codex-project-mystery\Library\PackageCache\com.unity.modules.umbra)
    com.unity.modules.unityanalytics@1.0.0 (location: D:\codex-project-mystery\Library\PackageCache\com.unity.modules.unityanalytics)
    com.unity.modules.unitywebrequest@1.0.0 (location: D:\codex-project-mystery\Library\PackageCache\com.unity.modules.unitywebrequest)
    com.unity.modules.unitywebrequestassetbundle@1.0.0 (location: D:\codex-project-mystery\Library\PackageCache\com.unity.modules.unitywebrequestassetbundle)
    com.unity.modules.unitywebrequestaudio@1.0.0 (location: D:\codex-project-mystery\Library\PackageCache\com.unity.modules.unitywebrequestaudio)
    com.unity.modules.unitywebrequesttexture@1.0.0 (location: D:\codex-project-mystery\Library\PackageCache\com.unity.modules.unitywebrequesttexture)
    com.unity.modules.unitywebrequestwww@1.0.0 (location: D:\codex-project-mystery\Library\PackageCache\com.unity.modules.unitywebrequestwww)
    com.unity.modules.vectorgraphics@1.0.0 (location: D:\codex-project-mystery\Library\PackageCache\com.unity.modules.vectorgraphics)
    com.unity.modules.vehicles@1.0.0 (location: D:\codex-project-mystery\Library\PackageCache\com.unity.modules.vehicles)
    com.unity.modules.video@1.0.0 (location: D:\codex-project-mystery\Library\PackageCache\com.unity.modules.video)
    com.unity.modules.vr@1.0.0 (location: D:\codex-project-mystery\Library\PackageCache\com.unity.modules.vr)
    com.unity.modules.wind@1.0.0 (location: D:\codex-project-mystery\Library\PackageCache\com.unity.modules.wind)
    com.unity.modules.xr@1.0.0 (location: D:\codex-project-mystery\Library\PackageCache\com.unity.modules.xr)
    com.unity.modules.subsystems@1.0.0 (location: D:\codex-project-mystery\Library\PackageCache\com.unity.modules.subsystems)
    com.unity.modules.hierarchycore@1.0.0 (location: D:\codex-project-mystery\Library\PackageCache\com.unity.modules.hierarchycore)
    com.unity.ext.nunit@2.0.5 (location: D:\codex-project-mystery\Library\PackageCache\com.unity.ext.nunit@d8c07649098d)
    com.unity.render-pipelines.core@17.3.0 (location: D:\codex-project-mystery\Library\PackageCache\com.unity.render-pipelines.core@731b06833851)
    com.unity.shadergraph@17.3.0 (location: D:\codex-project-mystery\Library\PackageCache\com.unity.shadergraph@fe0f710ccc2d)
    com.unity.render-pipelines.universal-config@17.0.3 (location: D:\codex-project-mystery\Library\PackageCache\com.unity.render-pipelines.universal-config@8dc1aab4af1d)
  Git packages:
    com.coplaydev.unity-mcp@https://github.com/CoplayDev/unity-mcp.git?path=/MCPForUnity#v10.1.0 (location: D:\codex-project-mystery\Library\PackageCache\com.coplaydev.unity-mcp@a4c2d0a84573)
[Subsystems] No new subsystems found in resolved package list.
[Package Manager] Done registering packages in 0.00 seconds
Starting: C:\Program Files\Unity\Hub\Editor\6000.3.20f1\Editor\Data\Tools\BuildPipeline\bee_backend.exe --ipc --defer-dag-verification --dagfile="Library/Bee/1900b0aE.dag" --continue-on-failure --profile="Library/Bee/backend1.traceevents" ScriptAssemblies
WorkingDir: D:/codex-project-mystery
DisplayProgressbar: Compiling Scripts
ExitCode: 4 Duration: 0s541ms
Rebuilding DAG because FileSignature timestamp changed: Library/Bee/1900b0aE-inputdata.json
*** Tundra requires additional run (0.46 seconds), 0 items updated, 575 evaluated
Starting: C:\Program Files\Unity\Hub\Editor\6000.3.20f1\Editor\Data\netcorerun\netcorerun.exe "C:\Program Files\Unity\Hub\Editor\6000.3.20f1\Editor\Data\Tools\BuildPipeline\ScriptCompilationBuildProgram.exe" "Library/Bee/1900b0aE.dag.json" "Library/Bee/1900b0aE-inputdata.json" "Library\Bee\buildprogram0.traceevents"
WorkingDir: D:/codex-project-mystery
ExitCode: 0 Duration: 1s423ms
Starting: C:\Program Files\Unity\Hub\Editor\6000.3.20f1\Editor\Data\Tools\BuildPipeline\bee_backend.exe --ipc --defer-dag-verification --dagfile="Library/Bee/1900b0aE.dag" --continue-on-failure --dagfilejson="Library\Bee\1900b0aE.dag.json" --profile="Library/Bee/backend2.traceevents" ScriptAssemblies
WorkingDir: D:/codex-project-mystery
ExitCode: 0 Duration: 13s
Finished compiling graph: 1055 nodes, 19792 flattened edges (16384 ToBuild, 168 ToUse), maximum node priority 1167
[  60/1052  0s] WriteText Library/Bee/artifacts/1900b0aE.dag/UnityEngine.TestRunner.rsp2
[  69/1052  0s] WriteText Library/Bee/artifacts/1900b0aE.dag/UnityEngine.TestRunner.UnityAdditionalFile.txt
[ 149/1052  0s] WriteText Library/Bee/artifacts/1900b0aE.dag/UnityEngine.UI.rsp2
[ 156/1052  0s] WriteText Library/Bee/artifacts/1900b0aE.dag/UnityEngine.UI.UnityAdditionalFile.txt
[ 169/1052  0s] WriteText Library/Bee/artifacts/1900b0aE.dag/UnityEditor.TestRunner.UnityAdditionalFile.txt
[ 170/1052  0s] WriteText Library/Bee/artifacts/1900b0aE.dag/UnityEditor.TestRunner.rsp2
[ 171/1052  0s] WriteText Library/Bee/artifacts/1900b0aE.dag/Unity.Burst.rsp2
[ 172/1052  0s] WriteText Library/Bee/artifacts/1900b0aE.dag/UnityEditor.UI.rsp2
[ 173/1052  0s] WriteText Library/Bee/artifacts/1900b0aE.dag/Unity.Mathematics.UnityAdditionalFile.txt
[ 174/1052  0s] WriteText Library/Bee/artifacts/1900b0aE.dag/Unity.Burst.UnityAdditionalFile.txt
[ 175/1052  0s] WriteText Library/Bee/artifacts/1900b0aE.dag/Unity.Collections.UnityAdditionalFile.txt
[ 177/1052  0s] WriteText Library/Bee/artifacts/1900b0aE.dag/Unity.Mathematics.rsp2
[ 178/1052  0s] WriteText Library/Bee/artifacts/1900b0aE.dag/UnityEditor.UI.UnityAdditionalFile.txt
[ 189/1052  0s] WriteText Library/Bee/artifacts/1900b0aE.dag/Unity.InputSystem.rsp2
[ 190/1052  0s] WriteText Library/Bee/artifacts/1900b0aE.dag/Unity.Burst.CodeGen.rsp2
[ 191/1052  0s] WriteText Library/Bee/artifacts/1900b0aE.dag/Unity.Collections.rsp2
[ 192/1052  0s] WriteText Library/Bee/artifacts/1900b0aE.dag/Unity.Collections.CodeGen.UnityAdditionalFile.txt
[ 193/1052  0s] WriteText Library/Bee/artifacts/1900b0aE.dag/Unity.InputSystem.UnityAdditionalFile.txt
[ 194/1052  0s] WriteText Library/Bee/artifacts/1900b0aE.dag/Unity.Collections.CodeGen.rsp2
[ 195/1052  0s] WriteText Library/Bee/artifacts/1900b0aE.dag/Unity.Burst.CodeGen.UnityAdditionalFile.txt
[ 196/1052  0s] WriteText Library/Bee/artifacts/1900b0aE.dag/Unity.UnifiedRayTracing.Runtime.rsp2
[ 197/1052  0s] WriteText Library/Bee/artifacts/1900b0aE.dag/Unity.RenderPipelines.Core.Runtime.UnityAdditionalFile.txt
[ 201/1052  0s] WriteText Library/Bee/artifacts/1900b0aE.dag/Unity.RenderPipelines.Core.Runtime.Shared.rsp2
[ 204/1052  0s] WriteText Library/Bee/artifacts/1900b0aE.dag/Unity.UnifiedRayTracing.Runtime.UnityAdditionalFile.txt
[ 209/1052  0s] WriteText Library/Bee/artifacts/1900b0aE.dag/Unity.RenderPipeline.Universal.ShaderLibrary.rsp2
[ 211/1052  0s] WriteText Library/Bee/artifacts/1900b0aE.dag/Unity.RenderPipeline.Universal.ShaderLibrary.UnityAdditionalFile.txt
[ 212/1052  0s] WriteText Library/Bee/artifacts/1900b0aE.dag/Unity.RenderPipelines.Core.Runtime.Shared.UnityAdditionalFile.txt
[ 213/1052  0s] WriteText Library/Bee/artifacts/1900b0aE.dag/Unity.RenderPipelines.Core.Runtime.rsp2
[ 214/1052  0s] WriteText Library/Bee/artifacts/1900b0aE.dag/Unity.RenderPipelines.GPUDriven.Runtime.rsp2
[ 217/1052  0s] WriteText Library/Bee/artifacts/1900b0aE.dag/Unity.InternalAPIEngineBridge.001.UnityAdditionalFile.txt
[ 219/1052  0s] WriteText Library/Bee/artifacts/1900b0aE.dag/Unity.RenderPipelines.GPUDriven.Runtime.UnityAdditionalFile.txt
[ 220/1052  0s] WriteText Library/Bee/artifacts/1900b0aE.dag/Unity.2D.Common.Runtime.rsp2
[ 222/1052  0s] WriteText Library/Bee/artifacts/1900b0aE.dag/Unity.RenderPipelines.Universal.Config.Runtime.rsp2
[ 223/1052  0s] WriteText Library/Bee/artifacts/1900b0aE.dag/Unity.InternalAPIEngineBridge.001.rsp2
[ 226/1052  0s] WriteText Library/Bee/artifacts/1900b0aE.dag/Unity.RenderPipelines.Universal.Config.Runtime.UnityAdditionalFile.txt
[ 231/1052  0s] WriteText Library/Bee/artifacts/1900b0aE.dag/Unity.VisualScripting.Core.rsp2
[ 232/1052  0s] WriteText Library/Bee/artifacts/1900b0aE.dag/Unity.RenderPipelines.Universal.Runtime.UnityAdditionalFile.txt
[ 233/1052  0s] WriteText Library/Bee/artifacts/1900b0aE.dag/Unity.RenderPipelines.Universal.Runtime.rsp2
[ 234/1052  0s] WriteText Library/Bee/artifacts/1900b0aE.dag/Unity.VisualScripting.Core.UnityAdditionalFile.txt
[ 235/1052  0s] WriteText Library/Bee/artifacts/1900b0aE.dag/Unity.2D.Sprite.Editor.rsp2
[ 236/1052  0s] WriteText Library/Bee/artifacts/1900b0aE.dag/Unity.2D.Common.Runtime.UnityAdditionalFile.txt
[ 240/1052  0s] WriteText Library/Bee/artifacts/1900b0aE.dag/Unity.2D.Animation.Runtime.rsp2
[ 242/1052  0s] WriteText Library/Bee/artifacts/1900b0aE.dag/Unity.2D.Animation.Runtime.UnityAdditionalFile.txt
[ 243/1052  0s] WriteText Library/Bee/artifacts/1900b0aE.dag/Unity.2D.Sprite.Editor.UnityAdditionalFile.txt
[ 245/1052  0s] WriteText Library/Bee/artifacts/1900b0aE.dag/Unity.VisualScripting.Flow.UnityAdditionalFile.txt
[ 246/1052  0s] WriteText Library/Bee/artifacts/1900b0aE.dag/Unity.VisualScripting.Flow.rsp2
[ 249/1052  0s] WriteText Library/Bee/artifacts/1900b0aE.dag/Unity.RenderPipelines.Core.Editor.UnityAdditionalFile.txt
[ 252/1052  0s] WriteResponseFile Library/Bee/artifacts/rsp/4747638433968585886.rsp
[ 254/1052  0s] WriteText Library/Bee/artifacts/1900b0aE.dag/Unity.VisualScripting.Core.Editor.rsp2
[ 255/1052  0s] WriteText Library/Bee/artifacts/1900b0aE.dag/Unity.RenderPipelines.Core.Editor.rsp2
[ 256/1052  0s] WriteText Library/Bee/artifacts/1900b0aE.dag/Unity.2D.SpriteShape.Runtime.UnityAdditionalFile.txt
[ 259/1052  0s] WriteText Library/Bee/artifacts/1900b0aE.dag/Unity.VisualScripting.Core.Editor.UnityAdditionalFile.txt
[ 261/1052  0s] WriteText Library/Bee/artifacts/1900b0aE.dag/Unity.2D.SpriteShape.Runtime.rsp2
[ 262/1052  0s] WriteText Library/Bee/artifacts/1900b0aE.dag/Unity.InternalAPIEditorBridge.001.rsp2
[ 263/1052  0s] WriteText Library/Bee/artifacts/1900b0aE.dag/Unity.InternalAPIEditorBridge.001.UnityAdditionalFile.txt
[ 264/1052  0s] WriteText Library/Bee/artifacts/1900b0aE.dag/Unity.Searcher.Editor.rsp2
[ 266/1052  0s] WriteText Library/Bee/artifacts/1900b0aE.dag/Unity.2D.Common.Editor.rsp2
[ 267/1052  0s] WriteText Library/Bee/artifacts/1900b0aE.dag/Unity.Searcher.Editor.UnityAdditionalFile.txt
[ 270/1052  0s] WriteText Library/Bee/artifacts/1900b0aE.dag/Unity.2D.Common.Editor.UnityAdditionalFile.txt
[ 272/1052  0s] WriteText Library/Bee/artifacts/1900b0aE.dag/Unity.ShaderGraph.Utilities.rsp2
[ 278/1052  0s] WriteText Library/Bee/artifacts/1900b0aE.dag/Unity.ShaderGraph.Utilities.UnityAdditionalFile.txt
[ 279/1052  0s] WriteText Library/Bee/artifacts/1900b0aE.dag/Unity.2D.Tilemap.Editor.rsp2
[ 280/1052  0s] WriteText Library/Bee/artifacts/1900b0aE.dag/Unity.2D.Tilemap.Editor.UnityAdditionalFile.txt
[ 281/1052  0s] WriteText Library/Bee/artifacts/1900b0aE.dag/Unity.VisualScripting.State.UnityAdditionalFile.txt
[ 282/1052  0s] WriteText Library/Bee/artifacts/1900b0aE.dag/Unity.ShaderGraph.Editor.UnityAdditionalFile.txt
[ 283/1052  0s] WriteText Library/Bee/artifacts/1900b0aE.dag/Unity.InternalAPIEngineBridge.004.rsp2
[ 284/1052  0s] WriteText Library/Bee/artifacts/1900b0aE.dag/Unity.VisualScripting.State.rsp2
[ 285/1052  0s] WriteText Library/Bee/artifacts/1900b0aE.dag/Unity.VisualScripting.Flow.Editor.UnityAdditionalFile.txt
[ 286/1052  0s] WriteText Library/Bee/artifacts/1900b0aE.dag/Unity.VisualScripting.Flow.Editor.rsp2
[ 288/1052  0s] WriteText Library/Bee/artifacts/1900b0aE.dag/Unity.RenderPipelines.Core.Editor.Shared.UnityAdditionalFile.txt
[ 289/1052  0s] WriteText Library/Bee/artifacts/1900b0aE.dag/Unity.RenderPipelines.Universal.2D.Runtime.UnityAdditionalFile.txt
[ 290/1052  0s] WriteText Library/Bee/artifacts/1900b0aE.dag/Unity.Burst.Editor.UnityAdditionalFile.txt
[ 291/1052  0s] WriteText Library/Bee/artifacts/1900b0aE.dag/Unity.2D.Common.Path.Editor.rsp2
[ 292/1052  0s] WriteText Library/Bee/artifacts/1900b0aE.dag/Unity.RenderPipelines.Core.Editor.Shared.rsp2
[ 303/1052  0s] WriteText Library/Bee/artifacts/1900b0aE.dag/Unity.InternalAPIEngineBridge.004.UnityAdditionalFile.txt
[ 304/1052  0s] WriteText Library/Bee/artifacts/1900b0aE.dag/Unity.2D.Common.Path.Editor.UnityAdditionalFile.txt
[ 305/1052  0s] WriteText Library/Bee/artifacts/1900b0aE.dag/Unity.RenderPipelines.Universal.2D.Runtime.rsp2
[ 311/1052  0s] WriteText Library/Bee/artifacts/1900b0aE.dag/Unity.Burst.Editor.rsp2
[ 312/1052  0s] WriteText Library/Bee/artifacts/1900b0aE.dag/Unity.Mathematics.Editor.UnityAdditionalFile.txt
[ 313/1052  0s] WriteText Library/Bee/artifacts/1900b0aE.dag/Unity.ShaderGraph.Editor.rsp2
[ 314/1052  0s] WriteText Library/Bee/artifacts/1900b0aE.dag/Unity.Mathematics.Editor.rsp2
[ 315/1052  0s] WriteText Library/Bee/artifacts/1900b0aE.dag/Unity.TextMeshPro.UnityAdditionalFile.txt
[ 316/1052  0s] WriteText Library/Bee/artifacts/1900b0aE.dag/Unity.TextMeshPro.rsp2
[ 317/1052  0s] WriteText Library/Bee/artifacts/1900b0aE.dag/Unity.2D.Animation.Editor.UnityAdditionalFile.txt
[ 318/1052  0s] WriteText Library/Bee/artifacts/1900b0aE.dag/Unity.VisualScripting.State.Editor.rsp2
[ 319/1052  0s] WriteText Library/Bee/artifacts/1900b0aE.dag/Unity.2D.Tilemap.Extras.rsp2
[ 320/1052  0s] WriteText Library/Bee/artifacts/1900b0aE.dag/Unity.2D.Animation.Editor.rsp2
[ 321/1052  0s] WriteText Library/Bee/artifacts/1900b0aE.dag/Unity.VisualScripting.State.Editor.UnityAdditionalFile.txt
[ 323/1052  0s] WriteText Library/Bee/artifacts/1900b0aE.dag/Unity.Timeline.UnityAdditionalFile.txt
[ 324/1052  0s] WriteText Library/Bee/artifacts/1900b0aE.dag/Unity.Multiplayer.Center.Common.rsp2
[ 327/1052  0s] WriteText Library/Bee/artifacts/1900b0aE.dag/Unity.2D.Tilemap.Extras.UnityAdditionalFile.txt
[ 333/1052  0s] WriteText Library/Bee/artifacts/1900b0aE.dag/Unity.2D.IK.Runtime.UnityAdditionalFile.txt
[ 334/1052  0s] WriteText Library/Bee/artifacts/1900b0aE.dag/Unity.2D.IK.Runtime.rsp2
[ 335/1052  0s] WriteText Library/Bee/artifacts/1900b0aE.dag/Unity.Timeline.rsp2
[ 336/1052  0s] WriteText Library/Bee/artifacts/1900b0aE.dag/Unity.Multiplayer.Center.Common.UnityAdditionalFile.txt
[ 337/1052  0s] WriteText Library/Bee/artifacts/1900b0aE.dag/Unity.2D.Aseprite.Common.rsp2
[ 340/1052  0s] WriteText Library/Bee/artifacts/1900b0aE.dag/Unity.2D.Aseprite.Common.UnityAdditionalFile.txt
[ 353/1052  0s] WriteText Library/Bee/artifacts/1900b0aE.dag/Unity.PlasticSCM.Editor.rsp2
[ 354/1052  0s] WriteText Library/Bee/artifacts/1900b0aE.dag/Unity.PlasticSCM.Editor.UnityAdditionalFile.txt
[ 355/1052  0s] WriteText Library/Bee/artifacts/1900b0aE.dag/Unity.RenderPipelines.Universal.Editor.rsp2
[ 356/1052  0s] WriteText Library/Bee/artifacts/1900b0aE.dag/PsdPlugin.UnityAdditionalFile.txt
[ 357/1052  0s] WriteText Library/Bee/artifacts/1900b0aE.dag/PsdPlugin.rsp2
[ 358/1052  0s] WriteText Library/Bee/artifacts/1900b0aE.dag/MCPForUnity.Runtime.UnityAdditionalFile.txt
[ 359/1052  0s] WriteText Library/Bee/artifacts/1900b0aE.dag/Unity.VisualStudio.Editor.rsp2
[ 360/1052  0s] WriteText Library/Bee/artifacts/1900b0aE.dag/Unity.RenderPipelines.Universal.Editor.UnityAdditionalFile.txt
[ 361/1052  0s] WriteText Library/Bee/artifacts/1900b0aE.dag/Unity.Rider.Editor.rsp2
[ 362/1052  0s] WriteText Library/Bee/artifacts/1900b0aE.dag/Unity.Rider.Editor.UnityAdditionalFile.txt
[ 363/1052  0s] WriteText Library/Bee/artifacts/1900b0aE.dag/Unity.VisualStudio.Editor.UnityAdditionalFile.txt
[ 364/1052  0s] WriteText Library/Bee/artifacts/1900b0aE.dag/Unity.Timeline.Editor.rsp2
[ 365/1052  0s] WriteText Library/Bee/artifacts/1900b0aE.dag/MCPForUnity.Runtime.rsp2
[ 366/1052  0s] WriteText Library/Bee/artifacts/1900b0aE.dag/Unity.TextMeshPro.Editor.UnityAdditionalFile.txt
[ 367/1052  0s] WriteText Library/Bee/artifacts/1900b0aE.dag/Unity.Rendering.LightTransport.Editor.rsp2
[ 368/1052  0s] WriteText Library/Bee/artifacts/1900b0aE.dag/Unity.Multiplayer.Center.Editor.UnityAdditionalFile.txt
[ 369/1052  0s] WriteText Library/Bee/artifacts/1900b0aE.dag/Unity.Multiplayer.Center.Editor.rsp2
[ 370/1052  0s] WriteText Library/Bee/artifacts/1900b0aE.dag/Unity.2D.Aseprite.Editor.UnityAdditionalFile.txt
[ 371/1052  0s] WriteText Library/Bee/artifacts/1900b0aE.dag/Unity.2D.Psdimporter.Editor.rsp2
[ 372/1052  0s] WriteText Library/Bee/artifacts/1900b0aE.dag/Unity.2D.Aseprite.Editor.rsp2
[ 373/1052  0s] WriteText Library/Bee/artifacts/1900b0aE.dag/Unity.2D.IK.Editor.UnityAdditionalFile.txt
[ 374/1052  0s] WriteText Library/Bee/artifacts/1900b0aE.dag/Unity.TextMeshPro.Editor.rsp2
[ 375/1052  0s] WriteText Library/Bee/artifacts/1900b0aE.dag/Unity.RenderPipelines.Core.ShaderLibrary.UnityAdditionalFile.txt
[ 376/1052  0s] WriteText Library/Bee/artifacts/1900b0aE.dag/Unity.Timeline.Editor.UnityAdditionalFile.txt
[ 377/1052  0s] WriteText Library/Bee/artifacts/1900b0aE.dag/Unity.VisualScripting.SettingsProvider.Editor.UnityAdditionalFile.txt
[ 378/1052  0s] WriteText Library/Bee/artifacts/1900b0aE.dag/Unity.VisualScripting.Shared.Editor.UnityAdditionalFile.txt
[ 379/1052  0s] WriteText Library/Bee/artifacts/1900b0aE.dag/Unity.VisualScripting.SettingsProvider.Editor.rsp2
[ 380/1052  0s] WriteText Library/Bee/artifacts/1900b0aE.dag/Unity.RenderPipelines.Core.ShaderLibrary.rsp2
[ 381/1052  0s] WriteText Library/Bee/artifacts/1900b0aE.dag/Unity.2D.Psdimporter.Editor.UnityAdditionalFile.txt
[ 382/1052  0s] WriteText Library/Bee/artifacts/1900b0aE.dag/Unity.RenderPipelines.ShaderGraph.ShaderGraphLibrary.UnityAdditionalFile.txt
[ 383/1052  0s] WriteText Library/Bee/artifacts/1900b0aE.dag/Unity.InputSystem.ForUI.rsp2
[ 384/1052  0s] WriteText Library/Bee/artifacts/1900b0aE.dag/Unity.RenderPipelines.ShaderGraph.ShaderGraphLibrary.rsp2
[ 385/1052  0s] WriteText Library/Bee/artifacts/1900b0aE.dag/UnityEditor.UI.Analytics.UnityAdditionalFile.txt
[ 386/1052  0s] WriteText Library/Bee/artifacts/1900b0aE.dag/UnityEditor.UI.Analytics.rsp2
[ 387/1052  0s] WriteText Library/Bee/artifacts/1900b0aE.dag/Unity.RenderPipelines.Universal.2D.Editor.Overrides.UnityAdditionalFile.txt
[ 388/1052  0s] WriteText Library/Bee/artifacts/1900b0aE.dag/Unity.2D.IK.Editor.rsp2
[ 389/1052  0s] WriteText Library/Bee/artifacts/1900b0aE.dag/Unity.RenderPipelines.Universal.2D.Editor.Overrides.rsp2
[ 390/1052  0s] WriteText Library/Bee/artifacts/1900b0aE.dag/Unity.Rendering.LightTransport.Editor.UnityAdditionalFile.txt
[ 392/1052  0s] WriteText Library/Bee/artifacts/1900b0aE.dag/Unity.RenderPipelines.Universal.Shaders.rsp2
[ 394/1052  0s] WriteText Library/Bee/artifacts/1900b0aE.dag/Unity.RenderPipelines.Universal.Shaders.UnityAdditionalFile.txt
[ 398/1052  0s] WriteText Library/Bee/artifacts/1900b0aE.dag/Unity.VisualScripting.Shared.Editor.rsp2
[ 400/1052  0s] WriteText Library/Bee/artifacts/1900b0aE.dag/Unity.InputSystem.ForUI.UnityAdditionalFile.txt
[ 406/1052  0s] WriteText Library/Bee/artifacts/1900b0aE.dag/Unity.2D.Tooling.Editor.rsp2
[ 409/1052  0s] WriteText Library/Bee/artifacts/1900b0aE.dag/Unity.Collections.Editor.UnityAdditionalFile.txt
[ 414/1052  0s] WriteText Library/Bee/artifacts/1900b0aE.dag/Unity.2D.Tilemap.Extras.Editor.rsp2
[ 417/1052  0s] WriteText Library/Bee/artifacts/1900b0aE.dag/Unity.2D.Tooling.Editor.UnityAdditionalFile.txt
[ 433/1052  0s] WriteText Library/Bee/artifacts/1900b0aE.dag/Unity.Collections.Editor.rsp2
[ 454/1052  0s] WriteText Library/Bee/artifacts/1900b0aE.dag/Unity.2D.SpriteShape.Editor.rsp2
[ 455/1052  0s] WriteText Library/Bee/artifacts/1900b0aE.dag/Unity.2D.Tilemap.Extras.Editor.UnityAdditionalFile.txt
[ 456/1052  0s] WriteText Library/Bee/artifacts/1900b0aE.dag/Unity.2D.SpriteShape.Editor.UnityAdditionalFile.txt
[ 457/1052  0s] WriteText Library/Bee/artifacts/1900b0aE.dag/Unity.PerformanceTesting.UnityAdditionalFile.txt
[ 464/1052  0s] WriteText Library/Bee/artifacts/1900b0aE.dag/Unity.PerformanceTesting.rsp2
[ 465/1052  0s] WriteText Library/Bee/artifacts/1900b0aE.dag/MCPForUnity.Editor.UnityAdditionalFile.txt
[ 466/1052  0s] WriteText Library/Bee/artifacts/1900b0aE.dag/MCPForUnity.Editor.rsp2
[ 467/1052  0s] WriteText Library/Bee/artifacts/1900b0aE.dag/PPv2URPConverters.rsp2
[ 468/1052  0s] WriteText Library/Bee/artifacts/1900b0aE.dag/Unity.VisualScripting.DocCodeExamples.UnityAdditionalFile.txt
[ 469/1052  0s] WriteText Library/Bee/artifacts/1900b0aE.dag/PPv2URPConverters.UnityAdditionalFile.txt
[ 471/1052  0s] WriteText Library/Bee/artifacts/1900b0aE.dag/Unity.InputSystem.TestFramework.UnityAdditionalFile.txt
[ 472/1052  0s] WriteText Library/Bee/artifacts/1900b0aE.dag/Unity.VisualScripting.DocCodeExamples.rsp2
[ 473/1052  0s] WriteText Library/Bee/artifacts/1900b0aE.dag/Assembly-CSharp.UnityAdditionalFile.txt
[ 480/1052  0s] WriteText Library/Bee/artifacts/1900b0aE.dag/Unity.PerformanceTesting.Editor.UnityAdditionalFile.txt
[ 481/1052  0s] WriteText Library/Bee/artifacts/1900b0aE.dag/Unity.CollabProxy.Editor.rsp2
[ 482/1052  0s] WriteText Library/Bee/artifacts/1900b0aE.dag/Unity.PlasticSCM.Editor.Entities.UnityAdditionalFile.txt
[ 483/1052  0s] WriteText Library/Bee/artifacts/1900b0aE.dag/ScriptablePacker.UnityAdditionalFile.txt
[ 484/1052  0s] WriteText Library/Bee/artifacts/1900b0aE.dag/Unity.InputSystem.TestFramework.rsp2
[ 485/1052  0s] WriteText Library/Bee/artifacts/1900b0aE.dag/Unity.InputSystem.DocCodeSamples.UnityAdditionalFile.txt
[ 486/1052  0s] WriteResponseFile Library/Bee/artifacts/rsp/15085861467720516389.rsp
[ 487/1052  0s] WriteResponseFile Library/Bee/artifacts/rsp/10411718816959651794.rsp
[ 488/1052  0s] WriteText Library/Bee/artifacts/1900b0aE.dag/Unity.PlasticSCM.Editor.Entities.rsp2
[ 489/1052  0s] WriteText Library/Bee/artifacts/1900b0aE.dag/ScriptablePacker.rsp2
[ 490/1052  0s] WriteText Library/Bee/artifacts/1900b0aE.dag/Unity.CollabProxy.Editor.UnityAdditionalFile.txt
[ 491/1052  0s] WriteResponseFile Library/Bee/artifacts/rsp/11294775302662683298.rsp
[ 492/1052  0s] WriteText Library/Bee/artifacts/1900b0aE.dag/Unity.InputSystem.DocCodeSamples.rsp2
[ 493/1052  0s] WriteResponseFile Library/Bee/artifacts/rsp/10654656162358534522.rsp
[ 494/1052  0s] WriteResponseFile Library/Bee/artifacts/rsp/10010842633742469623.rsp
[ 495/1052  0s] WriteText Library/Bee/artifacts/1900b0aE.dag/Unity.PerformanceTesting.Editor.rsp2
[ 496/1052  0s] WriteResponseFile Library/Bee/artifacts/rsp/6926050050839106864.rsp
[ 497/1052  0s] WriteResponseFile Library/Bee/artifacts/rsp/10571807241835812913.rsp
[ 498/1052  0s] WriteResponseFile Library/Bee/artifacts/rsp/13686715218353603589.rsp
[ 501/1052  0s] WriteResponseFile Library/Bee/artifacts/rsp/7606483801609891643.rsp
[ 505/1052  0s] WriteResponseFile Library/Bee/artifacts/rsp/18218310762646611085.rsp
[ 506/1052  0s] WriteResponseFile Library/Bee/artifacts/rsp/7038082120299526273.rsp
[ 507/1052  0s] WriteResponseFile Library/Bee/artifacts/rsp/5546506141355401238.rsp
[ 508/1052  0s] WriteResponseFile Library/Bee/artifacts/rsp/17346584914308636752.rsp
[ 509/1052  0s] WriteResponseFile Library/Bee/artifacts/rsp/1418726328684876121.rsp
[ 510/1052  0s] WriteResponseFile Library/Bee/artifacts/rsp/3258459190130463912.rsp
[ 511/1052  0s] WriteResponseFile Library/Bee/artifacts/rsp/1410676725171572189.rsp
[ 512/1052  0s] WriteResponseFile Library/Bee/artifacts/rsp/10678863128556690338.rsp
[ 513/1052  0s] WriteResponseFile Library/Bee/artifacts/rsp/13909235412005675431.rsp
[ 514/1052  0s] WriteResponseFile Library/Bee/artifacts/rsp/8899139255040401798.rsp
[ 515/1052  0s] WriteResponseFile Library/Bee/artifacts/rsp/4691676790321305727.rsp
[ 516/1052  0s] WriteResponseFile Library/Bee/artifacts/rsp/17525389461119239690.rsp
[ 517/1052  0s] WriteResponseFile Library/Bee/artifacts/rsp/11344994280883157806.rsp
[ 518/1052  0s] WriteResponseFile Library/Bee/artifacts/rsp/5249134988916615986.rsp
[ 519/1052  0s] WriteResponseFile Library/Bee/artifacts/rsp/2157608619508796868.rsp
[ 520/1052  0s] WriteResponseFile Library/Bee/artifacts/rsp/9870516708743257357.rsp
[ 521/1052  0s] WriteResponseFile Library/Bee/artifacts/rsp/3064155424177982801.rsp
[ 522/1052  0s] WriteResponseFile Library/Bee/artifacts/rsp/10397561839769426034.rsp
[ 523/1052  0s] WriteResponseFile Library/Bee/artifacts/rsp/11932646040550446581.rsp
[ 524/1052  0s] WriteResponseFile Library/Bee/artifacts/rsp/9362519405459664194.rsp
[ 525/1052  0s] WriteResponseFile Library/Bee/artifacts/rsp/5806762800881712256.rsp
[ 526/1052  0s] WriteResponseFile Library/Bee/artifacts/rsp/2897256077774953845.rsp
[ 527/1052  0s] WriteResponseFile Library/Bee/artifacts/rsp/4014436084419441659.rsp
[ 528/1052  0s] WriteResponseFile Library/Bee/artifacts/rsp/1237274906319909237.rsp
[ 529/1052  0s] WriteResponseFile Library/Bee/artifacts/rsp/12900333509587573630.rsp
[ 530/1052  0s] WriteResponseFile Library/Bee/artifacts/rsp/10142702499866438521.rsp
[ 531/1052  0s] WriteResponseFile Library/Bee/artifacts/rsp/8336928665352126947.rsp
[ 532/1052  0s] WriteResponseFile Library/Bee/artifacts/rsp/5916180605834378387.rsp
[ 533/1052  0s] WriteResponseFile Library/Bee/artifacts/rsp/5803490648119114145.rsp
[ 534/1052  0s] WriteResponseFile Library/Bee/artifacts/rsp/7896521298153392796.rsp
[ 535/1052  0s] WriteResponseFile Library/Bee/artifacts/rsp/12248871281822510316.rsp
[ 536/1052  0s] WriteResponseFile Library/Bee/artifacts/rsp/3938377011463375229.rsp
[ 537/1052  0s] WriteResponseFile Library/Bee/artifacts/rsp/14566447020836459352.rsp
[ 538/1052  0s] WriteResponseFile Library/Bee/artifacts/rsp/5521740788080646575.rsp
[ 539/1052  0s] WriteResponseFile Library/Bee/artifacts/rsp/17738801749825545598.rsp
[ 540/1052  0s] WriteResponseFile Library/Bee/artifacts/rsp/6841316898876630997.rsp
[ 541/1052  0s] WriteResponseFile Library/Bee/artifacts/rsp/2240406767038398906.rsp
[ 542/1052  0s] WriteResponseFile Library/Bee/artifacts/rsp/6262281476893245489.rsp
[ 543/1052  0s] WriteResponseFile Library/Bee/artifacts/rsp/3388064732626934676.rsp
[ 544/1052  0s] WriteResponseFile Library/Bee/artifacts/rsp/10292501669419677951.rsp
[ 545/1052  0s] WriteResponseFile Library/Bee/artifacts/rsp/1723042715960067801.rsp
[ 546/1052  0s] WriteResponseFile Library/Bee/artifacts/rsp/9703144790800738880.rsp
[ 547/1052  0s] WriteResponseFile Library/Bee/artifacts/rsp/8863518860715653438.rsp
[ 548/1052  0s] WriteResponseFile Library/Bee/artifacts/rsp/1000725841676588325.rsp
[ 549/1052  0s] WriteResponseFile Library/Bee/artifacts/rsp/11295897478892413411.rsp
[ 550/1052  0s] WriteResponseFile Library/Bee/artifacts/rsp/17296387151066238333.rsp
[ 551/1052  0s] WriteResponseFile Library/Bee/artifacts/rsp/12812556936427222528.rsp
[ 552/1052  0s] WriteResponseFile Library/Bee/artifacts/rsp/1434165222724478427.rsp
[ 553/1052  0s] WriteResponseFile Library/Bee/artifacts/rsp/13439087796855272166.rsp
[ 554/1052  0s] WriteResponseFile Library/Bee/artifacts/rsp/6210570011482043853.rsp
[ 555/1052  0s] WriteResponseFile Library/Bee/artifacts/rsp/15312589170787849123.rsp
[ 556/1052  0s] WriteResponseFile Library/Bee/artifacts/rsp/9675442845102135732.rsp
[ 557/1052  0s] WriteResponseFile Library/Bee/artifacts/rsp/1488387367365330867.rsp
[ 558/1052  0s] WriteResponseFile Library/Bee/artifacts/rsp/2499735490941455596.rsp
[ 559/1052  0s] WriteResponseFile Library/Bee/artifacts/rsp/3648465134513896125.rsp
[ 560/1052  0s] WriteResponseFile Library/Bee/artifacts/rsp/7759033573704817190.rsp
[ 561/1052  0s] WriteResponseFile Library/Bee/artifacts/rsp/11820488456832421373.rsp
[ 562/1052  0s] WriteResponseFile Library/Bee/artifacts/rsp/14814235663552238418.rsp
[ 563/1052  0s] WriteResponseFile Library/Bee/artifacts/rsp/15183149355271759364.rsp
[ 564/1052  0s] WriteResponseFile Library/Bee/artifacts/rsp/15394042617203071315.rsp
[ 567/1052  0s] WriteResponseFile Library/Bee/artifacts/rsp/6413563044966999158.rsp
[ 568/1052  0s] WriteResponseFile Library/Bee/artifacts/rsp/4772145154433932943.rsp
[ 569/1052  0s] WriteResponseFile Library/Bee/artifacts/rsp/9111662996337956171.rsp
[ 570/1052  0s] WriteResponseFile Library/Bee/artifacts/rsp/3043913547040211301.rsp
[ 571/1052  0s] WriteResponseFile Library/Bee/artifacts/rsp/13445476680238899994.rsp
[ 572/1052  0s] WriteResponseFile Library/Bee/artifacts/rsp/16942202937359522267.rsp
[ 573/1052  0s] WriteResponseFile Library/Bee/artifacts/rsp/12697856024727907050.rsp
[ 574/1052  0s] WriteResponseFile Library/Bee/artifacts/rsp/6947401630772442630.rsp
[ 575/1052  0s] WriteResponseFile Library/Bee/artifacts/rsp/10831531723267835799.rsp
[ 817/1052  0s] ILPP-Configuration Library/ilpp-configuration.nevergeneratedoutput
[ 818/1052  0s] ILPostProcess Library/Bee/artifacts/1900b0aE.dag/post-processed/Unity.InputSystem.TestFramework.dll (+pdb)
Processing assembly Library/Bee/artifacts/1900b0aE.dag/Unity.InputSystem.TestFramework.dll, with 140 defines and 261 references

processors: Unity.Jobs.CodeGen.JobsILPostProcessor, zzzUnity.Burst.CodeGen.BurstILPostProcessor

running Unity.Jobs.CodeGen.JobsILPostProcessor

running zzzUnity.Burst.CodeGen.BurstILPostProcessor
[ 819/1052  0s] ILPostProcess Library/Bee/artifacts/1900b0aE.dag/post-processed/Unity.PerformanceTesting.dll (+pdb)
Processing assembly Library/Bee/artifacts/1900b0aE.dag/Unity.PerformanceTesting.dll, with 140 defines and 259 references

processors: Unity.Jobs.CodeGen.JobsILPostProcessor, zzzUnity.Burst.CodeGen.BurstILPostProcessor

running Unity.Jobs.CodeGen.JobsILPostProcessor

running zzzUnity.Burst.CodeGen.BurstILPostProcessor
[ 820/1052  0s] ILPostProcess Library/Bee/artifacts/1900b0aE.dag/post-processed/Unity.VisualScripting.Flow.dll (+pdb)
Processing assembly Library/Bee/artifacts/1900b0aE.dag/Unity.VisualScripting.Flow.dll, with 147 defines and 278 references

processors: Unity.Jobs.CodeGen.JobsILPostProcessor, zzzUnity.Burst.CodeGen.BurstILPostProcessor

running Unity.Jobs.CodeGen.JobsILPostProcessor

running zzzUnity.Burst.CodeGen.BurstILPostProcessor
[ 821/1052  0s] ILPostProcess Library/Bee/artifacts/1900b0aE.dag/post-processed/Unity.TextMeshPro.dll (+pdb)
Processing assembly Library/Bee/artifacts/1900b0aE.dag/Unity.TextMeshPro.dll, with 140 defines and 277 references

processors: Unity.Jobs.CodeGen.JobsILPostProcessor, zzzUnity.Burst.CodeGen.BurstILPostProcessor

running Unity.Jobs.CodeGen.JobsILPostProcessor

running zzzUnity.Burst.CodeGen.BurstILPostProcessor
[ 822/1052  0s] ILPostProcess Library/Bee/artifacts/1900b0aE.dag/post-processed/Unity.RenderPipelines.Universal.Shaders.dll (+pdb)
Processing assembly Library/Bee/artifacts/1900b0aE.dag/Unity.RenderPipelines.Universal.Shaders.dll, with 139 defines and 276 references

processors: Unity.Jobs.CodeGen.JobsILPostProcessor, zzzUnity.Burst.CodeGen.BurstILPostProcessor

running Unity.Jobs.CodeGen.JobsILPostProcessor

running zzzUnity.Burst.CodeGen.BurstILPostProcessor
[ 823/1052  0s] ILPostProcess Library/Bee/artifacts/1900b0aE.dag/post-processed/Unity.VisualScripting.DocCodeExamples.dll (+pdb)
Processing assembly Library/Bee/artifacts/1900b0aE.dag/Unity.VisualScripting.DocCodeExamples.dll, with 139 defines and 261 references

processors: Unity.Jobs.CodeGen.JobsILPostProcessor, zzzUnity.Burst.CodeGen.BurstILPostProcessor

running Unity.Jobs.CodeGen.JobsILPostProcessor

running zzzUnity.Burst.CodeGen.BurstILPostProcessor
[ 824/1052  0s] ILPostProcess Library/Bee/artifacts/1900b0aE.dag/post-processed/Unity.InternalAPIEngineBridge.004.dll (+pdb)
Processing assembly Library/Bee/artifacts/1900b0aE.dag/Unity.InternalAPIEngineBridge.004.dll, with 139 defines and 276 references

processors: Unity.Jobs.CodeGen.JobsILPostProcessor, zzzUnity.Burst.CodeGen.BurstILPostProcessor

running Unity.Jobs.CodeGen.JobsILPostProcessor

running zzzUnity.Burst.CodeGen.BurstILPostProcessor
[ 825/1052  0s] ILPostProcess Library/Bee/artifacts/1900b0aE.dag/post-processed/Unity.VisualScripting.State.dll (+pdb)
Processing assembly Library/Bee/artifacts/1900b0aE.dag/Unity.VisualScripting.State.dll, with 139 defines and 278 references

processors: Unity.Jobs.CodeGen.JobsILPostProcessor, zzzUnity.Burst.CodeGen.BurstILPostProcessor

running Unity.Jobs.CodeGen.JobsILPostProcessor

running zzzUnity.Burst.CodeGen.BurstILPostProcessor
[ 826/1052  1s] ILPostProcess Library/Bee/artifacts/1900b0aE.dag/post-processed/Unity.InputSystem.ForUI.dll (+pdb)
Processing assembly Library/Bee/artifacts/1900b0aE.dag/Unity.InputSystem.ForUI.dll, with 139 defines and 277 references

processors: Unity.Jobs.CodeGen.JobsILPostProcessor, zzzUnity.Burst.CodeGen.BurstILPostProcessor

running Unity.Jobs.CodeGen.JobsILPostProcessor

running zzzUnity.Burst.CodeGen.BurstILPostProcessor
[ 827/1052  1s] ILPostProcess Library/Bee/artifacts/1900b0aE.dag/post-processed/Unity.InternalAPIEngineBridge.001.dll (+pdb)
Processing assembly Library/Bee/artifacts/1900b0aE.dag/Unity.InternalAPIEngineBridge.001.dll, with 139 defines and 276 references

processors: Unity.Jobs.CodeGen.JobsILPostProcessor, zzzUnity.Burst.CodeGen.BurstILPostProcessor

running Unity.Jobs.CodeGen.JobsILPostProcessor

running zzzUnity.Burst.CodeGen.BurstILPostProcessor
[ 828/1052  1s] ILPostProcess Library/Bee/artifacts/1900b0aE.dag/post-processed/Unity.RenderPipeline.Universal.ShaderLibrary.dll (+pdb)
Processing assembly Library/Bee/artifacts/1900b0aE.dag/Unity.RenderPipeline.Universal.ShaderLibrary.dll, with 139 defines and 277 references

processors: Unity.Jobs.CodeGen.JobsILPostProcessor, zzzUnity.Burst.CodeGen.BurstILPostProcessor

running Unity.Jobs.CodeGen.JobsILPostProcessor

running zzzUnity.Burst.CodeGen.BurstILPostProcessor
[ 829/1052  1s] ILPostProcess Library/Bee/artifacts/1900b0aE.dag/post-processed/Unity.Mathematics.dll (+pdb)
Processing assembly Library/Bee/artifacts/1900b0aE.dag/Unity.Mathematics.dll, with 139 defines and 276 references

processors: Unity.Jobs.CodeGen.JobsILPostProcessor, zzzUnity.Burst.CodeGen.BurstILPostProcessor

running Unity.Jobs.CodeGen.JobsILPostProcessor

running zzzUnity.Burst.CodeGen.BurstILPostProcessor
[ 830/1052  1s] ILPostProcess Library/Bee/artifacts/1900b0aE.dag/post-processed/Unity.VisualScripting.Core.dll (+pdb)
Processing assembly Library/Bee/artifacts/1900b0aE.dag/Unity.VisualScripting.Core.dll, with 144 defines and 277 references

processors: Unity.Jobs.CodeGen.JobsILPostProcessor, zzzUnity.Burst.CodeGen.BurstILPostProcessor

running Unity.Jobs.CodeGen.JobsILPostProcessor

running zzzUnity.Burst.CodeGen.BurstILPostProcessor
[ 831/1052  1s] ILPostProcess Library/Bee/artifacts/1900b0aE.dag/post-processed/Unity.RenderPipelines.Universal.2D.Runtime.dll (+pdb)
Processing assembly Library/Bee/artifacts/1900b0aE.dag/Unity.RenderPipelines.Universal.2D.Runtime.dll, with 144 defines and 283 references

processors: Unity.Jobs.CodeGen.JobsILPostProcessor, zzzUnity.Burst.CodeGen.BurstILPostProcessor

running Unity.Jobs.CodeGen.JobsILPostProcessor

running zzzUnity.Burst.CodeGen.BurstILPostProcessor
[ 832/1052  1s] ILPostProcess Library/Bee/artifacts/1900b0aE.dag/post-processed/Unity.Burst.dll (+pdb)
Processing assembly Library/Bee/artifacts/1900b0aE.dag/Unity.Burst.dll, with 139 defines and 260 references

processors: Unity.Jobs.CodeGen.JobsILPostProcessor, zzzUnity.Burst.CodeGen.BurstILPostProcessor

running Unity.Jobs.CodeGen.JobsILPostProcessor

running zzzUnity.Burst.CodeGen.BurstILPostProcessor
[ 833/1052  2s] ILPostProcess Library/Bee/artifacts/1900b0aE.dag/post-processed/Unity.Collections.dll (+pdb)
Processing assembly Library/Bee/artifacts/1900b0aE.dag/Unity.Collections.dll, with 141 defines and 278 references

processors: Unity.Jobs.CodeGen.JobsILPostProcessor, zzzUnity.Burst.CodeGen.BurstILPostProcessor

running Unity.Jobs.CodeGen.JobsILPostProcessor

running zzzUnity.Burst.CodeGen.BurstILPostProcessor
[ 834/1052  0s] ILPostProcess Library/Bee/artifacts/1900b0aE.dag/post-processed/Unity.Timeline.dll (+pdb)
Processing assembly Library/Bee/artifacts/1900b0aE.dag/Unity.Timeline.dll, with 140 defines and 276 references

processors: Unity.Jobs.CodeGen.JobsILPostProcessor, zzzUnity.Burst.CodeGen.BurstILPostProcessor

running Unity.Jobs.CodeGen.JobsILPostProcessor

running zzzUnity.Burst.CodeGen.BurstILPostProcessor
[ 835/1052  0s] ILPostProcess Library/Bee/artifacts/1900b0aE.dag/post-processed/MCPForUnity.Runtime.dll (+pdb)
Processing assembly Library/Bee/artifacts/1900b0aE.dag/MCPForUnity.Runtime.dll, with 139 defines and 276 references

processors: Unity.Jobs.CodeGen.JobsILPostProcessor, zzzUnity.Burst.CodeGen.BurstILPostProcessor

running Unity.Jobs.CodeGen.JobsILPostProcessor

running zzzUnity.Burst.CodeGen.BurstILPostProcessor
[ 836/1052  0s] ILPostProcess Library/Bee/artifacts/1900b0aE.dag/post-processed/Assembly-CSharp.dll (+pdb)
Processing assembly Library/Bee/artifacts/1900b0aE.dag/Assembly-CSharp.dll, with 139 defines and 332 references

processors: Unity.Jobs.CodeGen.JobsILPostProcessor, zzzUnity.Burst.CodeGen.BurstILPostProcessor

running Unity.Jobs.CodeGen.JobsILPostProcessor

running zzzUnity.Burst.CodeGen.BurstILPostProcessor
[ 837/1052  0s] ILPostProcess Library/Bee/artifacts/1900b0aE.dag/post-processed/Unity.Multiplayer.Center.Common.dll (+pdb)
Processing assembly Library/Bee/artifacts/1900b0aE.dag/Unity.Multiplayer.Center.Common.dll, with 139 defines and 276 references

processors: Unity.Jobs.CodeGen.JobsILPostProcessor, zzzUnity.Burst.CodeGen.BurstILPostProcessor

running Unity.Jobs.CodeGen.JobsILPostProcessor

running zzzUnity.Burst.CodeGen.BurstILPostProcessor
[ 838/1052  0s] ILPostProcess Library/Bee/artifacts/1900b0aE.dag/post-processed/Unity.RenderPipelines.ShaderGraph.ShaderGraphLibrary.dll (+pdb)
Processing assembly Library/Bee/artifacts/1900b0aE.dag/Unity.RenderPipelines.ShaderGraph.ShaderGraphLibrary.dll, with 139 defines and 276 references

processors: Unity.Jobs.CodeGen.JobsILPostProcessor, zzzUnity.Burst.CodeGen.BurstILPostProcessor

running Unity.Jobs.CodeGen.JobsILPostProcessor

running zzzUnity.Burst.CodeGen.BurstILPostProcessor
[ 839/1052  0s] ILPostProcess Library/Bee/artifacts/1900b0aE.dag/post-processed/Unity.InputSystem.dll (+pdb)
Processing assembly Library/Bee/artifacts/1900b0aE.dag/Unity.InputSystem.dll, with 150 defines and 276 references

processors: Unity.Jobs.CodeGen.JobsILPostProcessor, zzzUnity.Burst.CodeGen.BurstILPostProcessor

running Unity.Jobs.CodeGen.JobsILPostProcessor

running zzzUnity.Burst.CodeGen.BurstILPostProcessor
[ 840/1052  0s] ILPostProcess Library/Bee/artifacts/1900b0aE.dag/post-processed/Unity.RenderPipelines.Core.ShaderLibrary.dll (+pdb)
Processing assembly Library/Bee/artifacts/1900b0aE.dag/Unity.RenderPipelines.Core.ShaderLibrary.dll, with 139 defines and 276 references

processors: Unity.Jobs.CodeGen.JobsILPostProcessor, zzzUnity.Burst.CodeGen.BurstILPostProcessor

running Unity.Jobs.CodeGen.JobsILPostProcessor

running zzzUnity.Burst.CodeGen.BurstILPostProcessor
[ 841/1052  0s] ILPostProcess Library/Bee/artifacts/1900b0aE.dag/post-processed/Unity.2D.Tilemap.Extras.dll (+pdb)
Processing assembly Library/Bee/artifacts/1900b0aE.dag/Unity.2D.Tilemap.Extras.dll, with 139 defines and 277 references

processors: Unity.Jobs.CodeGen.JobsILPostProcessor, zzzUnity.Burst.CodeGen.BurstILPostProcessor

running Unity.Jobs.CodeGen.JobsILPostProcessor

running zzzUnity.Burst.CodeGen.BurstILPostProcessor
[ 842/1052  0s] ILPostProcess Library/Bee/artifacts/1900b0aE.dag/post-processed/Unity.RenderPipelines.Core.Runtime.Shared.dll (+pdb)
Processing assembly Library/Bee/artifacts/1900b0aE.dag/Unity.RenderPipelines.Core.Runtime.Shared.dll, with 139 defines and 277 references

processors: Unity.Jobs.CodeGen.JobsILPostProcessor, zzzUnity.Burst.CodeGen.BurstILPostProcessor

running Unity.Jobs.CodeGen.JobsILPostProcessor

running zzzUnity.Burst.CodeGen.BurstILPostProcessor
[ 843/1052  1s] ILPostProcess Library/Bee/artifacts/1900b0aE.dag/post-processed/Unity.2D.IK.Runtime.dll (+pdb)
Processing assembly Library/Bee/artifacts/1900b0aE.dag/Unity.2D.IK.Runtime.dll, with 139 defines and 280 references

processors: Unity.Jobs.CodeGen.JobsILPostProcessor, zzzUnity.Burst.CodeGen.BurstILPostProcessor

running Unity.Jobs.CodeGen.JobsILPostProcessor

running zzzUnity.Burst.CodeGen.BurstILPostProcessor
[ 844/1052  1s] ILPostProcess Library/Bee/artifacts/1900b0aE.dag/post-processed/Unity.RenderPipelines.Universal.Runtime.dll (+pdb)
Processing assembly Library/Bee/artifacts/1900b0aE.dag/Unity.RenderPipelines.Universal.Runtime.dll, with 146 defines and 284 references

processors: Unity.Jobs.CodeGen.JobsILPostProcessor, zzzUnity.Burst.CodeGen.BurstILPostProcessor

running Unity.Jobs.CodeGen.JobsILPostProcessor

running zzzUnity.Burst.CodeGen.BurstILPostProcessor
[ 845/1052  0s] ILPostProcess Library/Bee/artifacts/1900b0aE.dag/post-processed/Unity.2D.Common.Runtime.dll (+pdb)
Processing assembly Library/Bee/artifacts/1900b0aE.dag/Unity.2D.Common.Runtime.dll, with 139 defines and 278 references

processors: Unity.Jobs.CodeGen.JobsILPostProcessor, zzzUnity.Burst.CodeGen.BurstILPostProcessor

running Unity.Jobs.CodeGen.JobsILPostProcessor

running zzzUnity.Burst.CodeGen.BurstILPostProcessor
[ 846/1052  1s] ILPostProcess Library/Bee/artifacts/1900b0aE.dag/post-processed/Unity.2D.SpriteShape.Runtime.dll (+pdb)
Processing assembly Library/Bee/artifacts/1900b0aE.dag/Unity.2D.SpriteShape.Runtime.dll, with 140 defines and 280 references

processors: Unity.Jobs.CodeGen.JobsILPostProcessor, zzzUnity.Burst.CodeGen.BurstILPostProcessor

running Unity.Jobs.CodeGen.JobsILPostProcessor

running zzzUnity.Burst.CodeGen.BurstILPostProcessor
[ 847/1052  0s] ILPostProcess Library/Bee/artifacts/1900b0aE.dag/post-processed/Unity.2D.Animation.Runtime.dll (+pdb)
Processing assembly Library/Bee/artifacts/1900b0aE.dag/Unity.2D.Animation.Runtime.dll, with 141 defines and 282 references

processors: Unity.Jobs.CodeGen.JobsILPostProcessor, zzzUnity.Burst.CodeGen.BurstILPostProcessor

running Unity.Jobs.CodeGen.JobsILPostProcessor

running zzzUnity.Burst.CodeGen.BurstILPostProcessor
[ 848/1052  1s] ILPostProcess Library/Bee/artifacts/1900b0aE.dag/post-processed/Unity.RenderPipelines.GPUDriven.Runtime.dll (+pdb)
Processing assembly Library/Bee/artifacts/1900b0aE.dag/Unity.RenderPipelines.GPUDriven.Runtime.dll, with 139 defines and 280 references

processors: Unity.Jobs.CodeGen.JobsILPostProcessor, zzzUnity.Burst.CodeGen.BurstILPostProcessor

running Unity.Jobs.CodeGen.JobsILPostProcessor

running zzzUnity.Burst.CodeGen.BurstILPostProcessor
[ 849/1052  1s] ILPostProcess Library/Bee/artifacts/1900b0aE.dag/post-processed/Unity.RenderPipelines.Core.Runtime.dll (+pdb)
Processing assembly Library/Bee/artifacts/1900b0aE.dag/Unity.RenderPipelines.Core.Runtime.dll, with 142 defines and 280 references

processors: Unity.Jobs.CodeGen.JobsILPostProcessor, zzzUnity.Burst.CodeGen.BurstILPostProcessor

running Unity.Jobs.CodeGen.JobsILPostProcessor

running zzzUnity.Burst.CodeGen.BurstILPostProcessor
[ 850/1052  0s] ILPostProcess Library/Bee/artifacts/1900b0aE.dag/post-processed/Unity.RenderPipelines.Universal.Config.Runtime.dll (+pdb)
Processing assembly Library/Bee/artifacts/1900b0aE.dag/Unity.RenderPipelines.Universal.Config.Runtime.dll, with 139 defines and 277 references

processors: Unity.Jobs.CodeGen.JobsILPostProcessor, zzzUnity.Burst.CodeGen.BurstILPostProcessor

running Unity.Jobs.CodeGen.JobsILPostProcessor

running zzzUnity.Burst.CodeGen.BurstILPostProcessor
[ 851/1052  0s] ILPostProcess Library/Bee/artifacts/1900b0aE.dag/post-processed/Unity.UnifiedRayTracing.Runtime.dll (+pdb)
Processing assembly Library/Bee/artifacts/1900b0aE.dag/Unity.UnifiedRayTracing.Runtime.dll, with 140 defines and 279 references

processors: Unity.Jobs.CodeGen.JobsILPostProcessor, zzzUnity.Burst.CodeGen.BurstILPostProcessor

running Unity.Jobs.CodeGen.JobsILPostProcessor

running zzzUnity.Burst.CodeGen.BurstILPostProcessor
[ 852/1052  0s] ILPostProcess Library/Bee/artifacts/1900b0aE.dag/post-processed/UnityEngine.UI.dll (+pdb)
Processing assembly Library/Bee/artifacts/1900b0aE.dag/UnityEngine.UI.dll, with 145 defines and 274 references

processors: Unity.Jobs.CodeGen.JobsILPostProcessor, zzzUnity.Burst.CodeGen.BurstILPostProcessor

running Unity.Jobs.CodeGen.JobsILPostProcessor

running zzzUnity.Burst.CodeGen.BurstILPostProcessor
[ 853/1052  0s] ILPostProcess Library/Bee/artifacts/1900b0aE.dag/post-processed/Unity.Multiplayer.Center.Editor.dll (+pdb)
Processing assembly Library/Bee/artifacts/1900b0aE.dag/Unity.Multiplayer.Center.Editor.dll, with 137 defines and 286 references

processors: Unity.Jobs.CodeGen.JobsILPostProcessor, zzzUnity.Burst.CodeGen.BurstILPostProcessor

running Unity.Jobs.CodeGen.JobsILPostProcessor

running zzzUnity.Burst.CodeGen.BurstILPostProcessor
[ 854/1052  0s] ILPostProcess Library/Bee/artifacts/1900b0aE.dag/post-processed/Unity.CollabProxy.Editor.dll (+pdb)
Processing assembly Library/Bee/artifacts/1900b0aE.dag/Unity.CollabProxy.Editor.dll, with 137 defines and 286 references

processors: Unity.Jobs.CodeGen.JobsILPostProcessor, zzzUnity.Burst.CodeGen.BurstILPostProcessor

running Unity.Jobs.CodeGen.JobsILPostProcessor

running zzzUnity.Burst.CodeGen.BurstILPostProcessor
[ 855/1052  0s] ILPostProcess Library/Bee/artifacts/1900b0aE.dag/post-processed/Unity.Mathematics.Editor.dll (+pdb)
Processing assembly Library/Bee/artifacts/1900b0aE.dag/Unity.Mathematics.Editor.dll, with 137 defines and 286 references

processors: Unity.Jobs.CodeGen.JobsILPostProcessor, zzzUnity.Burst.CodeGen.BurstILPostProcessor

running Unity.Jobs.CodeGen.JobsILPostProcessor

running zzzUnity.Burst.CodeGen.BurstILPostProcessor
[ 856/1052  0s] ILPostProcess Library/Bee/artifacts/1900b0aE.dag/post-processed/UnityEditor.UI.dll (+pdb)
Processing assembly Library/Bee/artifacts/1900b0aE.dag/UnityEditor.UI.dll, with 140 defines and 284 references

processors: Unity.Jobs.CodeGen.JobsILPostProcessor, zzzUnity.Burst.CodeGen.BurstILPostProcessor

running Unity.Jobs.CodeGen.JobsILPostProcessor

running zzzUnity.Burst.CodeGen.BurstILPostProcessor
[ 857/1052  0s] ILPostProcess Library/Bee/artifacts/1900b0aE.dag/post-processed/Unity.TextMeshPro.Editor.dll (+pdb)
Processing assembly Library/Bee/artifacts/1900b0aE.dag/Unity.TextMeshPro.Editor.dll, with 137 defines and 287 references

processors: Unity.Jobs.CodeGen.JobsILPostProcessor, zzzUnity.Burst.CodeGen.BurstILPostProcessor

running Unity.Jobs.CodeGen.JobsILPostProcessor

running zzzUnity.Burst.CodeGen.BurstILPostProcessor
[ 858/1052  0s] ILPostProcess Library/Bee/artifacts/1900b0aE.dag/post-processed/Unity.2D.Common.Path.Editor.dll (+pdb)
Processing assembly Library/Bee/artifacts/1900b0aE.dag/Unity.2D.Common.Path.Editor.dll, with 137 defines and 285 references

processors: Unity.Jobs.CodeGen.JobsILPostProcessor, zzzUnity.Burst.CodeGen.BurstILPostProcessor

running Unity.Jobs.CodeGen.JobsILPostProcessor

running zzzUnity.Burst.CodeGen.BurstILPostProcessor
[ 859/1052  1s] ILPostProcess Library/Bee/artifacts/1900b0aE.dag/post-processed/Unity.VisualScripting.State.Editor.dll (+pdb)
Processing assembly Library/Bee/artifacts/1900b0aE.dag/Unity.VisualScripting.State.Editor.dll, with 137 defines and 290 references

processors: Unity.Jobs.CodeGen.JobsILPostProcessor, zzzUnity.Burst.CodeGen.BurstILPostProcessor

running Unity.Jobs.CodeGen.JobsILPostProcessor

running zzzUnity.Burst.CodeGen.BurstILPostProcessor
[ 860/1052  1s] ILPostProcess Library/Bee/artifacts/1900b0aE.dag/post-processed/PPv2URPConverters.dll (+pdb)
Processing assembly Library/Bee/artifacts/1900b0aE.dag/PPv2URPConverters.dll, with 137 defines and 289 references

processors: Unity.Jobs.CodeGen.JobsILPostProcessor, zzzUnity.Burst.CodeGen.BurstILPostProcessor

running Unity.Jobs.CodeGen.JobsILPostProcessor

running zzzUnity.Burst.CodeGen.BurstILPostProcessor
[ 861/1052  1s] ILPostProcess Library/Bee/artifacts/1900b0aE.dag/post-processed/Unity.VisualScripting.Flow.Editor.dll (+pdb)
Processing assembly Library/Bee/artifacts/1900b0aE.dag/Unity.VisualScripting.Flow.Editor.dll, with 139 defines and 289 references

processors: Unity.Jobs.CodeGen.JobsILPostProcessor, zzzUnity.Burst.CodeGen.BurstILPostProcessor

running Unity.Jobs.CodeGen.JobsILPostProcessor

running zzzUnity.Burst.CodeGen.BurstILPostProcessor
[ 862/1052  1s] ILPostProcess Library/Bee/artifacts/1900b0aE.dag/post-processed/Unity.VisualScripting.SettingsProvider.Editor.dll (+pdb)
Processing assembly Library/Bee/artifacts/1900b0aE.dag/Unity.VisualScripting.SettingsProvider.Editor.dll, with 137 defines and 290 references

processors: Unity.Jobs.CodeGen.JobsILPostProcessor, zzzUnity.Burst.CodeGen.BurstILPostProcessor

running Unity.Jobs.CodeGen.JobsILPostProcessor

running zzzUnity.Burst.CodeGen.BurstILPostProcessor
[ 863/1052  1s] ILPostProcess Library/Bee/artifacts/1900b0aE.dag/post-processed/Unity.Timeline.Editor.dll (+pdb)
Processing assembly Library/Bee/artifacts/1900b0aE.dag/Unity.Timeline.Editor.dll, with 138 defines and 286 references

processors: Unity.Jobs.CodeGen.JobsILPostProcessor, zzzUnity.Burst.CodeGen.BurstILPostProcessor

running Unity.Jobs.CodeGen.JobsILPostProcessor

running zzzUnity.Burst.CodeGen.BurstILPostProcessor
[ 864/1052  1s] ILPostProcess Library/Bee/artifacts/1900b0aE.dag/post-processed/Unity.2D.Tooling.Editor.dll (+pdb)
Processing assembly Library/Bee/artifacts/1900b0aE.dag/Unity.2D.Tooling.Editor.dll, with 137 defines and 288 references

processors: Unity.Jobs.CodeGen.JobsILPostProcessor, zzzUnity.Burst.CodeGen.BurstILPostProcessor

running Unity.Jobs.CodeGen.JobsILPostProcessor

running zzzUnity.Burst.CodeGen.BurstILPostProcessor
[ 865/1052  0s] ILPostProcess Library/Bee/artifacts/1900b0aE.dag/post-processed/Unity.Collections.Editor.dll (+pdb)
Processing assembly Library/Bee/artifacts/1900b0aE.dag/Unity.Collections.Editor.dll, with 138 defines and 286 references

processors: Unity.Jobs.CodeGen.JobsILPostProcessor, zzzUnity.Burst.CodeGen.BurstILPostProcessor

running Unity.Jobs.CodeGen.JobsILPostProcessor

running zzzUnity.Burst.CodeGen.BurstILPostProcessor
[ 866/1052  1s] ILPostProcess Library/Bee/artifacts/1900b0aE.dag/post-processed/ScriptablePacker.dll (+pdb)
Processing assembly Library/Bee/artifacts/1900b0aE.dag/ScriptablePacker.dll, with 137 defines and 272 references

processors: Unity.Jobs.CodeGen.JobsILPostProcessor, zzzUnity.Burst.CodeGen.BurstILPostProcessor

running Unity.Jobs.CodeGen.JobsILPostProcessor

running zzzUnity.Burst.CodeGen.BurstILPostProcessor
[ 867/1052  0s] ILPostProcess Library/Bee/artifacts/1900b0aE.dag/post-processed/Unity.PlasticSCM.Editor.dll (+pdb)
Processing assembly Library/Bee/artifacts/1900b0aE.dag/Unity.PlasticSCM.Editor.dll, with 137 defines and 272 references

processors: Unity.Jobs.CodeGen.JobsILPostProcessor, zzzUnity.Burst.CodeGen.BurstILPostProcessor

running Unity.Jobs.CodeGen.JobsILPostProcessor

running zzzUnity.Burst.CodeGen.BurstILPostProcessor
[ 868/1052  0s] ILPostProcess Library/Bee/artifacts/1900b0aE.dag/post-processed/Unity.Searcher.Editor.dll (+pdb)
Processing assembly Library/Bee/artifacts/1900b0aE.dag/Unity.Searcher.Editor.dll, with 137 defines and 285 references

processors: Unity.Jobs.CodeGen.JobsILPostProcessor, zzzUnity.Burst.CodeGen.BurstILPostProcessor

running Unity.Jobs.CodeGen.JobsILPostProcessor

running zzzUnity.Burst.CodeGen.BurstILPostProcessor
[ 869/1052  0s] ILPostProcess Library/Bee/artifacts/1900b0aE.dag/post-processed/Unity.2D.Common.Editor.dll (+pdb)
Processing assembly Library/Bee/artifacts/1900b0aE.dag/Unity.2D.Common.Editor.dll, with 137 defines and 289 references

processors: Unity.Jobs.CodeGen.JobsILPostProcessor, zzzUnity.Burst.CodeGen.BurstILPostProcessor

running Unity.Jobs.CodeGen.JobsILPostProcessor

running zzzUnity.Burst.CodeGen.BurstILPostProcessor
[ 870/1052  0s] ILPostProcess Library/Bee/artifacts/1900b0aE.dag/post-processed/PsdPlugin.dll (+pdb)
Processing assembly Library/Bee/artifacts/1900b0aE.dag/PsdPlugin.dll, with 137 defines and 286 references

processors: Unity.Jobs.CodeGen.JobsILPostProcessor, zzzUnity.Burst.CodeGen.BurstILPostProcessor

running Unity.Jobs.CodeGen.JobsILPostProcessor

running zzzUnity.Burst.CodeGen.BurstILPostProcessor
[ 871/1052  0s] ILPostProcess Library/Bee/artifacts/1900b0aE.dag/post-processed/Unity.2D.Aseprite.Editor.dll (+pdb)
Processing assembly Library/Bee/artifacts/1900b0aE.dag/Unity.2D.Aseprite.Editor.dll, with 139 defines and 294 references

processors: Unity.Jobs.CodeGen.JobsILPostProcessor, zzzUnity.Burst.CodeGen.BurstILPostProcessor

running Unity.Jobs.CodeGen.JobsILPostProcessor

running zzzUnity.Burst.CodeGen.BurstILPostProcessor
[ 872/1052  0s] ILPostProcess Library/Bee/artifacts/1900b0aE.dag/post-processed/Unity.Rendering.LightTransport.Editor.dll (+pdb)
Processing assembly Library/Bee/artifacts/1900b0aE.dag/Unity.Rendering.LightTransport.Editor.dll, with 137 defines and 285 references

processors: Unity.Jobs.CodeGen.JobsILPostProcessor, zzzUnity.Burst.CodeGen.BurstILPostProcessor

running Unity.Jobs.CodeGen.JobsILPostProcessor

running zzzUnity.Burst.CodeGen.BurstILPostProcessor
[ 873/1052  0s] ILPostProcess Library/Bee/artifacts/1900b0aE.dag/post-processed/Unity.2D.SpriteShape.Editor.dll (+pdb)
Processing assembly Library/Bee/artifacts/1900b0aE.dag/Unity.2D.SpriteShape.Editor.dll, with 138 defines and 290 references

processors: Unity.Jobs.CodeGen.JobsILPostProcessor, zzzUnity.Burst.CodeGen.BurstILPostProcessor

running Unity.Jobs.CodeGen.JobsILPostProcessor

running zzzUnity.Burst.CodeGen.BurstILPostProcessor
[ 874/1052  0s] ILPostProcess Library/Bee/artifacts/1900b0aE.dag/post-processed/Unity.2D.Tilemap.Editor.dll (+pdb)
Processing assembly Library/Bee/artifacts/1900b0aE.dag/Unity.2D.Tilemap.Editor.dll, with 137 defines and 285 references

processors: Unity.Jobs.CodeGen.JobsILPostProcessor, zzzUnity.Burst.CodeGen.BurstILPostProcessor

running Unity.Jobs.CodeGen.JobsILPostProcessor

running zzzUnity.Burst.CodeGen.BurstILPostProcessor
[ 875/1052  0s] ILPostProcess Library/Bee/artifacts/1900b0aE.dag/post-processed/Unity.RenderPipelines.Universal.Editor.dll (+pdb)
Processing assembly Library/Bee/artifacts/1900b0aE.dag/Unity.RenderPipelines.Universal.Editor.dll, with 141 defines and 297 references

processors: Unity.Jobs.CodeGen.JobsILPostProcessor, zzzUnity.Burst.CodeGen.BurstILPostProcessor

running Unity.Jobs.CodeGen.JobsILPostProcessor

running zzzUnity.Burst.CodeGen.BurstILPostProcessor
[ 876/1052  0s] ILPostProcess Library/Bee/artifacts/1900b0aE.dag/post-processed/Unity.2D.Tilemap.Extras.Editor.dll (+pdb)
Processing assembly Library/Bee/artifacts/1900b0aE.dag/Unity.2D.Tilemap.Extras.Editor.dll, with 137 defines and 287 references

processors: Unity.Jobs.CodeGen.JobsILPostProcessor, zzzUnity.Burst.CodeGen.BurstILPostProcessor

running Unity.Jobs.CodeGen.JobsILPostProcessor

running zzzUnity.Burst.CodeGen.BurstILPostProcessor
[ 877/1052  0s] ILPostProcess Library/Bee/artifacts/1900b0aE.dag/post-processed/UnityEditor.UI.Analytics.dll (+pdb)
Processing assembly Library/Bee/artifacts/1900b0aE.dag/UnityEditor.UI.Analytics.dll, with 137 defines and 286 references

processors: Unity.Jobs.CodeGen.JobsILPostProcessor, zzzUnity.Burst.CodeGen.BurstILPostProcessor

running Unity.Jobs.CodeGen.JobsILPostProcessor

running zzzUnity.Burst.CodeGen.BurstILPostProcessor
[ 878/1052  0s] ILPostProcess Library/Bee/artifacts/1900b0aE.dag/post-processed/Unity.VisualScripting.Shared.Editor.dll (+pdb)
Processing assembly Library/Bee/artifacts/1900b0aE.dag/Unity.VisualScripting.Shared.Editor.dll, with 137 defines and 291 references

processors: Unity.Jobs.CodeGen.JobsILPostProcessor, zzzUnity.Burst.CodeGen.BurstILPostProcessor

running Unity.Jobs.CodeGen.JobsILPostProcessor

running zzzUnity.Burst.CodeGen.BurstILPostProcessor
[ 879/1052  0s] ILPostProcess Library/Bee/artifacts/1900b0aE.dag/post-processed/Unity.VisualScripting.Core.Editor.dll (+pdb)
Processing assembly Library/Bee/artifacts/1900b0aE.dag/Unity.VisualScripting.Core.Editor.dll, with 137 defines and 286 references

processors: Unity.Jobs.CodeGen.JobsILPostProcessor, zzzUnity.Burst.CodeGen.BurstILPostProcessor

running Unity.Jobs.CodeGen.JobsILPostProcessor

running zzzUnity.Burst.CodeGen.BurstILPostProcessor
[ 880/1052  0s] ILPostProcess Library/Bee/artifacts/1900b0aE.dag/post-processed/MCPForUnity.Editor.dll (+pdb)
Processing assembly Library/Bee/artifacts/1900b0aE.dag/MCPForUnity.Editor.dll, with 137 defines and 270 references

processors: Unity.Jobs.CodeGen.JobsILPostProcessor, zzzUnity.Burst.CodeGen.BurstILPostProcessor

running Unity.Jobs.CodeGen.JobsILPostProcessor

running zzzUnity.Burst.CodeGen.BurstILPostProcessor
[ 881/1052  0s] ILPostProcess Library/Bee/artifacts/1900b0aE.dag/post-processed/Unity.RenderPipelines.Universal.2D.Editor.Overrides.dll (+pdb)
Processing assembly Library/Bee/artifacts/1900b0aE.dag/Unity.RenderPipelines.Universal.2D.Editor.Overrides.dll, with 139 defines and 296 references

processors: Unity.Jobs.CodeGen.JobsILPostProcessor, zzzUnity.Burst.CodeGen.BurstILPostProcessor

running Unity.Jobs.CodeGen.JobsILPostProcessor

running zzzUnity.Burst.CodeGen.BurstILPostProcessor
[ 882/1052  0s] ILPostProcess Library/Bee/artifacts/1900b0aE.dag/post-processed/Unity.Burst.Editor.dll (+pdb)
Processing assembly Library/Bee/artifacts/1900b0aE.dag/Unity.Burst.Editor.dll, with 137 defines and 286 references

processors: Unity.Jobs.CodeGen.JobsILPostProcessor, zzzUnity.Burst.CodeGen.BurstILPostProcessor

running Unity.Jobs.CodeGen.JobsILPostProcessor

running zzzUnity.Burst.CodeGen.BurstILPostProcessor
[ 883/1052  0s] ILPostProcess Library/Bee/artifacts/1900b0aE.dag/post-processed/Unity.PerformanceTesting.Editor.dll (+pdb)
Processing assembly Library/Bee/artifacts/1900b0aE.dag/Unity.PerformanceTesting.Editor.dll, with 138 defines and 269 references

processors: Unity.Jobs.CodeGen.JobsILPostProcessor, zzzUnity.Burst.CodeGen.BurstILPostProcessor

running Unity.Jobs.CodeGen.JobsILPostProcessor

running zzzUnity.Burst.CodeGen.BurstILPostProcessor
[ 884/1052  0s] ILPostProcess Library/Bee/artifacts/1900b0aE.dag/post-processed/Unity.2D.Sprite.Editor.dll (+pdb)
Processing assembly Library/Bee/artifacts/1900b0aE.dag/Unity.2D.Sprite.Editor.dll, with 137 defines and 285 references

processors: Unity.Jobs.CodeGen.JobsILPostProcessor, zzzUnity.Burst.CodeGen.BurstILPostProcessor

running Unity.Jobs.CodeGen.JobsILPostProcessor

running zzzUnity.Burst.CodeGen.BurstILPostProcessor
[ 885/1052  0s] ILPostProcess Library/Bee/artifacts/1900b0aE.dag/post-processed/Unity.2D.Psdimporter.Editor.dll (+pdb)
Processing assembly Library/Bee/artifacts/1900b0aE.dag/Unity.2D.Psdimporter.Editor.dll, with 140 defines and 295 references

processors: Unity.Jobs.CodeGen.JobsILPostProcessor, zzzUnity.Burst.CodeGen.BurstILPostProcessor

running Unity.Jobs.CodeGen.JobsILPostProcessor

running zzzUnity.Burst.CodeGen.BurstILPostProcessor
[ 886/1052  1s] ILPostProcess Library/Bee/artifacts/1900b0aE.dag/post-processed/Unity.2D.Aseprite.Common.dll (+pdb)
Processing assembly Library/Bee/artifacts/1900b0aE.dag/Unity.2D.Aseprite.Common.dll, with 137 defines and 288 references

processors: Unity.Jobs.CodeGen.JobsILPostProcessor, zzzUnity.Burst.CodeGen.BurstILPostProcessor

running Unity.Jobs.CodeGen.JobsILPostProcessor

running zzzUnity.Burst.CodeGen.BurstILPostProcessor
[ 887/1052  1s] ILPostProcess Library/Bee/artifacts/1900b0aE.dag/post-processed/Unity.InternalAPIEditorBridge.001.dll (+pdb)
Processing assembly Library/Bee/artifacts/1900b0aE.dag/Unity.InternalAPIEditorBridge.001.dll, with 138 defines and 286 references

processors: Unity.Jobs.CodeGen.JobsILPostProcessor, zzzUnity.Burst.CodeGen.BurstILPostProcessor

running Unity.Jobs.CodeGen.JobsILPostProcessor

running zzzUnity.Burst.CodeGen.BurstILPostProcessor
[ 888/1052  0s] ILPostProcess Library/Bee/artifacts/1900b0aE.dag/post-processed/Unity.InputSystem.DocCodeSamples.dll (+pdb)
Processing assembly Library/Bee/artifacts/1900b0aE.dag/Unity.InputSystem.DocCodeSamples.dll, with 137 defines and 269 references

processors: Unity.Jobs.CodeGen.JobsILPostProcessor, zzzUnity.Burst.CodeGen.BurstILPostProcessor

running Unity.Jobs.CodeGen.JobsILPostProcessor

running zzzUnity.Burst.CodeGen.BurstILPostProcessor
[ 889/1052  0s] ILPostProcess Library/Bee/artifacts/1900b0aE.dag/post-processed/Unity.ShaderGraph.Editor.dll (+pdb)
Processing assembly Library/Bee/artifacts/1900b0aE.dag/Unity.ShaderGraph.Editor.dll, with 137 defines and 289 references

processors: Unity.Jobs.CodeGen.JobsILPostProcessor, zzzUnity.Burst.CodeGen.BurstILPostProcessor

running Unity.Jobs.CodeGen.JobsILPostProcessor

running zzzUnity.Burst.CodeGen.BurstILPostProcessor
[ 890/1052  0s] ILPostProcess Library/Bee/artifacts/1900b0aE.dag/post-processed/Unity.RenderPipelines.Core.Editor.Shared.dll (+pdb)
Processing assembly Library/Bee/artifacts/1900b0aE.dag/Unity.RenderPipelines.Core.Editor.Shared.dll, with 137 defines and 286 references

processors: Unity.Jobs.CodeGen.JobsILPostProcessor, zzzUnity.Burst.CodeGen.BurstILPostProcessor

running Unity.Jobs.CodeGen.JobsILPostProcessor

running zzzUnity.Burst.CodeGen.BurstILPostProcessor
[ 954/1052  1s] ILPostProcess Library/Bee/artifacts/1900b0aE.dag/post-processed/Unity.2D.Animation.Editor.dll (+pdb)
Processing assembly Library/Bee/artifacts/1900b0aE.dag/Unity.2D.Animation.Editor.dll, with 140 defines and 294 references

processors: Unity.Jobs.CodeGen.JobsILPostProcessor, zzzUnity.Burst.CodeGen.BurstILPostProcessor

running Unity.Jobs.CodeGen.JobsILPostProcessor

running zzzUnity.Burst.CodeGen.BurstILPostProcessor
[1040/1052  0s] ILPostProcess Library/Bee/artifacts/1900b0aE.dag/post-processed/Unity.2D.IK.Editor.dll (+pdb)
Processing assembly Library/Bee/artifacts/1900b0aE.dag/Unity.2D.IK.Editor.dll, with 137 defines and 292 references

processors: Unity.Jobs.CodeGen.JobsILPostProcessor, zzzUnity.Burst.CodeGen.BurstILPostProcessor

running Unity.Jobs.CodeGen.JobsILPostProcessor

running zzzUnity.Burst.CodeGen.BurstILPostProcessor
[1041/1052  0s] ILPostProcess Library/Bee/artifacts/1900b0aE.dag/post-processed/Unity.ShaderGraph.Utilities.dll (+pdb)
Processing assembly Library/Bee/artifacts/1900b0aE.dag/Unity.ShaderGraph.Utilities.dll, with 137 defines and 285 references

processors: Unity.Jobs.CodeGen.JobsILPostProcessor, zzzUnity.Burst.CodeGen.BurstILPostProcessor

running Unity.Jobs.CodeGen.JobsILPostProcessor

running zzzUnity.Burst.CodeGen.BurstILPostProcessor
[1042/1052  0s] ILPostProcess Library/Bee/artifacts/1900b0aE.dag/post-processed/Unity.PlasticSCM.Editor.Entities.dll (+pdb)
Processing assembly Library/Bee/artifacts/1900b0aE.dag/Unity.PlasticSCM.Editor.Entities.dll, with 137 defines and 286 references

processors: Unity.Jobs.CodeGen.JobsILPostProcessor, zzzUnity.Burst.CodeGen.BurstILPostProcessor

running Unity.Jobs.CodeGen.JobsILPostProcessor

running zzzUnity.Burst.CodeGen.BurstILPostProcessor
[1049/1052  0s] ILPostProcess Library/Bee/artifacts/1900b0aE.dag/post-processed/Unity.RenderPipelines.Core.Editor.dll (+pdb)
Processing assembly Library/Bee/artifacts/1900b0aE.dag/Unity.RenderPipelines.Core.Editor.dll, with 138 defines and 291 references

processors: Unity.Jobs.CodeGen.JobsILPostProcessor, zzzUnity.Burst.CodeGen.BurstILPostProcessor

running Unity.Jobs.CodeGen.JobsILPostProcessor

running zzzUnity.Burst.CodeGen.BurstILPostProcessor
*** Tundra build success (13.34 seconds), 325 items updated, 1052 evaluated
AssetDatabase: script compilation time: 16.148429s
Begin MonoManager ReloadAssembly
- Loaded All Assemblies, in  2.039 seconds
Refreshing native plugins compatible for Editor in 11.18 ms, found 5 plugins.
Native extension for WindowsStandalone target not found
Refreshing native plugins compatible for Editor in 26.13 ms, found 5 plugins.
ScheduleIndexationOnStartup MainProcess:True IndexOnStartup:True
Mono: successfully reloaded assembly
- Finished resetting the current domain, in  4.663 seconds
Domain Reload Profiling: 6685ms
	BeginReloadAssembly (589ms)
		ExecutionOrderSort (0ms)
		DisableScriptedObjects (43ms)
		BackupInstance (0ms)
		ReleaseScriptingObjects (0ms)
		CreateAndSetChildDomain (199ms)
	RebuildCommonClasses (54ms)
	RebuildNativeTypeToScriptingClass (17ms)
	initialDomainReloadingComplete (60ms)
	LoadAllAssembliesAndSetupDomain (1301ms)
		LoadAssemblies (1208ms)
		RebuildTransferFunctionScriptingTraits (0ms)
		AnalyzeDomain (374ms)
			TypeCache.Refresh (272ms)
				TypeCache.ScanAssembly (256ms)
			BuildScriptInfoCaches (85ms)
			ResolveRequiredComponents (12ms)
	FinalizeReload (4664ms)
		ReleaseScriptCaches (0ms)
		RebuildScriptCaches (0ms)
		SetupLoadedEditorAssemblies (4277ms)
			LogAssemblyErrors (0ms)
			InitializePlatformSupportModulesInManaged (38ms)
			SetLoadedEditorAssemblies (4ms)
			BeforeProcessingInitializeOnLoad (283ms)
			ProcessInitializeOnLoadAttributes (3483ms)
			ProcessInitializeOnLoadMethodAttributes (432ms)
			AfterProcessingInitializeOnLoad (37ms)
			EditorAssembliesLoaded (1ms)
		ExecutionOrderSort2 (0ms)
		AwakeInstancesAfterBackupRestoration (45ms)
Start importing Packages/com.unity.2d.animation/Editor/Assets/EditorIcons/Dark/d_SetPivot256.png using Guid(a3de9d1408f25449bb288eebcebfb832) (TextureImporter) -> (artifact id: '91ff037d3a8a29938f29f0c3b26858c4') in 0.1760269 seconds
Start importing Packages/com.unity.render-pipelines.core/Editor/Lighting/Icons/LightUnitIcons/ExteriorLight@2x.png using Guid(a3fe770bc25a98540958d57e10f2a5fd) (TextureImporter) -> (artifact id: '0fa61d16e3058066d907ff4b5d5c2b95') in 0.0162577 seconds
Start importing Packages/com.unity.collab-proxy/Editor/Assets/Images/d_ArrowCaretLeft@2x.png using Guid(b3e01e80c420d4ac9a425a6abf8c99ec) (TextureImporter) -> (artifact id: '9757e5519a074450ad7199fa0985a289') in 0.048704 seconds
Start importing Packages/com.unity.2d.animation/Editor/Assets/EditorIcons/Light/Edit_Geometry@3x.png using Guid(b37297243655c064a8cd48d76a074ca0) (TextureImporter) -> (artifact id: '7e7465af79c64a2dd319f9773ea3b3b1') in 0.0580881 seconds
Start importing Packages/com.unity.timeline/Editor/StyleSheets/Images/Icons/d_TrackMarkerButtonDisabled.png using Guid(b3644a971cca0bd4eb357cb9aca4dde1) (TextureImporter) -> (artifact id: 'e54cbdc39ebf09f3b689ef36aa029fd2') in 0.030367 seconds
Start importing Packages/com.unity.2d.tilemap/Editor/Icons/Tilemap.ShowGrid@4x.png using Guid(b375422385f769844a35ff7743e8f1bb) (TextureImporter) -> (artifact id: 'e8bfff6edba4afecdc6e5474fcd793d3') in 0.0151653 seconds
Start importing Packages/com.unity.render-pipelines.core/Runtime/Debugging/Prefabs/Textures/UICheckMark.png using Guid(b346b2a2df1d290438be3287b6419408) (TextureImporter) -> (artifact id: 'fc77e3d068f439a930c5b262cd7c87e6') in 0.0314443 seconds
Start importing Packages/com.unity.render-pipelines.core/Editor/Lighting/Icons/Advanced_UnPressed_mini.png using Guid(b356b95f05b77cf49a1b8241134f44c4) (TextureImporter) -> (artifact id: '9e5b82c36ff100a149e1420676455d40') in 0.0098091 seconds
Start importing Packages/com.unity.2d.tilemap/Editor/Icons/d_Tilemap.ShowTilePalette@2x.png using Guid(b3f6a0922e3511840813c51882c0907b) (TextureImporter) -> (artifact id: '82ee3fd3c3b37f60c1b0fdcfc0abd9f1') in 0.0140302 seconds
Start importing Packages/com.unity.2d.animation/Editor/Assets/EditorIcons/Dark/d_ViewToolZoom@2x.png using Guid(c3672d163ecce403e98f81d012f95e33) (TextureImporter) -> (artifact id: 'd1c25408a1af0df977fe25e57a691055') in 0.055488 seconds
Start importing Packages/com.unity.timeline/Editor/StyleSheets/Images/Icons/TrackMarkerButtonEnabled@2x.png using Guid(c35a22ede3f5feb488bf69587ddc36ed) (TextureImporter) -> (artifact id: 'ba596921ea789c9755dc555bc3e67001') in 0.0459286 seconds
Start importing Packages/com.unity.2d.tilemap/Editor/Icons/d_EditorUI.Filter.png using Guid(c33b82aa5373c4e1f8e2d43210c97c45) (TextureImporter) -> (artifact id: 'd826399b3ca48fa31d041b708a557d17') in 0.0126441 seconds
Start importing Packages/com.unity.collab-proxy/Editor/Assets/Images/d_iconretainedoverlay@2x.png using Guid(c34cd61ed96ff9a40a54e159467c5155) (TextureImporter) -> (artifact id: 'ead7fe548b71d0c81d4ba6115add3388') in 0.0460601 seconds
Start importing Packages/com.unity.render-pipelines.core/Editor/Lighting/Icons/LightUnitIcons/CloudySky@2x.png using Guid(c30d00a81d6542c40ae1837621e3969e) (TextureImporter) -> (artifact id: '32c6659abd471e80732acc8661492a4d') in 0.0119122 seconds
Start importing Packages/com.unity.2d.animation/Editor/Assets/ComponentIcons/d_Animation.SpriteLibraryVar@128.png using Guid(c38da00047c364d939a5857fc7e8a17a) (TextureImporter) -> (artifact id: 'cf069c6eb503e63f1f0cf328c6e652bf') in 0.0557599 seconds
Start importing Packages/com.unity.2d.animation/Editor/Assets/EditorIcons/Light/ViewToolZoom@2x.png using Guid(c38f3750be35041e49ae9b5125209bb1) (TextureImporter) -> (artifact id: '2c197c36465aacae3618c7ce3ec15d2e') in 0.0474825 seconds
Start importing Packages/com.unity.2d.tilemap/Editor/Icons/d_Tilemap.ActiveTargetLayers@2x.png using Guid(d3b2641fbdbb1f340ad9732102db591e) (TextureImporter) -> (artifact id: '583fda7a21ad3bc862a23d7edbd24271') in 0.03573 seconds
Start importing Packages/com.unity.render-pipelines.core/Editor/Icons/MipLevels/Volume@32.png using Guid(d35462a3f88c67241b7b7cd6dc624ccb) (TextureImporter) -> (artifact id: 'd729cade1911b844e4762526a34e406a') in 0.0067646 seconds
Start importing Packages/com.unity.timeline/Editor/StyleSheets/Images/DarkSkin/TimelinePingPong.png using Guid(d3b5c4f7d6b94f64085b3713bffa680e) (TextureImporter) -> (artifact id: '7308335212b7e67e4e47f791d9d664ac') in 0.0235045 seconds
Start importing Packages/com.unity.collab-proxy/Editor/Assets/Images/iconcurrentbranch.png using Guid(d30af1e364af1fc48be2ff2dcb0d4724) (TextureImporter) -> (artifact id: 'b3fb7f2ec1f514e269a390f6b8866ba5') in 0.0428132 seconds
Start importing Assets/_Project/Resources/Characters/thomas_reed.png using Guid(d39c82e1abe078f43a3c991d828b7937) (TextureImporter) -> (artifact id: '2fd83e15a126d49660453fcfc76380ba') in 0.3718891 seconds
Start importing Packages/com.unity.render-pipelines.universal/Textures/BlueNoise16/L/LDR_LLL1_18.png using Guid(d36f0fe53425e08499a2333cf423634c) (TextureImporter) -> (artifact id: 'f8bb0fb0ae3dec26d864b1a9addd6716') in 0.0524722 seconds
Start importing Packages/com.unity.ugui/Editor Resources/Textures/SectionHeader_Light.psd using Guid(e3b0f810fdea84e40ab4ba20f256f7e8) (TextureImporter) -> (artifact id: '5e8eaa9a3c233ca77e7cc25cd93cc406') in 0.0160096 seconds
Start importing Packages/com.unity.render-pipelines.universal/Textures/BlueNoise256/LDR_LLL1_4.png using Guid(e32226222ff144b24bf3a5a451de54bc) (TextureImporter) -> (artifact id: '28fd9ce0374acdbb42d41c836c64aed3') in 0.044182 seconds
Start importing Packages/com.unity.render-pipelines.universal/Textures/BlueNoise64/L/LDR_LLL1_0.png using Guid(e3d24661c1e055f45a7560c033dbb837) (TextureImporter) -> (artifact id: 'f41d1cbdfe533943a7de1a5ff3262ee9') in 0.0285986 seconds
Start importing Packages/com.unity.render-pipelines.universal/Editor/SceneTemplates/Indoors/ReflectionProbe-0.exr using Guid(e375ace14cc3b5b448ca85ba2455930c) (TextureImporter)Starting cubemap convolution for '' (size 128)
...took 0.090 seconds
 -> (artifact id: '49636d4e9094f3206a580d92851907bc') in 0.2939378 seconds
Start importing Packages/com.unity.render-pipelines.universal/Editor/Gizmos/Camera_UI.png using Guid(e3c6759aa8004ae458959d7fe48d6a74) (TextureImporter) -> (artifact id: '793458eddd35270c1e566eed15dbe90e') in 0.0156157 seconds
Start importing Packages/com.unity.2d.animation/Editor/Assets/EditorIcons/Light/Locked.png using Guid(e34fa6c941a99044c8081d832ca3523f) (TextureImporter) -> (artifact id: 'ca58114dce68cbd4e85d57e94ca1ce3a') in 0.0445773 seconds
Start importing Packages/com.unity.collab-proxy/Editor/Assets/Images/iconplasticnotifypendingchanges.png using Guid(f3e2797165e71b443bae6264899b89d6) (TextureImporter) -> (artifact id: '1e1687171acc27a1fe37b22069da586f') in 0.3260443 seconds
Start importing Packages/com.unity.searcher/Editor/Resources/FlatSkin/SearchSmallDownOn.png using Guid(f353e9d22eb9164499dd70cb41b00244) (TextureImporter) -> (artifact id: 'aea30aa9b8dddfaa8389a4eef32f3ba2') in 0.0114567 seconds
Start importing Packages/com.unity.2d.animation/Editor/Assets/EditorIcons/Light/Visibility_Hidded@2x.png using Guid(f3940f64802892746b2ec336d3b0c5f4) (TextureImporter) -> (artifact id: '48f2da5b67b75eb326f718857e4c366f') in 0.0447797 seconds
Start importing Packages/com.unity.collab-proxy/Editor/Assets/Images/d_iconplasticnotifyincoming.png using Guid(f31d2c855644aad4cb2030bce12859f6) (TextureImporter) -> (artifact id: '76a66ff0a61eea26cc882f51a8ddd66d') in 0.042526 seconds
Start importing Packages/com.unity.collab-proxy/Editor/Assets/Images/d_iconinfobellnotification.png using Guid(f38e832edef3ab648bcc2ab5dfa2906d) (TextureImporter) -> (artifact id: 'c3e2b103f102909416c70fa865b2838e') in 0.0411059 seconds
Start importing Packages/com.unity.render-pipelines.core/Editor/LookDev/Icons/LayoutHorizontal@2x.png using Guid(f3fe1e478135ed34db9a1f6707f52c6a) (TextureImporter) -> (artifact id: '4e20a133336c4991c6cdd583d6b6b89e') in 0.0121049 seconds
Start importing Packages/com.unity.2d.animation/Editor/Assets/ComponentIcons/Animation.SpriteLibraryVar.png using Guid(0490d28a1206e4c4cb4954be7b678980) (TextureImporter) -> (artifact id: 'ca78f72c810eeebb122d32ad4c5e6d9b') in 0.1169147 seconds
Start importing Packages/com.unity.2d.animation/Editor/Assets/ComponentIcons/d_Animation.SpriteSkin.png using Guid(049256017895a43b4b47a8eb639ad05e) (TextureImporter) -> (artifact id: '1d38c50f620e176585416a40202d4c2c') in 0.0571691 seconds
Start importing Packages/com.unity.multiplayer.center/Editor/MultiplayerCenterWindow/UI/Icons/PackageInstalled@2x.png using Guid(0423146d9f51c4563a0f2a8200b6cd38) (TextureImporter) -> (artifact id: '692be9cdc66e81d15c70c50b6bf6388f') in 0.0331697 seconds
Start importing Packages/com.unity.render-pipelines.core/Editor/Lighting/Icons/LightUnitIcons/d_IntenseAreaLight@2x.png using Guid(0493fb4c3bbfd6a4396f7f221b5ce034) (TextureImporter) -> (artifact id: 'c441ec15a2d853608720d00eae09ab7d') in 0.0172372 seconds
Start importing Packages/com.unity.2d.tilemap/Editor/Icons/d_EditorUI.Target.png using Guid(04e6c3cc740a491458073f2f715066f6) (TextureImporter) -> (artifact id: 'dd3e2330e488428c1e8fb21085f5bc58') in 0.0184827 seconds
Start importing Packages/com.unity.render-pipelines.core/Editor/Lighting/Icons/LightUnitIcons/BrightSky@2x.png using Guid(04c70b69874deb746a4c63f1a29f7715) (TextureImporter) -> (artifact id: '113a63c2b7ad64b2365eabfe2b92e394') in 0.0158776 seconds
Start importing Packages/com.unity.2d.animation/Editor/Assets/EditorIcons/Dark/d_Bone_Influence@2x.png using Guid(045a46ed7fd32804eb02dc411be96859) (TextureImporter) -> (artifact id: '9aa93b3c14a2a2cd1a57841c5a467d65') in 0.0510121 seconds
Start importing Packages/com.unity.2d.sprite/Editor/ObjectMenuCreation/DefaultAssets/Textures/IsometricDiamond.png using Guid(045b15ec09bba42448d89db77fa6f20a) (TextureImporter) -> (artifact id: 'f795dc65fbdb3ae1f133f56dddcbb4e7') in 0.0362683 seconds
Start importing Packages/com.unity.render-pipelines.core/Editor/LookDev/Icons/Remove@2x.png using Guid(049c8a7821177594692244298d82e4af) (TextureImporter) -> (artifact id: '97334045bd81e6e10cb4d3724259dd7f') in 0.015865 seconds
Start importing Packages/com.unity.render-pipelines.universal/Textures/BlueNoise16/L/LDR_LLL1_17.png using Guid(14381521ff11cb74abe3fe65401c23be) (TextureImporter) -> (artifact id: '8a1ef2d5120520ccc984603be7f01008') in 0.0569961 seconds
Start importing Packages/com.unity.collab-proxy/Editor/Assets/Images/d_buttonssosigninemail@2x.png using Guid(144aa74618b85974a9a50f612c2fa8fd) (TextureImporter) -> (artifact id: '8e8ce9ef97b5463d0757a0ef181eeeba') in 0.0519595 seconds
Start importing Packages/com.unity.render-pipelines.universal/Editor/Gizmos/Camera_Base.png using Guid(24b1fe14c2b41d6489a7e7819483df6b) (TextureImporter) -> (artifact id: '02e313746dad69ec7459c9e11b2dce51') in 0.0159553 seconds
Start importing Packages/com.unity.2d.tilemap/Editor/Icons/d_EditorUI.Filter@2x.png using Guid(24a4dd7831e4a46f593e94273994b42c) (TextureImporter) -> (artifact id: 'bf73051dfffc1973c99209427a6a8d44') in 0.0542715 seconds
Start importing Packages/com.unity.timeline/Editor/StyleSheets/Images/Icons/d_TimelineCollapseMarkerButtonEnabled.png using Guid(2446ee609b613cd4e9142ccc55cb7c43) (TextureImporter) -> (artifact id: '477b1c562ef113e2ef688b5fe29c2eec') in 0.0298407 seconds
Start importing Packages/com.unity.timeline/Editor/StyleSheets/Images/LightSkin/TimelineMarkerItem.png using Guid(24b97c67b63a23b48bea4036d28a5818) (TextureImporter) -> (artifact id: '337df7bed80b04bf77154877cade8182') in 0.0494313 seconds
Start importing Packages/com.unity.2d.animation/Editor/Assets/EditorIcons/Light/Mesh.png using Guid(24f90d3fa2df5c84abbf1455cfda472e) (TextureImporter) -> (artifact id: '70e297bebe3c295682c00d9d8a8b453a') in 0.0495254 seconds
Start importing Packages/com.unity.2d.animation/Editor/Assets/EditorIcons/Dark/d_Bone@4x.png using Guid(246d7c7c8e9e6cf43893ae13c5a81bdf) (TextureImporter) -> (artifact id: '7a3a932e07bad7b9c34f376f1da0385a') in 0.0455949 seconds
Start importing Packages/com.unity.2d.animation/Editor/Assets/EditorIcons/Light/Mesh@2x.png using Guid(242f58a86f3ee8e418809e5fc269d531) (TextureImporter) -> (artifact id: '39b04dde7a3c141966f43d56379e5501') in 0.0488 seconds
Start importing Packages/com.unity.2d.animation/Editor/Assets/EditorIcons/Selected/d_Bone@2x.png using Guid(24cf210708c57674b894af3341b1738b) (TextureImporter) -> (artifact id: '6d42f09c25575270d03ebdc2fb86fa69') in 0.0624007 seconds
Start importing Packages/com.unity.2d.tilemap/Editor/Icons/d_Tilemap.GridPaint@2x.png using Guid(3451731abc835d44993075b3bc0935bd) (TextureImporter) -> (artifact id: 'e6f30a5b67770bcf46d3677a229c8f78') in 0.0511056 seconds
Start importing Packages/com.unity.2d.psdimporter/Editor/Assets/Icons/Selected/Layers Mixed@8x.png using Guid(3492e9eb6292141eb942d0c9beface29) (TextureImporter) -> (artifact id: '60f214665afb14211c04a23ea87ae4eb') in 0.0345226 seconds
Start importing Packages/com.unity.collab-proxy/Editor/Assets/Images/d_stepok@2x.png using Guid(3494dc956dfd7174abc07060940a2848) (TextureImporter) -> (artifact id: '0e4e5383d6b7e787a9bb995596b2ff81') in 0.0521414 seconds
Start importing Packages/com.unity.2d.animation/Editor/Assets/EditorIcons/Selected/Create_Edge@4x.png using Guid(3458c119c69e9bc4f9647599c2901dee) (TextureImporter) -> (artifact id: '60e3e48a9b192b9fcca63b1392187bf7') in 0.0548564 seconds
Start importing Packages/com.unity.2d.sprite/Editor/ObjectMenuCreation/DefaultAssets/Textures/CapsuleWithBorder.png using Guid(34587324d412940a79d530020c957dc0) (TextureImporter) -> (artifact id: '6052e681f97b529a1042e03cd2ef6d7a') in 0.062423 seconds
Start importing Packages/com.unity.inputsystem/InputSystem/Editor/Icons/d_Axis.png using Guid(34f9452ba2ee14c0b9c976800caef571) (TextureImporter) -> (artifact id: '42987d762f87184554520a5ad42bc6e7') in 0.0501475 seconds
Start importing Packages/com.unity.ugui/Editor Resources/Textures/btn_AlignRight.psd using Guid(342a0f8aca7f4f0691338912faec0494) (TextureImporter) -> (artifact id: '2e46f5000a9a97dad533dd5a5352b03d') in 0.0195729 seconds
Start importing Packages/com.unity.2d.animation/Editor/Assets/ComponentIcons/d_Animation.IKFabrik@32.png using Guid(343de650405d34e75bf52853707670d5) (TextureImporter) -> (artifact id: '3f1b9651fe4aca3b2e699ae115ad50cb') in 0.0742787 seconds
Start importing Packages/com.unity.2d.psdimporter/Editor/Assets/Icons/Selected/Layers Separated@1x.png using Guid(346d40e23f03e4f48bdda501fffa178a) (TextureImporter) -> (artifact id: '4f49435cb0b395af1c533a64c036fb21') in 0.0682431 seconds
Start importing Packages/com.unity.render-pipelines.core/Editor/Lighting/Icons/d_LightPlacement_Icon On@256.png using Guid(4439e27e7ae7188468effbc23418e0e1) (TextureImporter) -> (artifact id: 'e7ab263eb0372d6d3cfdeda033e53f28') in 0.0596109 seconds
Start importing Packages/com.unity.2d.tilemap.extras/Editor/Brushes/RandomBrush/d_RandomBrush.png using Guid(441bdab385c714051a00808c9bfc1766) (TextureImporter) -> (artifact id: 'ed72c8d76750f91df7565c574d4f6023') in 0.0512032 seconds
Start importing Packages/com.unity.2d.animation/Editor/Assets/EditorIcons/Dark/d_SetPivot32.png using Guid(449ceb998ff49400da801fc4d707b896) (TextureImporter) -> (artifact id: 'bfc520f4def29fa59b9fbfa36860980e') in 0.0498872 seconds
Start importing Packages/com.unity.2d.animation/Editor/Assets/EditorIcons/Selected/d_Bone@3x.png using Guid(443d05f2a4ae81a4297ac8ec762644c3) (TextureImporter) -> (artifact id: '68cb7323c9f8cd5ae260fe70a634e297') in 0.0441252 seconds
Start importing Packages/com.unity.2d.animation/Editor/Assets/EditorIcons/Light/Copy@4x.png using Guid(5430b5412bcac5b4986be0a875a5e978) (TextureImporter) -> (artifact id: '210423b91d5ea110f824862e4acd33a9') in 0.0465539 seconds
Start importing Packages/com.unity.2d.animation/Editor/Assets/ComponentIcons/d_Animation.SpriteLibraryVar@64.png using Guid(54e0c48589e594d96a00db47801df58b) (TextureImporter) -> (artifact id: 'a354c2d6e7173ff69ff4627b5e2da38a') in 0.0497866 seconds
Start importing Packages/com.unity.collab-proxy/Editor/Assets/Images/d_iconplasticnotifypendingchangesandincoming@2x.png using Guid(54024d7bafa404eb39097aa14df8a5cb) (TextureImporter) -> (artifact id: '400d03284a946c729dc943938984be83') in 0.048999 seconds
Start importing Packages/com.unity.timeline/Editor/StyleSheets/Images/Icons/TrackAvatarButtonDisabled.png using Guid(54623075676bd504d93243fb18745161) (TextureImporter) -> (artifact id: '3a61fa4105453d198552b093a2a30f7d') in 0.073781 seconds
Start importing Packages/com.unity.inputsystem/InputSystem/Editor/Icons/d_Interactive Binding@3x.png using Guid(542599ad529004327a7b18f7b2a4aeb8) (TextureImporter) -> (artifact id: '0d8064ee2c7ebe5bf90b33e0e3621069') in 0.0508556 seconds
Start importing Packages/com.unity.2d.animation/Editor/Assets/EditorIcons/Dark/d_Locked.png using Guid(54a610f7c311dfd44ab29f9eaec16137) (TextureImporter) -> (artifact id: 'dfd8bce5032b141c8c3c0fc65a1ae9ed') in 0.0400289 seconds
Start importing Packages/com.unity.2d.animation/Editor/Assets/EditorIcons/Light/Paste@2x.png using Guid(54b8604d8a7085842917d5b83ca73854) (TextureImporter) -> (artifact id: '9617e5d0484eb0e7db4534abc3f7634d') in 0.0396027 seconds
Start importing Packages/com.unity.2d.animation/Editor/Assets/ComponentIcons/Animation.IKManager On@64.png using Guid(54ce89f1e912746ecb70ddf53bead1f8) (TextureImporter) -> (artifact id: 'a237136df3ee06f03b775ffba89315a8') in 0.0382081 seconds
Start importing Packages/com.unity.2d.animation/Editor/Assets/EditorIcons/Dark/d_Split Bones@3x.png using Guid(64d1c4e3e3931d64880fdffaf2f4b938) (TextureImporter) -> (artifact id: '833ed1dec1261465a2a1f13d4ec11e75') in 0.0283151 seconds
Start importing Packages/com.unity.ugui/Editor Resources/Textures/btn_AlignFlush_Light.psd using Guid(64b9fad609434c489c32b1cdf2004a1c) (TextureImporter) -> (artifact id: 'ab200197f3b3ef1688706cf99ad90a46') in 0.0088418 seconds
Start importing Packages/com.unity.2d.animation/Editor/Assets/EditorIcons/Dark/d_Locked@2x.png using Guid(7413e47d65010fa4386b2cb8e5c3c0c1) (TextureImporter) -> (artifact id: '4fbf51bcbf3fa2ad8cf867028e1d594d') in 0.0401793 seconds
Start importing Packages/com.unity.multiplayer.center/Editor/MultiplayerCenterWindow/UI/Icons/d_Questionnaire.png using Guid(741761e72e6f24446bd8ba03ea3d0261) (TextureImporter) -> (artifact id: '85c15afad3b4c668d306a7370de7c096') in 0.0452362 seconds
Start importing Packages/com.unity.2d.sprite/Editor/Assets/d_SpriteEditor@2x.png using Guid(74d9036aa1bb14ccfafb89d639870288) (TextureImporter) -> (artifact id: 'b71d0560e912ced694929ca341f197f6') in 0.0416074 seconds
Start importing Packages/com.unity.2d.animation/Editor/Assets/EditorIcons/Light/character_Mode@4x.png using Guid(748ae8b33df036b46a86e0387f1602cf) (TextureImporter) -> (artifact id: '5826b8b6343626f0ed91d6d7af5e2630') in 0.0432666 seconds
Start importing Packages/com.unity.visualscripting/Graphics/Icons_16x_72dpi.psd using Guid(749d1db079e2d5e4ea440488ee312b04) (TextureImporter) -> (artifact id: '38b3d8398607895616e73e8badac846f') in 0.0292123 seconds
Start importing Packages/com.unity.collab-proxy/Editor/Assets/Images/iconaddedoverlay@2x.png using Guid(74ef721fef79c44489d4e3edb0ab0c01) (TextureImporter) -> (artifact id: 'f92ecba529976e0cd9d59ec6ebe44ee9') in 0.0422454 seconds
Start importing Packages/com.unity.multiplayer.center/Editor/MultiplayerCenterWindow/UI/Icons/EmptyViewIcon.png using Guid(84e4bbd00035e4671bf14e0380a89001) (TextureImporter) -> (artifact id: '346a319b4ba53aca619ec0b629e3d1b9') in 0.0358651 seconds
Start importing Packages/com.unity.render-pipelines.core/Editor/Lighting/Icons/PresetFill_Left.png using Guid(84767f608f72f5a4090837fc328dd75f) (TextureImporter) -> (artifact id: 'e2d3f3159343660d2ad2b7e2cbbe3dd8') in 0.057705 seconds
Start importing Packages/com.unity.collab-proxy/Editor/Assets/Images/iconrepository@2x.png using Guid(84f696eaa6e195043b22f318aa59b058) (TextureImporter) -> (artifact id: '6532592637b9501e36880d87e1a01ef5') in 0.0572958 seconds
Start importing Packages/com.unity.render-pipelines.core/Editor/LookDev/Icons/d_LeftArrow.png using Guid(84189b4c7caeef3419b6b031b8812685) (TextureImporter) -> (artifact id: '31746d0270ba61214f2a818a43c4f06a') in 0.0167266 seconds
Start importing Packages/com.unity.2d.animation/Editor/Assets/ComponentIcons/Animation.IKCCD@64.png using Guid(84b96a9d1862c4a59afc0fff9875bfc4) (TextureImporter) -> (artifact id: '4b8cf27d8ffb4502c5c39e432e6c589d') in 0.0438862 seconds
Start importing Packages/com.unity.2d.tilemap/Editor/Icons/d_Tilemap.EditPalette.png using Guid(84cd96391d8e912479adff56b3500191) (TextureImporter) -> (artifact id: 'ebed81b80fd9980d1631698f2b7ccdac') in 0.043385 seconds
Start importing Packages/com.unity.render-pipelines.universal/Editor/ShaderGraph/GraphTemplates/FullscreenBasicTemplateThumbnail.png using Guid(9410f8b043e30fe4da99295d950c470f) (TextureImporter) -> (artifact id: '1f88a1efa7eb4ff67c4bd0b4f850e022') in 0.0608868 seconds
Start importing Packages/com.unity.multiplayer.center/Editor/MultiplayerCenterWindow/UI/Icons/PackageManager@2x.png using Guid(9431e8221045c4af189b2fa7174b9e9f) (TextureImporter) -> (artifact id: '0feeb19ad75891956289dc0ea90703f5') in 0.0324524 seconds
Start importing Packages/com.unity.visualscripting/Editor/VisualScripting.Core/IconMap/UnityMessageListener@32x.png using Guid(9494e5b136d34c74f96fb0df4a7b9a77) (TextureImporter) -> (artifact id: '285e115b75350e6fcf6afb3e9a09d971') in 0.0246567 seconds
Start importing Packages/com.unity.shadergraph/Editor/Resources/GraphView/Nodes/NodeChevronUp@2x.png using Guid(94c5e3f4e8affed4285a0c674a431b9e) (TextureImporter) -> (artifact id: '2b0cc0cd00e6b4b2b278653dcccbadcc') in 0.0357374 seconds
Start importing Packages/com.unity.2d.spriteshape/Editor/Handles/ss_leftrange.png using Guid(9417efc47083f4a1598c1966a6345cdb) (TextureImporter) -> (artifact id: '66e4253a03402e52731666a8ec164113') in 0.0412816 seconds
Start importing Packages/com.unity.render-pipelines.core/Editor/Lighting/Icons/LightUnitIcons/d_SoftAreaLight.png using Guid(940a20d919196f1408474a7b7057f4b9) (TextureImporter) -> (artifact id: '37117dd2ddb09da7774ced71ecedfc37') in 0.0230669 seconds
Start importing Packages/com.unity.inputsystem/InputSystem/Editor/Icons/d_Touch.png using Guid(94fa2e214a138425e8afbbe1329e0b55) (TextureImporter) -> (artifact id: '3dd089dd95ab8f63844cb6219a87e96b') in 0.0384493 seconds
Start importing Packages/com.unity.2d.animation/Editor/Assets/EditorIcons/Light/Paste.png using Guid(94cc0d3ec6363a94c8802f10ef239744) (TextureImporter) -> (artifact id: 'c7d89bc5862626cbffebf67fad33ef45') in 0.0455074 seconds
Start importing Packages/com.unity.render-pipelines.core/Editor/LookDev/Icons/d_Link.png using Guid(94ec4fdf9502c3747b5c0754ca18919e) (TextureImporter) -> (artifact id: '85280a498e17920f67657987bcf87c96') in 0.020927 seconds
Start importing Packages/com.unity.inputsystem/InputSystem/Editor/AssetEditor/PackageResources/pro/actionTreeBackgroundWithoutBorder.png using Guid(943deaaee9c9347e0a455aa208526c42) (TextureImporter) -> (artifact id: 'd2c8d851513ca80477cad399d37f1ce7') in 0.0429863 seconds
Start importing Packages/com.unity.2d.tilemap/Editor/Icons/GridSelection@2x.png using Guid(949e98ac1c07e424685f43f530864a7c) (TextureImporter) -> (artifact id: '8269fd0576240a25cc7bc653f293510b') in 0.0391934 seconds
Start importing Packages/com.unity.collab-proxy/Editor/Assets/Images/iconpressedclosebutton.png using Guid(94fe868620119564f9474f40cd6145aa) (TextureImporter) -> (artifact id: '11e3abff527066322ea6bba2a1ef0b33') in 0.0403183 seconds
Start importing Packages/com.unity.2d.tilemap/Editor/Icons/EditorUI.Filter@2x.png using Guid(943f98e6f10ab4d4883cdc5198a68118) (TextureImporter) -> (artifact id: '96fb6a732909a36500d9565ba7a9a3ed') in 0.0400658 seconds
Start importing Packages/com.unity.timeline/Editor/StyleSheets/Images/Icons/Timeline-Marker-Warning-Overlay.png using Guid(945f4ecec6df62244b9ebcc363833642) (TextureImporter) -> (artifact id: '71ef14ba0f1ed6c83b5454951e691dd4') in 0.0402486 seconds
Start importing Packages/com.unity.inputsystem/InputSystem/Editor/Icons/Joystick@3x.png using Guid(a4610f64a5a4e4625b1ddbd44b04c5a6) (TextureImporter) -> (artifact id: 'e8067fe95af49b7471a5031cb3a3c7e1') in 0.0420863 seconds
Start importing Packages/com.unity.render-pipelines.core/Editor/LookDev/Icons/d_Environment@2x.png using Guid(a4638c6b8e07c0b49822ed7a91a96d0a) (TextureImporter) -> (artifact id: '3536868d095929a3594214281c837b04') in 0.0454871 seconds
Start importing Packages/com.unity.inputsystem/InputSystem/Editor/Icons/TrackedPoseDriver.png using Guid(a4d5a38cb01e9c54aa75431f797059cb) (TextureImporter) -> (artifact id: '281ee53a18b573a0a8d546d189d2bfa2') in 0.042017 seconds
Start importing Packages/com.unity.2d.animation/Editor/Assets/EditorIcons/Light/Generate_Geometry@4x.png using Guid(a4c77cea19fd0f84581d6e437a86290c) (TextureImporter) -> (artifact id: '62aa9160f69a4318e6f167ce67eab821') in 0.0437879 seconds
Start importing Packages/com.unity.2d.psdimporter/Editor/Assets/Icons/Light/Layers Separated@4x.png using Guid(a4a8b6ebb023f4786b192a65f264a697) (TextureImporter) -> (artifact id: '7e38402977ee0acaeb4db3a5c4c39191') in 0.0462051 seconds
Start importing Packages/com.unity.inputsystem/InputSystem/Editor/Icons/d_Add Binding.png using Guid(a4bbff684804d4c84b61cd0256cd2360) (TextureImporter) -> (artifact id: 'c7e31f386b7b9f5b63e592ea949d0f9f') in 0.0409511 seconds
Start importing Packages/com.unity.inputsystem/InputSystem/Editor/Icons/Position@3x.png using Guid(a43c2c10c85c448b584c8f2840f86915) (TextureImporter) -> (artifact id: '546381794fa4b409d55d8552ae7e7d56') in 0.0396706 seconds
Start importing Packages/com.unity.2d.animation/Editor/Assets/ComponentIcons/Animation.IKManager On@256.png using Guid(a4bde53ec7c104f868be7329e31dd480) (TextureImporter) -> (artifact id: 'ba39face578b5b85db7082414e95702b') in 0.0423966 seconds
Start importing Packages/com.unity.inputsystem/InputSystem/Editor/Icons/Stick@3x.png using Guid(a4deca3e01bf64bfc9136f4cb3b41c9f) (TextureImporter) -> (artifact id: 'd1b60579c00351a5280f4a2588dff3b8') in 0.0328963 seconds
Start importing Packages/com.unity.render-pipelines.core/Editor/Resources/Gizmos/ProbeVolume.png using Guid(a4aff83690b661e4fab719effabef2a9) (TextureImporter) -> (artifact id: 'c744d51de1f8bfb3ce32462f8ad5a03e') in 0.0219554 seconds
Start importing Packages/com.unity.2d.animation/Editor/Assets/EditorIcons/Dark/d_Create Bones.png using Guid(b4b58192a0265df4980d56bf9054df08) (TextureImporter) -> (artifact id: '0782e56d41f39eb0333568123dea4d07') in 0.0347343 seconds
Start importing Packages/com.unity.collab-proxy/Editor/Assets/Images/iconinviteusers@2x.png using Guid(b43651fb085b38445ade3f9de3ab0636) (TextureImporter) -> (artifact id: 'c4c839d0b27baa373d667fc610dd814e') in 0.0392322 seconds
Start importing Packages/com.unity.render-pipelines.universal/Textures/FilmGrain/Medium06.png using Guid(b4db8180660810945bf8d55ab44352ad) (TextureImporter) -> (artifact id: '534c318e94197f4fe6bfe3b3dc167ecc') in 0.0274629 seconds
Start importing Packages/com.unity.render-pipelines.universal/Editor/2D/Resources/LightCapTopRight.png using Guid(b42c95bdd7efefc43900dbbedc4a39f8) (TextureImporter) -> (artifact id: '417d8013f922270770bccf734e077a17') in 0.0084657 seconds
Start importing Packages/com.unity.2d.tilemap/Editor/Icons/d_Tilemap.FocusGrid.png using Guid(b46d3a07716bc8b4296166d5ac10e492) (TextureImporter) -> (artifact id: 'f3a2ffed57f20e79b6a25b533c39055a') in 0.051997 seconds
Start importing Packages/com.unity.collab-proxy/Editor/Assets/Images/d_iconadd@2x.png using Guid(c41381829109cd84786a392ea6e3db60) (TextureImporter) -> (artifact id: '0df77356cbf0be9fca130d3879061de5') in 0.041137 seconds
Start importing Packages/com.unity.inputsystem/InputSystem/Editor/Icons/d_InputControl@2x.png using Guid(c4235c4abfa134435bd4c8c1f8fd8c56) (TextureImporter) -> (artifact id: '1ba71243c8732a54f0d3c5d3617194c7') in 0.0301454 seconds
Start importing Packages/com.unity.inputsystem/InputSystem/Editor/AssetEditor/PackageResources/pro/actionTreeBackground.png using Guid(c4b66e31395c54087a2fbc13ae7e0f3c) (TextureImporter) -> (artifact id: '961327876bb57afaeffaaa41f2316244') in 0.0214523 seconds
Start importing Packages/com.unity.inputsystem/InputSystem/Editor/Icons/ChevronUp@4x.png using Guid(c4f7551c56dfb47a7a105b6579646d2f) (TextureImporter) -> (artifact id: 'd7b8c976a615b299c578fabbc2e29c61') in 0.0089283 seconds
Start importing Packages/com.unity.render-pipelines.core/Editor/Lighting/Icons/d_LightPlacement_Icon@32.png using Guid(c4f74ec1885109d438846c229989bcf9) (TextureImporter) -> (artifact id: '927b70bea0983ce0f99c68fea581fa60') in 0.007531 seconds
Start importing Packages/com.unity.2d.animation/Editor/Assets/ComponentIcons/d_Animation.IKLimb@64.png using Guid(c4b88bdeab9b1418083e414b97e3f1cd) (TextureImporter) -> (artifact id: '5ac1fa592c42dff75f3a5ff387afca71') in 0.0341226 seconds
Start importing Packages/com.unity.collab-proxy/Editor/Assets/Images/d_iconcurrentbranch@2x.png using Guid(c48b8bcda45b63442a7a7c7244c84635) (TextureImporter) -> (artifact id: '9704db0804d63ba60bc8620d4f3055fa') in 0.0389032 seconds
Start importing Packages/com.unity.2d.animation/Editor/Assets/ComponentIcons/Animation.SpriteSkin On@32.png using Guid(c48d0173f2d2c40679bc236de8551a69) (TextureImporter) -> (artifact id: 'deca43ee7bc03b4a39e1924d52e3d903') in 0.0461232 seconds
Start importing Packages/com.unity.2d.animation/Editor/Assets/EditorIcons/Dark/d_character_Mode@2x.png using Guid(d4a1388a0d4ee9c44bcaa86e463a7b39) (TextureImporter) -> (artifact id: '3bc611aa0cb59a607b0ac0c2405e7599') in 0.0529484 seconds
Start importing Packages/com.unity.render-pipelines.universal/Textures/BlueNoise16/L/LDR_LLL1_19.png using Guid(d4044ea2490d63b43aa1765f8efbf8a9) (TextureImporter) -> (artifact id: 'e5fba16650af2131f83eff51c3668d0a') in 0.0196292 seconds
Start importing Packages/com.unity.2d.animation/Editor/Assets/EditorIcons/Light/character_Mode.png using Guid(d4d64a6cd9624c34a815dd79fb2a20a4) (TextureImporter) -> (artifact id: 'a3344f7b0739c60022ac4ffcf2fbd4bb') in 0.0404129 seconds
Start importing Packages/com.unity.render-pipelines.core/Editor/Icons/MipLevels/VolumeProfile@32.png using Guid(d437cf5f006f8e74eb25c84d04daa681) (TextureImporter) -> (artifact id: '0c36a57317e39e2b43a9d9725c9e76e5') in 0.0310022 seconds
Start importing Packages/com.unity.collab-proxy/Editor/Assets/Images/stepok.png using Guid(d4780dc1205c7c7478c970d8c61d24e8) (TextureImporter) -> (artifact id: 'd4e4bb564c8cca7bf8a7b30b3bb87662') in 0.0341325 seconds
Start importing Packages/com.unity.render-pipelines.core/Runtime/Debugging/Prefabs/Textures/UIElement8px.png using Guid(d49e78756811bfa4aafb8b6535417991) (TextureImporter) -> (artifact id: 'fc5e804aba355184d2e2f59697df4134') in 0.0359569 seconds
Start importing Packages/com.unity.timeline/Editor/StyleSheets/Images/Icons/TimelineClipBG.png using Guid(d44fc8b11425e0043aa7c20a301ce707) (TextureImporter) -> (artifact id: '6ce652a39ae65de2678ab7db53c7d692') in 0.0366586 seconds
Start importing Packages/com.unity.collab-proxy/Editor/Assets/Images/d_iconbrex.png using Guid(d44f9c7a4044e1845b5b3627ba32fb10) (TextureImporter) -> (artifact id: '32413f47d5d5cedccdf67a71016bc57c') in 0.0481295 seconds
Start importing Packages/com.unity.render-pipelines.core/Editor/Lighting/Icons/LightUnitIcons/IntenseAreaLight.png using Guid(d4df75c76c1661847b6902f889b44bcb) (TextureImporter) -> (artifact id: 'd8654ad6244f08528fe0e3d6d60bb3ff') in 0.025406 seconds
Start importing Packages/com.unity.collab-proxy/Editor/Assets/Images/iconoutofsyncoverlay.png using Guid(e4517bb2f521d99439ec9981a44a87ec) (TextureImporter) -> (artifact id: '08d253a097c9387f42d185a469620dd6') in 0.0568582 seconds
Start importing Packages/com.unity.collab-proxy/Editor/Assets/Images/iconbranches@2x.png using Guid(e45389a8a97044d4caf408f252370632) (TextureImporter) -> (artifact id: '2c59306dcf109466d697e637ff23c6cc') in 0.0389897 seconds
Start importing Packages/com.unity.render-pipelines.core/Editor/Lighting/Icons/LightUnitIcons/d_VeryBrightSun@2x.png using Guid(e4e685bec200b3c45a29e88e2eeb8ddb) (TextureImporter) -> (artifact id: '85a0280b720eed5934e10332e55db27a') in 0.0411445 seconds
Start importing Packages/com.unity.2d.animation/Editor/Assets/EditorIcons/Dark/d_Weight_Brush.png using Guid(e41886f7c5271c74f9adbf719cbd3e67) (TextureImporter) -> (artifact id: 'c161eac0eca55c7d48fd08f8e27c63ea') in 0.0474709 seconds
Start importing Packages/com.unity.2d.tilemap/Editor/Icons/d_Grid.RotateCW@2x.png using Guid(e41a6ab3ac7354642a9006c03183e95e) (TextureImporter) -> (artifact id: 'f7f110e9a511d77160f4ea8357d7470c') in 0.0399843 seconds
Start importing Packages/com.unity.inputsystem/InputSystem/Editor/Icons/d_ChevronUp@4x.png using Guid(e46ad23216d074f828f3437b21912c64) (TextureImporter) -> (artifact id: '0a469d0e45b1313aba1676f02beb3832') in 0.0324137 seconds
Start importing Packages/com.unity.2d.psdimporter/Editor/Assets/Icons/Selected/Layers Collapsed@8x.png using Guid(f47213af7e996497b96c4b5df3e6b613) (TextureImporter) -> (artifact id: '7bd8f7321a9b25c6ddf6a198e8679cfd') in 0.0419197 seconds
Start importing Packages/com.unity.collab-proxy/Editor/Assets/Images/d_ArrowCaretRight.png using Guid(f4d4cddc7d40e49e18d2253e661465b2) (TextureImporter) -> (artifact id: 'a96fc812cc35e80e853680ed95003c64') in 0.0402294 seconds
Start importing Packages/com.unity.inputsystem/InputSystem/Editor/Icons/d_Interactive Binding@4x.png using Guid(f4e6ca70dd9734da1a812be882c6364e) (TextureImporter) -> (artifact id: 'dc8f391da8384dc5ec3036d0c131c4a2') in 0.0375257 seconds
Start importing Packages/com.unity.render-pipelines.universal/Editor/2D/Resources/LightCapTopLeft.png using Guid(f4f779c88fa8c514d970afbd68ff6b3f) (TextureImporter) -> (artifact id: 'a3debf77b7acbc5a0dfaf56ca2da7674') in 0.008888 seconds
Start importing Packages/com.unity.2d.animation/Editor/Assets/EditorIcons/Light/Visibility_Hidded@4x.png using Guid(f469f8253737d534ca7809ae6f0d2422) (TextureImporter) -> (artifact id: 'c427a0cf28bc1eadf79ee2c4788ba349') in 0.0434513 seconds
Start importing Packages/com.unity.2d.animation/Editor/Assets/EditorIcons/Dark/d_Mesh.png using Guid(f4e90b0a1e5a5bc46897cdcf5a142111) (TextureImporter) -> (artifact id: '9d7a44dbf6181efcd2214bd9bdfb6574') in 0.0332551 seconds
Start importing Packages/com.unity.collab-proxy/Editor/Assets/Images/iconhistory.png using Guid(f42a69ee6b34c4a8eb57e17686d6ab67) (TextureImporter) -> (artifact id: 'cde3f1ca15e67000598b397b9bdf8f0e') in 0.0370637 seconds
Start importing Packages/com.unity.render-pipelines.core/Editor/Lighting/Icons/DownSnatch.png using Guid(f4efccbcc00042141b8f7f63392439b5) (TextureImporter) -> (artifact id: '2373b48487c20c4dfe812d857a24d955') in 0.0383974 seconds
Start importing Packages/com.unity.2d.animation/Editor/Assets/EditorIcons/Dark/d_Split_Edge.png using Guid(0530bfa18fbf4a140b3a604c988a9a4b) (TextureImporter) -> (artifact id: '3bc31ea08a51dafc0d55f8191c71b2b5') in 0.0410615 seconds
Start importing Packages/com.unity.2d.animation/Editor/Assets/ComponentIcons/Animation.IKManager@64.png using Guid(0502e3e0c944a4f71948552166af7b48) (TextureImporter) -> (artifact id: '7632da6f6da5a35b4d8501a3807e8364') in 0.0408211 seconds
Start importing Packages/com.unity.2d.tilemap/Editor/Icons/d_GridSelection.png using Guid(0594f3299f18e6f41908492f9b359f6c) (TextureImporter) -> (artifact id: '91a000d8e18820e9b3afa568311dd69e') in 0.0349046 seconds
Start importing Packages/com.unity.collab-proxy/Editor/Assets/Images/d_iconclosebutton@2x.png using Guid(0525793900d728a42936791a8a6de63b) (TextureImporter) -> (artifact id: '53b851c6c9527dbfe4abd417cda64f75') in 0.0300405 seconds
Start importing Packages/com.unity.2d.animation/Editor/Assets/EditorIcons/Dark/d_Generate_Weights.png using Guid(05c5f13370d29414b9489151a4f5c666) (TextureImporter) -> (artifact id: '2e49fc9fd2a848507307b67db398c411') in 0.0322795 seconds
Start importing Packages/com.unity.collab-proxy/Editor/Assets/Images/d_inclusionrule.png using Guid(05ba7199286b24c6ca7441e2c454f5c3) (TextureImporter) -> (artifact id: '77a3613afa3f9e0e49635b04e7249849') in 0.0373317 seconds
Start importing Packages/com.unity.inputsystem/InputSystem/Editor/Icons/Mouse@3x.png using Guid(05bbafd21bf3c4cca93cb8ddfbbd4070) (TextureImporter) -> (artifact id: 'e7c88b9d700e5d2bb092f2b23f637d78') in 0.0313186 seconds
Start importing Packages/com.unity.collab-proxy/Editor/Assets/Images/d_iconconflictresolvedoverlay.png using Guid(056ee72c467a4e24d87541d42839ca72) (TextureImporter) -> (artifact id: 'a63b15686cf47135e94d1feef0117785') in 0.0319991 seconds
Start importing Packages/com.unity.2d.psdimporter/Editor/Assets/Icons/Selected/Layers Separated@8x.png using Guid(15b1d39ac42ce4674bd63f86f9a0c5df) (TextureImporter) -> (artifact id: 'a97f84bf9a94a9d8813ca7611b7c1514') in 0.03768 seconds
Start importing Packages/com.unity.2d.animation/Editor/Assets/EditorIcons/Dark/d_Edit_Joints@4x.png using Guid(15d3c315af8faf2498573371308b9d3e) (TextureImporter) -> (artifact id: '8a19a1760938a0997c9ead72418276a6') in 0.0301159 seconds
Start importing Packages/com.unity.timeline/Editor/StyleSheets/Images/Icons/TimelineSignal.png using Guid(15845fb26c2846947b4dedb9fb348cc1) (TextureImporter) -> (artifact id: '642ab8fa941c9b90f611ac85613be525') in 0.0182803 seconds
Start importing Packages/com.unity.inputsystem/InputSystem/Editor/Icons/ChevronDown@2x.png using Guid(153c8e15f7f6c452ca50f6795813ed39) (TextureImporter) -> (artifact id: 'beb9327d110db11d835b2961273bd145') in 0.0313838 seconds
Start importing Packages/com.unity.inputsystem/InputSystem/Editor/Icons/d_Position@2x.png using Guid(2552e303d22424da2ad62552efbd06e8) (TextureImporter) -> (artifact id: '305e361546848edac73c4049652fd1c2') in 0.027761 seconds
Start importing Packages/com.unity.2d.animation/Editor/Assets/EditorIcons/Dark/d_True@2x.png using Guid(259317a3fa77b4619b4356af5648368f) (TextureImporter) -> (artifact id: '541f67604464ad3541be7e8e90ebb944') in 0.0393886 seconds
Start importing Packages/com.unity.2d.common/Path/Editor/Handles/TangentContinuousPro.png using Guid(25c4e987877a046bd994284ffeabc78b) (TextureImporter) -> (artifact id: '5c5c593969575c22ed18af77916a4bda') in 0.0303401 seconds
Start importing Packages/com.unity.2d.animation/Editor/Assets/EditorIcons/Light/character_Mode@2x.png using Guid(25096ce515c063c48a2bd6b108c95912) (TextureImporter) -> (artifact id: 'dc387a657f547bbe93aa203f8e093e49') in 0.0362802 seconds
Start importing Packages/com.unity.collab-proxy/Editor/Assets/Images/iconclouddriveview@2x.png using Guid(259fe6e49c74eb143a9fc88f6bd3f050) (TextureImporter) -> (artifact id: 'e824dd9af1ddcf960d53f34b5da115b7') in 0.0346542 seconds
Start importing Packages/com.unity.visualscripting/Graphics/Icons_32x_72dpi.psd using Guid(35a21b8c004950548af9fc81919e1aa9) (TextureImporter) -> (artifact id: 'a6fd358d6d25a0786bff61f7769387b5') in 0.0429489 seconds
Start importing Packages/com.unity.2d.tilemap.extras/Editor/Brushes/LineBrush/d_LineBrush.png using Guid(3533393d67b7f45f8a9ca927bdd0d47f) (TextureImporter) -> (artifact id: 'd9e8663455988789075e500ea63999b5') in 0.0338702 seconds
Start importing Packages/com.unity.2d.animation/Editor/Assets/EditorIcons/Dark/d_Paste@4x.png using Guid(35a3340b835c797478eb139353421953) (TextureImporter) -> (artifact id: '9913c55e29be7ceaa380923a5bb68b9d') in 0.0311398 seconds
Start importing Packages/com.unity.render-pipelines.core/Editor/Icons/RenderGraphViewer/FramebufferFetch@2x.png using Guid(35a75acf988224d4da424a5a42cdaaf9) (TextureImporter) -> (artifact id: 'c16308ee4a1d089115ce64c4dad78b9e') in 0.006401 seconds
Start importing Packages/com.unity.2d.animation/Editor/Assets/ComponentIcons/Animation.SpriteSkin@32.png using Guid(35f90efdb1e6d4fb29c4108de82bf1b2) (TextureImporter) -> (artifact id: 'c0828f23c680aa42d90a356f6164e5a2') in 0.0378633 seconds
Start importing Packages/com.unity.render-pipelines.core/Editor/LookDev/Icons/Layout2@2x.png using Guid(356caeb1305bf794e94ecd5161f8e6e3) (TextureImporter) -> (artifact id: 'b6a7b481ede122f296995fd7e2f1e0a4') in 0.026297 seconds
Start importing Packages/com.unity.timeline/Editor/StyleSheets/Images/DarkSkin/TimelineActivation.png using Guid(359cf58d5969d1a4aad29b095c7fc338) (TextureImporter) -> (artifact id: 'fcc63c46e9d6abd563d7ea019e5c4af1') in 0.0410622 seconds
Start importing Packages/com.unity.render-pipelines.core/Editor/LookDev/Icons/Duplicate.png using Guid(352dd7fc77ee28c479bf6504efe94f16) (TextureImporter) -> (artifact id: '515745b355c7766d539fe6c4495db0eb') in 0.0104407 seconds
Start importing Packages/com.unity.ugui/Editor Resources/Textures/btn_AlignCenterGeo_Light.psd using Guid(35ff0937876540d3bd4b6a941df62a92) (TextureImporter) -> (artifact id: 'aca0d852c9a08345e1e638a441592706') in 0.0105336 seconds
Start importing Packages/com.unity.2d.tilemap/Editor/Icons/Tilemap.BrushPicks@4x.png using Guid(45612d93bb71d8f48bb1dba4b0f5caac) (TextureImporter) -> (artifact id: 'e500f4782145c59428e21e02accf6d96') in 0.044133 seconds
Start importing Packages/com.unity.2d.animation/Editor/Assets/EditorIcons/Dark/d_True.png using Guid(4573e6fe13e8f4b68a6e290c779078cd) (TextureImporter) -> (artifact id: 'daa5fe384902d91389c77780c8f442e9') in 0.0444601 seconds
Start importing Packages/com.unity.render-pipelines.core/Editor/LookDev/Icons/Link.png using Guid(45751a4124f67c443bf96ed1df7c550b) (TextureImporter) -> (artifact id: '2fcda39e4a18d10567716c2c1ec048f9') in 0.044666 seconds
Start importing Packages/com.unity.2d.tilemap/Editor/Icons/d_Tilemap.ShowGrid@2x.png using Guid(4576408ff459c3a48a69ad3c7d941581) (TextureImporter) -> (artifact id: '86ea41e7c9589b1cb6a055e6d3e38282') in 0.0441194 seconds
Start importing Packages/com.unity.2d.animation/Editor/Assets/ComponentIcons/Animation.IKLimb@32.png using Guid(4567ce7a1cf16433196f2688091df4ca) (TextureImporter) -> (artifact id: '2a377a1198ddb7a3db299ee5f6bd95f5') in 0.0450939 seconds
Start importing Packages/com.unity.2d.animation/Editor/Assets/EditorIcons/Light/Visibility_Tool@2x.png using Guid(45c995b76b893fd4b9e8d3e0f9f6463b) (TextureImporter) -> (artifact id: '671e914a0662f5032a849eb37e67c7b2') in 0.0447114 seconds
Start importing Packages/com.unity.inputsystem/InputSystem/Editor/Icons/d_Stick.png using Guid(55040e210fa9b426b861a26909ab4de7) (TextureImporter) -> (artifact id: '13828afdf1b6c1df9e4c116563c58b3e') in 0.0473213 seconds
Start importing Packages/com.unity.collab-proxy/Editor/Assets/Images/d_iconzoomin.png using Guid(5544f39aea350784ba1dd4ecc285b777) (TextureImporter) -> (artifact id: '815529f683d2f643e4bd4b3ebf2f82dc') in 0.042202 seconds
Start importing Packages/com.unity.collab-proxy/Editor/Assets/Images/d_iconlock@2x.png using Guid(55747841a2e3b47dab36dc8d5e0dc4df) (TextureImporter) -> (artifact id: 'e3eb1afec056c788709689f8ae8d6d10') in 0.0447775 seconds
Start importing Packages/com.unity.2d.animation/Editor/Assets/EditorIcons/Selected/Edit_Pose@3x.png using Guid(558997ec9158c584a9ba9ee3eddbe8b0) (TextureImporter) -> (artifact id: '2edb95d0a986e94194b06a114bf3c8c9') in 0.0593146 seconds
Start importing Packages/com.unity.2d.animation/Editor/Assets/EditorIcons/Light/Sprite_Mode@4x.png using Guid(554a30a45860f494ca38586c54b7e5d9) (TextureImporter) -> (artifact id: '3857a9c01463f714ac4d9031317e5fcc') in 0.0896924 seconds
Start importing Packages/com.unity.collab-proxy/Editor/Assets/Images/xlink.png using Guid(556a2f3b046024d4c9621c1b4be5f0c1) (TextureImporter) -> (artifact id: '318c86c9b02937e2cace1657da3fe983') in 0.0551026 seconds
Start importing Packages/com.unity.2d.animation/Editor/Assets/EditorIcons/Light/Copy@3x.png using Guid(55ad4b6109677be42b239f450ce98c29) (TextureImporter) -> (artifact id: '0ab83ee27c964cd9623a58bd7cbbfd0b') in 0.0666528 seconds
Start importing Packages/com.unity.collab-proxy/Editor/Assets/Images/d_iconconflicted@2x.png using Guid(65f0e363b74cf5845ab8c3fbc14f39ac) (TextureImporter) -> (artifact id: '4d85b48321e0e101dd31769fafc53ddd') in 0.0656323 seconds
Start importing Packages/com.unity.render-pipelines.universal/Textures/FilmGrain/Thin01.png using Guid(654c582f7f8a5a14dbd7d119cbde215d) (TextureImporter) -> (artifact id: 'bc13f747ce0622db77bdcbd62f9d8e24') in 0.0382235 seconds
Start importing Packages/com.unity.2d.animation/Editor/Assets/EditorIcons/Selected/Split Bones@2x.png using Guid(652f381007a2d2247a40aa63c91c2565) (TextureImporter) -> (artifact id: '37b47ab96f3858c304902f8b70b27081') in 0.0478995 seconds
Start importing Packages/com.unity.2d.animation/Editor/Assets/ComponentIcons/d_Animation.SpriteLibrary@32.png using Guid(75f06dda60070420793cf5b254fcf8f7) (TextureImporter) -> (artifact id: 'a52ad04a16bee99a300fab2e61e12659') in 0.0493451 seconds
Start importing Packages/com.unity.timeline/Editor/StyleSheets/Images/Shared/Timeline-Marker-Multi-Overlay.png using Guid(75f26f1c549568c4e9950a368bd08cb8) (TextureImporter) -> (artifact id: '5d690acf61fa9413856a3dea018840fa') in 0.0440937 seconds
Start importing Packages/com.unity.inputsystem/InputSystem/Editor/Icons/Gamepad@4x.png using Guid(7543bb6341c2140f292c8c852e7a3bbf) (TextureImporter) -> (artifact id: '08634a48a09ea294cf0bdbe9d95cfd72') in 0.0454025 seconds
Start importing Packages/com.unity.2d.sprite/Editor/ObjectMenuCreation/DefaultAssets/Textures/v2/Triangle.png using Guid(75f5f34dc1b5347e0b8351032682f224) (TextureImporter) -> (artifact id: '8838e5f6965063ca9fbdb64018e89694') in 0.0567323 seconds
Start importing Packages/com.unity.2d.tilemap.extras/Editor/Brushes/GroupBrush/GroupBrush@2x.png using Guid(75b928454d106411f99eb3c22a2c2eff) (TextureImporter) -> (artifact id: 'be771b02b106759554767b8680f52ba3') in 0.0519332 seconds
Start importing Packages/com.unity.2d.tilemap/Editor/Icons/d_EditorUI.TargetHover@2x.png using Guid(857187d2d610c234587c8a50803e4307) (TextureImporter) -> (artifact id: '418b12387aa4e220ca3cae31642e2498') in 0.0510342 seconds
Start importing Packages/com.unity.render-pipelines.core/Editor/LookDev/Icons/LookDev.png using Guid(85099cb723efe4444a23b08281d721c2) (TextureImporter) -> (artifact id: '4ef6057e273f9d36ee143e52a968c1d2') in 0.0526721 seconds
Start importing Packages/com.unity.2d.animation/Editor/Assets/EditorIcons/Dark/d_Warning.png using Guid(85be10d80c20c4181b8d53e425fb92a4) (TextureImporter) -> (artifact id: 'c73fb68933705011e40fe41c1bcd49c7') in 0.0504033 seconds
Start importing Packages/com.unity.2d.tilemap/Editor/Icons/d_Tilemap.ShowTilePalette.png using Guid(95b2d1ff151dd2f479bf1f6321b44179) (TextureImporter) -> (artifact id: '3ad9b1a81aa6128afeff7c7bf713e89d') in 0.049204 seconds
Start importing Packages/com.unity.2d.animation/Editor/Assets/ComponentIcons/Animation.IKFabrik On@128.png using Guid(950832395ec754ba48ab1cffa214cec0) (TextureImporter) -> (artifact id: '79712b65e18d709beb2802383ee9ceee') in 0.0582073 seconds
Start importing Packages/com.unity.shadergraph/Editor/Resources/GraphView/Nodes/NodeChevronRight.png using Guid(951848ba8b6205940a9bd1b8fdd4d796) (TextureImporter) -> (artifact id: 'b808644e3030d82adb44913fb69efb89') in 0.0331275 seconds
Start importing Packages/com.unity.timeline/Editor/StyleSheets/Images/Icons/TrackCurvesButtonEnabled.png using Guid(9589d5d9eb09dec43b2ad51af4e78b1e) (TextureImporter) -> (artifact id: 'fbee7810748f23be2997e95955954615') in 0.0479958 seconds
Start importing Packages/com.unity.inputsystem/InputSystem/Editor/Icons/Add Binding.png using Guid(958a10dec4f3a4764bb345b0aa03510b) (TextureImporter) -> (artifact id: 'e535dbdbf6f84b3a04b47545ab978f16') in 0.0566108 seconds
Start importing Packages/com.unity.2d.animation/Editor/Assets/EditorIcons/Light/Mesh@4x.png using Guid(953b8abb3b6548c4294b547c2f473be0) (TextureImporter) -> (artifact id: 'deed08d79b7218f54e818436566600e4') in 0.0561568 seconds
Start importing Packages/com.unity.shadergraph/Editor/Resources/Icons/blackboard.png using Guid(954de74b6fa234cfbb474898019e0acf) (TextureImporter) -> (artifact id: '756d67149ad9b08a5c241ba4cfd55bea') in 0.0486551 seconds
Start importing Packages/com.unity.collab-proxy/Editor/Assets/Images/buttonhome@2x.png using Guid(956deaef7c041ed4abe7a5a3690c28bc) (TextureImporter) -> (artifact id: '50768c7a5ae3e036bbdba6ce9767dd9d') in 0.0529801 seconds
Start importing Packages/com.unity.2d.animation/Editor/Assets/EditorIcons/Selected/Generate_Geometry@3x.png using Guid(a581ff3810b2e0a4690cddcf7634ed22) (TextureImporter) -> (artifact id: 'b8d1cfc3413ef43b1c02c7bd7f85ff33') in 0.0559643 seconds
Start importing Packages/com.unity.timeline/Editor/StyleSheets/Images/DarkSkin/TimelineSignalSelected.png using Guid(a5e21f4e466690645980dd0cf0b664bc) (TextureImporter) -> (artifact id: 'd4450ca70d4b3d3f6234f222414cc937') in 0.0335359 seconds
Start importing Packages/com.unity.render-pipelines.core/Editor/Lighting/Icons/LightUnitIcons/d_BrightSky.png using Guid(a543c2d2147884347a1846e862efa72f) (TextureImporter) -> (artifact id: '30d8bf918202389c6aa655d9c6e545f4') in 0.0436518 seconds
Start importing Packages/com.unity.render-pipelines.core/Editor/LookDev/Icons/Remove.png using Guid(a5c48bfebeb031a4b8d66da4be0e27b9) (TextureImporter) -> (artifact id: 'af8f1a5429e86ad1d86f6fab45996a54') in 0.0581718 seconds
Start importing Packages/com.unity.2d.animation/Editor/Assets/EditorIcons/Light/Generate_Weights@4x.png using Guid(a56b84f780e8aef439e9a83d60ca7420) (TextureImporter) -> (artifact id: '02d9268a886e34e6697482f2679be371') in 0.0535181 seconds
Start importing Packages/com.unity.collab-proxy/Editor/Assets/Images/iconaddedoverlay.png using Guid(a57d0bc93481bd844af3c2236db044f2) (TextureImporter) -> (artifact id: '11d7b4f4a93d6d1dc185010947573a61') in 0.062824 seconds
Start importing Packages/com.unity.render-pipelines.universal/Editor/2D/Resources/LightCapUp.png using Guid(a58fea03b14b2be4295b11f21a57a6f7) (TextureImporter) -> (artifact id: 'b833fa15bf14d0da12adb9c50605d4fb') in 0.0342039 seconds
Start importing Packages/com.unity.render-pipelines.core/Editor/Lighting/Icons/LightUnitIcons/d_InteriorLight.png using Guid(b5a2e773c2799aa42a4e99429158896e) (TextureImporter) -> (artifact id: 'a96d534d594c1cae542d6c5cd682a42d') in 0.035717 seconds
Start importing Packages/com.unity.2d.animation/Editor/Assets/ComponentIcons/Animation.IKFabrik On@256.png using Guid(b533c652136df4744a089524507a44c6) (TextureImporter) -> (artifact id: 'f9e6f33c2ed3c93aaf9e7783b4358650') in 0.0894808 seconds
Start importing Packages/com.unity.2d.tilemap.extras/Editor/Brushes/GroupBrush/d_GroupBrush.png using Guid(b5650d2786c7443fe80be179cf75a907) (TextureImporter) -> (artifact id: 'd5c997a9d172bb72c3ba1fa3911c09ac') in 0.0712847 seconds
Start importing Packages/com.unity.collab-proxy/Editor/Assets/Images/iconlockedlocaloverlay@2x.png using Guid(b528c1b33a65cf94ea74f830b54c9acb) (TextureImporter) -> (artifact id: 'c50ea4c6bad22c52c8d3af5881e4b570') in 0.0443172 seconds
Start importing Packages/com.unity.multiplayer.center/Editor/MultiplayerCenterWindow/UI/Icons/NoNetcode@2x.png using Guid(b58a826ca804e4c67bab4283ad5a6102) (TextureImporter) -> (artifact id: '5e65b20a59433db9da95b8897ffed0ff') in 0.0875101 seconds
Start importing Packages/com.unity.2d.animation/Editor/Assets/EditorIcons/Light/SetPivot256.png using Guid(b51dea53643c34332b1c8cfc0865d0c4) (TextureImporter) -> (artifact id: 'fba9042388403ff890be315176d16e08') in 0.06406 seconds
Start importing Packages/com.unity.timeline/Editor/StyleSheets/Images/Icons/TimelineEditModeRippleON.png using Guid(c5c1f094d9a9b3f4c9cc6c3a87af871c) (TextureImporter) -> (artifact id: 'cadede898ee4684c5ae6ca03709a590e') in 0.0548773 seconds
Start importing Packages/com.unity.searcher/Editor/Resources/FlatSkin/SearchSmallDownOn@2x.png using Guid(c5b36095078d8694ba9e3ae3fd867b2e) (TextureImporter) -> (artifact id: '7497b9a2d935a3ff818fb636e4608fcb') in 0.0205373 seconds
Start importing Packages/com.unity.2d.tilemap/Editor/Icons/Tilemap.GridPaint@4x.png using Guid(c54623997d885f6499655af6031a3bf9) (TextureImporter) -> (artifact id: '05dacd1356b96b592487bf7cac13a10a') in 0.0895948 seconds
Start importing Packages/com.unity.visualscripting/Editor/VisualScripting.Core/IconMap/GlobalMessageListener@32x.png using Guid(c588f7acb736b6940bac7b559c8f59dd) (TextureImporter) -> (artifact id: '2bd53316a7f95ce7da1501bfc3568276') in 0.0438785 seconds
Start importing Packages/com.unity.collab-proxy/Editor/Assets/Images/iconchangesets.png using Guid(c5d82e0b4fbcf42539ceffc642e631ce) (TextureImporter) -> (artifact id: 'fa5888e340db43e5b454ccba3b248d89') in 0.0589377 seconds
Start importing Packages/com.unity.collab-proxy/Editor/Assets/Images/d_iconplasticnotifyincoming@2x.png using Guid(c5fc116b3271b5947808130b2212cd60) (TextureImporter) -> (artifact id: '50f9bfb14ba637863b101c7bafed583d') in 0.0631309 seconds
Start importing Packages/com.unity.render-pipelines.core/Editor/Lighting/Icons/HorizontalGradient.png using Guid(c56daa0c35d8542449aea902efda87ce) (TextureImporter) -> (artifact id: '4ce5d85fac9747d41de12b29e34fca27') in 0.0648335 seconds
Start importing Packages/com.unity.inputsystem/InputSystem/Editor/Icons/d_Position.png using Guid(c5bdeae4dabac4bf19f7a1afcf5ca678) (TextureImporter) -> (artifact id: '35d1f3fcb996230774607964243803cf') in 0.0557977 seconds
Start importing Packages/com.unity.render-pipelines.universal/Textures/BlueNoise16/L/LDR_LLL1_13.png using Guid(d512512f4af60a442ab3458489412954) (TextureImporter) -> (artifact id: '2077c97371760cad778fd73e81c4ac77') in 0.0543618 seconds
Start importing Packages/com.unity.collab-proxy/Editor/Assets/Images/icondeletedremoteoverlay@2x.png using Guid(d5c3277b1dbad9448b46c2ec87a2cef8) (TextureImporter) -> (artifact id: 'dc8d56943d36f2cbe03d7e6a776ccdf8') in 0.0516712 seconds
Start importing Packages/com.unity.2d.tilemap/Editor/Icons/Tilemap.BrushPicks.png using Guid(d5e72ab52355f594fb3b3ba0deba9b4a) (TextureImporter) -> (artifact id: '54daa270a4969e4d94d93475fda18011') in 0.0581276 seconds
Start importing Packages/com.unity.render-pipelines.universal/Textures/BlueNoise16/L/LDR_LLL1_21.png using Guid(d5c9b274310e5524ebe32a4e4da3df1f) (TextureImporter) -> (artifact id: '517b3603d55f2d56ecefe09eb2fc0ba4') in 0.0510084 seconds
Start importing Packages/com.unity.timeline/Editor/StyleSheets/Images/Icons/d_TrackCurvesButtonDisabled.png using Guid(d55a54a15106e3f418a43134888f2211) (TextureImporter) -> (artifact id: '042ffa64447923eef0265d2e71ffeb98') in 0.0340548 seconds
Start importing Packages/com.unity.render-pipelines.core/Editor/Lighting/Icons/LightUnitIcons/d_MoonlessNight@2x.png using Guid(d56ac7ee03f65c7408f8f3d5aeecdb86) (TextureImporter) -> (artifact id: 'c7d25dde6dcdd1eba8a5a879414afa76') in 0.0355801 seconds
Start importing Packages/com.unity.render-pipelines.universal/Textures/BlueNoise16/L/LDR_LLL1_1.png using Guid(d50c5e07c9911a74982bddf7f3075e7b) (TextureImporter) -> (artifact id: 'fbc03f2762252f6f8c79d7d17f38a89a') in 0.0553121 seconds
Start importing Packages/com.unity.collab-proxy/Editor/Assets/Images/d_loading.png using Guid(d58e94bfb1bac774dbb8ca9c2597ef2e) (TextureImporter) -> (artifact id: 'ae99e6d18faa2a87dc93facb90e3b5e4') in 0.0537735 seconds
Start importing Packages/com.unity.timeline/Editor/StyleSheets/Images/Shared/TimelineSwatch.png using Guid(e50018fd67fc156459e4014bdad3f5f6) (TextureImporter) -> (artifact id: '4c817199561fd17f0ea0d0115a6a9b27') in 0.033766 seconds
Start importing Packages/com.unity.2d.animation/Editor/Assets/EditorIcons/Light/Split Bones@4x.png using Guid(e530623cd53f3ea46ac09b786f0c49ef) (TextureImporter) -> (artifact id: '5d3edb144ea2636b51534362db3c9864') in 0.0689103 seconds
Start importing Packages/com.unity.shadergraph/Editor/Resources/GraphView/Nodes/UITKShaderPreview-Texture.png using Guid(e5c0078b94743b5468d137f0728f414e) (TextureImporter) -> (artifact id: '3caa04f1b6b70e7daddb8b7350dc0302') in 0.0773469 seconds
Start importing Packages/com.unity.2d.animation/Editor/Assets/EditorIcons/Selected/Create_Edge@2x.png using Guid(e5da66fa63839274dbffb877e43e888b) (TextureImporter) -> (artifact id: 'f09ca3d982299fcf1d89d3c063ca7652') in 0.0597307 seconds
Start importing Packages/com.unity.timeline/Editor/StyleSheets/Images/Icons/d_TrackMuteButtonEnabled@2x.png using Guid(e54e20c7a9730fe4c822d63228527ae4) (TextureImporter) -> (artifact id: 'a8b81bf58e27ffd25f6f224ba13661ab') in 0.0454729 seconds
Start importing Packages/com.unity.render-pipelines.core/Editor/Lighting/Icons/d_LightPlacement_Icon On@2x.png using Guid(e59f66416f4ecf3429053a0274b589a0) (TextureImporter) -> (artifact id: 'e31ada1207814236634dd7a31543c9d4') in 0.0321794 seconds
Start importing Packages/com.unity.render-pipelines.core/Editor/Lighting/Icons/LightUnitIcons/d_Moonlight@2x.png using Guid(f520337c0c5dde34fa2d4207d953a31f) (TextureImporter) -> (artifact id: '953cc9618492ee213792c4b0089b1ef5') in 0.0557619 seconds
Start importing Packages/com.unity.render-pipelines.core/Editor/Lighting/Icons/d_LightPlacement_Icon On@32.png using Guid(f5d08e5c109deb84a9fcf7b2365cb537) (TextureImporter) -> (artifact id: 'b4119d71bb06a322334ac4c05caee30d') in 0.0545746 seconds
Start importing Packages/com.unity.2d.animation/Editor/Assets/ComponentIcons/Animation.IKFabrik On@32.png using Guid(f59542040dc5448459691fb41515f463) (TextureImporter) -> (artifact id: '823c15d62e6419ad62c38f6472e7aaa6') in 0.067409 seconds
Start importing Packages/com.unity.render-pipelines.core/Editor/Lighting/Icons/LightUnitIcons/MoonlessNight.png using Guid(f50a266376427a041b4e1b629d07611d) (TextureImporter) -> (artifact id: '1604a026f7f88af4e331aa873cfba98b') in 0.0291467 seconds
Start importing Packages/com.unity.inputsystem/InputSystem/Editor/Icons/Joystick@4x.png using Guid(f58c918f135bd4b8abe5fdb06bda7f4d) (TextureImporter) -> (artifact id: '868756de9859c218e0ce5140c8b48d6a') in 0.0443242 seconds
Start importing Packages/com.unity.inputsystem/InputSystem/Editor/Icons/Stick@4x.png using Guid(f5ace3d653812436a812bebfe7f9a242) (TextureImporter) -> (artifact id: 'ec018d7ddaceebb39c3f15563b7abf14') in 0.0545744 seconds
Start importing Packages/com.unity.2d.animation/Editor/Assets/EditorIcons/Light/Paste@4x.png using Guid(f53eca637c0194e4ab6729cf60753757) (TextureImporter) -> (artifact id: '3cd9754c5501227afe75d96dfc30f133') in 0.0842552 seconds
Start importing Packages/com.unity.render-pipelines.core/Editor/LookDev/Icons/d_LookDev.png using Guid(0615fe8910911be4299d5604a54db99a) (TextureImporter) -> (artifact id: '71887e289e54e1914df75ab70e946526') in 0.0454039 seconds
Start importing Packages/com.unity.ugui/Editor Resources/Textures/btn_AlignMiddle_Light.psd using Guid(066619c9c9c84f89acb1b48c11a7efe2) (TextureImporter) -> (artifact id: 'e48c818ae4404b865ea2b9585426d05c') in 0.0107611 seconds
Start importing Packages/com.unity.inputsystem/InputSystem/Editor/Icons/d_ChevronDown.png using Guid(06ad495fb07444736b59782982d96250) (TextureImporter) -> (artifact id: '3b697b12fa59f16e836e908cf6e3935c') in 0.042339 seconds
Start importing Packages/com.unity.timeline/Editor/StyleSheets/Images/Icons/d_TimelineSelector.png using Guid(06bf6150656339941aa98e175a995445) (TextureImporter) -> (artifact id: 'c25a653123a4971ee80a49408fa8fe4a') in 0.0269786 seconds
Start importing Packages/com.unity.collab-proxy/Editor/Assets/Images/d_iconpendingchangesview@2x.png using Guid(16e2437bc79d04055b65b968f4eba9c0) (TextureImporter) -> (artifact id: '61e6153a7bdba2289840e00033a3c16e') in 0.0506018 seconds
Start importing Packages/com.unity.2d.sprite/Editor/ObjectMenuCreation/DefaultAssets/Textures/HexagonFlatTop.png using Guid(16037dbd798344f57a526d53d48f5ead) (TextureImporter) -> (artifact id: '07b67d38450bc1b302278ddb891278fe') in 0.0557419 seconds
Start importing Packages/com.unity.render-pipelines.core/Editor/LookDev/Icons/d_Add.png using Guid(160b197aba549514286b94426ceae589) (TextureImporter) -> (artifact id: '7d1e57b7609d156f318dc009b92dcd5c') in 0.030842 seconds
Start importing Packages/com.unity.2d.tilemap/Editor/Icons/d_Tilemap.GridPaint.png using Guid(26f3d342b8e95b24da7ec4638d7f2322) (TextureImporter) -> (artifact id: '37c4b08b4173ca24a46768568df8d5fc') in 0.0483941 seconds
Start importing Packages/com.unity.2d.psdimporter/Editor/Assets/Icons/Light/Layers Separated@8x.png using Guid(2634b0c913a9a4431a8702825a79ca31) (TextureImporter) -> (artifact id: 'ee329c027cf345b90810627facf61e51') in 0.0918441 seconds
Start importing Packages/com.unity.render-pipelines.universal/Textures/DebugFont.tga using Guid(26a413214480ef144b2915d6ff4d0beb) (TextureImporter) -> (artifact id: 'abc35a627854f17f5bdfd11379943aa9') in 0.0505169 seconds
Start importing Packages/com.unity.collab-proxy/Editor/Assets/Images/d_iconbranch@2x.png using Guid(267a89f787a621e4290fbff7a5442750) (TextureImporter) -> (artifact id: '456927ed5914cccaa2cd85d1665ad256') in 0.0632921 seconds
Start importing Packages/com.unity.2d.animation/Editor/Assets/EditorIcons/Dark/d_Sprite_Mode@2x.png using Guid(269eee5bd0392044cb38fd13171b84f6) (TextureImporter) -> (artifact id: '790773b1f0ded94d856f8da4c9cbc028') in 0.0450027 seconds
Start importing Packages/com.unity.inputsystem/InputSystem/Editor/Icons/d_Mouse.png using Guid(264ffc05d7d2841d5a6065854b6282ca) (TextureImporter) -> (artifact id: '5cc60a33551a47971b6bad226b9dae6f') in 0.047094 seconds
Start importing Packages/com.unity.2d.animation/Editor/Assets/EditorIcons/Dark/d_Visibility_Hidded@4x.png using Guid(36502ae6ddbac9e4dbf8fcd5889d661d) (TextureImporter) -> (artifact id: '5a29660bf6dc8f764e0c4edf4bc02102') in 0.0512346 seconds
Start importing Packages/com.unity.render-pipelines.universal/Textures/BlueNoise256/LDR_LLL1_0.png using Guid(36f118343fc974119bee3d09e2111500) (TextureImporter) -> (artifact id: 'ed3e54a4ae26f88acc99ef9a5069089d') in 0.0508372 seconds
Start importing Packages/com.unity.collab-proxy/Editor/Assets/Images/d_iconrepository@2x.png using Guid(36564eb85f1bdf2409df96325231cb6c) (TextureImporter) -> (artifact id: 'cd648d047948ed204eeb57dc5f9faab8') in 0.0531214 seconds
Start importing Packages/com.unity.collab-proxy/Editor/Assets/Images/step3@2x.png using Guid(36e6970b84831434a9eac79abd03700b) (TextureImporter) -> (artifact id: 'bc51f47861df11b5db3d48943e9ffbc8') in 0.0449981 seconds
Start importing Packages/com.unity.2d.animation/Editor/Assets/EditorIcons/Light/SetPivot64.png using Guid(36872ff13cf1043888addd7fc4279cf9) (TextureImporter) -> (artifact id: 'e76011848b041e48a37bedb8f3119cee') in 0.050804 seconds
Start importing Packages/com.unity.2d.tilemap/Editor/Icons/Grid.FlipX@2x.png using Guid(367a9e3649215be42869f99bdeecbab6) (TextureImporter) -> (artifact id: '08fef8dc173a5de77664fad1ceb6e47e') in 0.0519213 seconds
Start importing Packages/com.unity.2d.psdimporter/Editor/Assets/Icons/Dark/Layers Collapsed@2x.png using Guid(360cfd7debcd44adfbb69d1911de502d) (TextureImporter) -> (artifact id: '497cb265de7aa979dd22e943ef2712a3') in 0.0492761 seconds
Start importing Packages/com.unity.timeline/Editor/StyleSheets/Images/DarkSkin/TimelineLoop.png using Guid(360dded8761e81d4d98c10f469d55492) (TextureImporter) -> (artifact id: '80529b8ab139a3f0521d66c1e870fad2') in 0.0441249 seconds
Start importing Packages/com.unity.collab-proxy/Editor/Assets/Images/d_step3.png using Guid(46930b20180b59e46b73494adf53abbb) (TextureImporter) -> (artifact id: '371a122f1e3dd32bbcc2c38daff95299') in 0.0516554 seconds
Start importing Packages/com.unity.2d.animation/Editor/Assets/EditorIcons/Selected/d_Visibility_Tool@3x.png using Guid(46d5b7ee1aaae3c4d9fd3a54774428d5) (TextureImporter) -> (artifact id: '0ced8f51b23e7596e84bd75b7ff2ed9a') in 0.048653 seconds
Start importing Packages/com.unity.multiplayer.center/Editor/MultiplayerCenterWindow/UI/Icons/PackageInstalled.png using Guid(4616b2fa4acd1429e931835b80966c2a) (TextureImporter) -> (artifact id: 'e1863303f0d41ff40d344e4f47baf576') in 0.0475069 seconds
Start importing Packages/com.unity.2d.animation/Editor/Assets/ComponentIcons/Animation.SpriteLibraryManager@2x.png using Guid(46c6bae783f6540308d09b07db693d54) (TextureImporter) -> (artifact id: 'd356e6ab1a8b4c0fc55c73f887276d09') in 0.0525176 seconds
Start importing Packages/com.unity.2d.animation/Editor/Assets/ComponentIcons/Animation.SpriteLibrary On@128.png using Guid(46e8f61d13f8b49c7b2ac6beb5788f2c) (TextureImporter) -> (artifact id: 'bc71b51cac0272b1c21c2f106fca67a0') in 0.0524096 seconds
Start importing Packages/com.unity.shadergraph/Editor/Resources/GraphView/Nodes/BlackboardFieldPillBackground.png using Guid(56603bbe7a2b54640bbd90104bea4981) (TextureImporter) -> (artifact id: 'deee825800fa26c6972baac64b5017f0') in 0.0491107 seconds
Start importing Packages/com.unity.2d.animation/Editor/Assets/EditorIcons/Dark/d_Bone_Influence@3x.png using Guid(56431fa7b1b21794baaf8d8e47c78bdb) (TextureImporter) -> (artifact id: '2f89d4ba19022ce6ae9846d0b7a54e0d') in 0.0498205 seconds
Start importing Packages/com.unity.render-pipelines.core/Editor/LookDev/Icons/d_Camera1.png using Guid(56c35c86bb44b0e4e84a22db56968157) (TextureImporter) -> (artifact id: 'dd0d2ba6e06d6b0c8def8ab1a8579e78') in 0.0515469 seconds
Start importing Packages/com.unity.2d.animation/Editor/Assets/ComponentIcons/Animation.SpriteSkin.png using Guid(5624c7cbaca684b9faada94188a2e7a1) (TextureImporter) -> (artifact id: '3a7e0e0cf03992c44ec41bab24b16492') in 0.0529177 seconds
Start importing Packages/com.unity.inputsystem/InputSystem/Editor/Icons/Position.png using Guid(5684eb521fa99491e9061de682d1622e) (TextureImporter) -> (artifact id: '3467a2e29d11360ffea1cfc1cfa4340a') in 0.0494586 seconds
Start importing Packages/com.unity.shadergraph/GraphTemplates/Cross Pipeline/DecalMatProjTemplateThumbnail.png using Guid(5616b96dbeb625c498fdfe9517c1552b) (TextureImporter) -> (artifact id: '0e4462af7e592bb66c18b2823b3c09f0') in 0.0922356 seconds
Start importing Packages/com.unity.2d.tilemap.extras/Editor/Brushes/RandomBrush/d_RandomBrush@4x.png using Guid(56f61a79c270140abaf437ddccf9e4ca) (TextureImporter) -> (artifact id: 'b48b8cf1ff917c26a4e767dfc7f791b9') in 0.0561649 seconds
Start importing Packages/com.unity.render-pipelines.universal/Textures/BlueNoise256/LDR_LLL1_6.png using Guid(56a77a3e8d64f47b6afe9e3c95cb57d5) (TextureImporter) -> (artifact id: '0dbb5c0dfa3807115059e36d866ad698') in 0.0499936 seconds
Start importing Packages/com.unity.render-pipelines.universal/Runtime/2D/Data/Textures/FalloffLookupTexture.png using Guid(5688ab254e4c0634f8d6c8e0792331ca) (TextureImporter) -> (artifact id: '1252f037023b6aa8f4d9da908663f750') in 0.044016 seconds
Start importing Packages/com.unity.collab-proxy/Editor/Assets/Images/iconconflictedoverlay@2x.png using Guid(5679a74364f6b4440ab7e7aed55cd95e) (TextureImporter) -> (artifact id: '40529ca45a649d21d2ce10b98ad6b6d5') in 0.046778 seconds
Start importing Assets/_Project/Resources/Characters/marcus_bell_and_helena_ward.png using Guid(560abfa145e83df47b88f5f2550cb584) (TextureImporter) -> (artifact id: '893199603353276315fb6acd322b2e78') in 0.358463 seconds
Start importing Packages/com.unity.collab-proxy/Editor/Assets/Images/iconmergeview.png using Guid(569cb7c654ca242978cdc7428c2881a3) (TextureImporter) -> (artifact id: '429a785b63be89f14596bf0aa4ea9d63') in 0.0476041 seconds
Start importing Packages/com.unity.2d.animation/Editor/Assets/ComponentIcons/d_Animation.IKFabrik.png using Guid(56fdc1dd1bbc04a65a5c2ac1d9eacb5d) (TextureImporter) -> (artifact id: '9fe761b95e4965e377f4a00dc9401e2d') in 0.0482861 seconds
Start importing Packages/com.unity.2d.animation/Editor/Assets/EditorIcons/Light/Sprite_Influence@3x.png using Guid(563e4d2d28c2241fbbb33e85f9b27efb) (TextureImporter) -> (artifact id: 'd98c7724bf0eef92a9a7d6a1226cb83b') in 0.0455956 seconds
Start importing Packages/com.unity.visualscripting/Editor/VisualScripting.Core/IconMap/VariablesAsset@32.png using Guid(562f2dd7647d95e499d958215476bbde) (TextureImporter) -> (artifact id: 'c88b787d92eda1e87c77fa2d3664e62a') in 0.0261277 seconds
Start importing Packages/com.unity.shadergraph/Editor/Resources/Icons/SettingsIcons@2x.png using Guid(66e0f20149bec7a4eaee2f2d8aec158a) (TextureImporter) -> (artifact id: '80135244272a73a0f6cc1d988706a3a4') in 0.0440457 seconds
Start importing Packages/com.unity.2d.animation/Editor/Assets/EditorIcons/Light/Create_Vertex@3x.png using Guid(66fa19194577350438c952106f661c2f) (TextureImporter) -> (artifact id: 'bbc334067b8d1f5bc22d6862b2b74e76') in 0.0449698 seconds
Start importing Packages/com.unity.2d.tilemap/Editor/Icons/d_Grid.RotateCW.png using Guid(66bb00887f3170c4a95b989d392049ec) (TextureImporter) -> (artifact id: '5835235b18f51164e5c513ee2240e6ca') in 0.0465281 seconds
Start importing Packages/com.unity.collab-proxy/Editor/Assets/Images/iconpendingchanges.png using Guid(76a05d2ec901a8b49a064fe0b0674ba7) (TextureImporter) -> (artifact id: '029364c9b4f9ae70e80bea9721305800') in 0.0438286 seconds
Start importing Packages/com.unity.render-pipelines.core/Editor/Lighting/Icons/LightUnitIcons/d_ClearSky.png using Guid(76c10465276fcb9498b1fd312e3f74ed) (TextureImporter) -> (artifact id: '8a88dbfe9d430b5a024f01e0ffed0918') in 0.0516837 seconds
Start importing Packages/com.unity.2d.animation/Editor/Assets/EditorIcons/Light/Sprite_Influence.png using Guid(768531f76566d4b18bfe4ed7b21e5ce1) (TextureImporter) -> (artifact id: '91fe7fa8d36002df179843a81a95ac32') in 0.0388169 seconds
Start importing Packages/com.unity.render-pipelines.core/Editor/Icons/MipLevels/d_RenderPipelineResources@256.png using Guid(76e81564bded5e442a18ce6964cdaef3) (TextureImporter) -> (artifact id: 'c18d404dfa91d32f9b8a189c720bd01d') in 0.0262501 seconds
Start importing Packages/com.unity.2d.common/Path/Editor/Handles/ShapeToolPro.png using Guid(766cfa1430bc448ed93c5817e7682f3b) (TextureImporter) -> (artifact id: '174905ede5b01ab3e34eaeadca3b118f') in 0.0449136 seconds
Start importing Packages/com.unity.inputsystem/InputSystem/Editor/Icons/d_Gamepad.png using Guid(76dc61ff6c2d84b24b0a2ce01dc2842d) (TextureImporter) -> (artifact id: '8199a58201305d3688865a890d89215a') in 0.0438999 seconds
Start importing Packages/com.unity.2d.animation/Editor/Assets/EditorIcons/Light/Bone@3x.png using Guid(76beef9fdae7b48468ddf07d0400a374) (TextureImporter) -> (artifact id: 'ac1a4c2d68fae842551a0c3af1e2d8e4') in 0.0456047 seconds
Start importing Packages/com.unity.render-pipelines.core/Editor/Lighting/Icons/LightUnitIcons/d_DirectSunlight.png using Guid(76bf11a78c4428b4eb6b567a160a0c83) (TextureImporter) -> (artifact id: '3b4a24b2db667e15da4b1c68a5f089fb') in 0.0296745 seconds
Start importing Packages/com.unity.2d.tilemap/Editor/Icons/d_Tilemap.TilePalette@4x.png using Guid(86408806ba4819c4494d51cb88d34da4) (TextureImporter) -> (artifact id: 'a6891a6fee60695205e7f4517c02b8d4') in 0.0473873 seconds
Start importing Packages/com.unity.2d.animation/Editor/Assets/ComponentIcons/d_Animation.SpriteLibrary@2x.png using Guid(86d54c3c2257e484f836f4f55e3d725b) (TextureImporter) -> (artifact id: '333200d0cc59d16fc040328347dbf29e') in 0.0315795 seconds
Start importing Packages/com.unity.2d.tilemap/Editor/Icons/EditorUI.Target@4x.png using Guid(86f74056ad052aa4b83fe485546f0521) (TextureImporter) -> (artifact id: 'cf39e02dcb9600f8f28d9b368a0db3df') in 0.0402643 seconds
Start importing Packages/com.unity.2d.psdimporter/Editor/Assets/Icons/Dark/Layers Collapsed@8x.png using Guid(8649c1c76eb014a4d9e24547717f1619) (TextureImporter) -> (artifact id: '6b5938c860d8b0fea1ae21af0a51337a') in 0.0419848 seconds
Start importing Packages/com.unity.inputsystem/InputSystem/Editor/Icons/Add Binding@4x.png using Guid(862c5ca31844d4a6d9aa804af982ce65) (TextureImporter) -> (artifact id: '1d80f14bdfef45ffb2c665cd89e29ff6') in 0.0390804 seconds
Start importing Packages/com.unity.render-pipelines.core/Editor/Lighting/Icons/LightUnitIcons/DirectSunlight.png using Guid(863ef838c25e51b4790fd6ac881ba895) (TextureImporter) -> (artifact id: 'd9500c1d64201453799030851cebd7fa') in 0.0402841 seconds
Start importing Packages/com.unity.collab-proxy/Editor/Assets/Images/d_iconadd.png using Guid(864f64164beae6141b39879e1b6f4031) (TextureImporter) -> (artifact id: '21c87577e1ea70313bf621974bc54857') in 0.0427815 seconds
Start importing Packages/com.unity.2d.animation/Editor/Assets/EditorIcons/Selected/Weight_Slider.png using Guid(96b029a4248c85a4e8de2aa81fc0b60a) (TextureImporter) -> (artifact id: 'edd9cbbc0ea84360f83fd7223ba80142') in 0.0465906 seconds
Start importing Packages/com.unity.collab-proxy/Editor/Assets/Images/iconplasticnotifypendingchangesandincoming.png using Guid(96967b3953faf48f6885b45aed76490f) (TextureImporter) -> (artifact id: 'ada9f8a2e7b57362098acf830b2dd025') in 0.0458018 seconds
Start importing Packages/com.unity.inputsystem/InputSystem/Editor/Icons/d_Pen@2x.png using Guid(96f7582a52a6843c09e0c71617e94f2d) (TextureImporter) -> (artifact id: '4080e32daeb68ec48acc2daa5c4e014f') in 0.044018 seconds
Start importing Packages/com.unity.render-pipelines.universal/Textures/BlueNoise16/L/LDR_LLL1_10.png using Guid(96aaab9cc247d0b4c98132159688c1af) (TextureImporter) -> (artifact id: '9c439d04acba9ce1e3262190114dc9cc') in 0.0455394 seconds
Start importing Packages/com.unity.collab-proxy/Editor/Assets/Images/iconbranches.png using Guid(a6219d44b6fc910449f7c3fee45db5c5) (TextureImporter) -> (artifact id: 'c30e4463b104dcba3cb2caa7f6ceea2d') in 0.0388873 seconds
Start importing Packages/com.unity.render-pipelines.core/Runtime/Debugging/Prefabs/Textures/UIFoldoutOpened.png using Guid(a674720496c1ed248a5b7ea3e22a11fd) (TextureImporter) -> (artifact id: '003025955bfe5705bc6fb363acd19a55') in 0.0422447 seconds
Start importing Packages/com.unity.2d.tilemap/Editor/Icons/Tilemap.TilePalette.png using Guid(a605ef4315d43d6438e211f589d2df38) (TextureImporter) -> (artifact id: 'd4688642373902e1beabfa3610acd8a8') in 0.0410325 seconds
Start importing Packages/com.unity.collab-proxy/Editor/Assets/Images/iconaddedlocal@2x.png using Guid(a67b58d6cddcd4345b1e001340de5a76) (TextureImporter) -> (artifact id: 'e577b48da59e2d5e074756641a7b26b7') in 0.0433058 seconds
Start importing Packages/com.unity.shadergraph/Editor/Resources/Icons/Settings_Flyout_9slice@2x.png using Guid(a6abafca3e442ca4d970a1f8a2c70b0a) (TextureImporter) -> (artifact id: 'f2753c3cc44f6d028821d58b3a78de0b') in 0.0466252 seconds
Start importing Packages/com.unity.collab-proxy/Editor/Assets/Images/d_iconaddedoverlay@2x.png using Guid(a6fbd5a181bc51e42a61a73fe8d727c8) (TextureImporter) -> (artifact id: 'd870f50e0a4ff39e67a051b9420ca478') in 0.0386522 seconds
Start importing Packages/com.unity.collections/Unity.Collections.PerformanceTests/PerformanceTestFrameworkOutputListAdd.png using Guid(a6ecd2aa79759e64ba59ab5f51d661ac) (TextureImporter) -> (artifact id: '8de858f797d5659bbe345f2bfc0fee25') in 0.0652814 seconds
Start importing Packages/com.unity.multiplayer.center/Editor/MultiplayerCenterWindow/UI/Icons/d_PackageManager@2x.png using Guid(a6fd0c627f5aa48fa81512221e70a11e) (TextureImporter) -> (artifact id: 'f7ab471265c10a859313a2257f30ae8e') in 0.0417371 seconds
Start importing Packages/com.unity.2d.tilemap/Editor/Icons/GridSelection.png using Guid(a60e09d7c2452be4c824d4eb480c91c7) (TextureImporter) -> (artifact id: '8ec12cd1724dbe1a20785ac8abf74b3a') in 0.0410642 seconds
Start importing Packages/com.unity.2d.sprite/Editor/ObjectMenuCreation/DefaultAssets/Textures/v2/HexagonFlatTop.png using Guid(b670ab75dde984907b8570040daa08c5) (TextureImporter) -> (artifact id: '5544381e2e99192292a3b391cea58923') in 0.0440695 seconds
Start importing Packages/com.unity.2d.animation/Editor/Assets/ComponentIcons/Animation.SpriteLibrary@256.png using Guid(b6c49e41a57e648e9a16f44ce4b8d9b9) (TextureImporter) -> (artifact id: '540a50e80422f58ab32d7f0d1f893415') in 0.0455563 seconds
Start importing Packages/com.unity.render-pipelines.core/Editor/Icons/MipLevels/RenderPipelineResources@256.png using Guid(b645d34d84db58a45ac9775bb9a9bc48) (TextureImporter) -> (artifact id: '80690599d71b34400b7bfba1df5c9dce') in 0.038023 seconds
Start importing Packages/com.unity.collab-proxy/Editor/Assets/Images/iconlockedlocaloverlay.png using Guid(b6073d723b6ef3f429aa7e1d0f3db44f) (TextureImporter) -> (artifact id: 'f3691c40ae2f56e56b6bcbb0559f3d09') in 0.0384212 seconds
Start importing Packages/com.unity.2d.animation/Editor/Assets/EditorIcons/Selected/Edit_Geometry.png using Guid(b668cd73b0ac4ba4db9f21a167c80e6b) (TextureImporter) -> (artifact id: '9d7806ab9ca2a443506b7d735e171521') in 0.0386144 seconds
Start importing Packages/com.unity.collab-proxy/Editor/Assets/Images/d_buttonhome@2x.png using Guid(b6f88350c63b24a4abdb197bf2e86d7a) (TextureImporter) -> (artifact id: '19661444d4f4731822ab7f1999bb0520') in 0.0350213 seconds
Start importing Packages/com.unity.2d.animation/Editor/Assets/EditorIcons/Selected/Copy@4x.png using Guid(b6a96c7c65795c94abf54a62adbf5c38) (TextureImporter) -> (artifact id: 'ec13122deca018b00615552b5b03c7b4') in 0.0372698 seconds
Start importing Packages/com.unity.timeline/Editor/StyleSheets/Images/LightSkin/TimelineMarkerItemSelected.png using Guid(b6e9dc9aad5843748a0124b8925c3743) (TextureImporter) -> (artifact id: '3f2399943ce50d95cdae0d1f3c217af4') in 0.0262134 seconds
Start importing Packages/com.unity.inputsystem/InputSystem/Editor/Icons/d_Dpad.png using Guid(b60b9eb0384c345c89435d0982a6e4fd) (TextureImporter) -> (artifact id: '14dd0497d93bff3cb7c8b72d7e5de3b4') in 0.0387783 seconds
Start importing Packages/com.unity.2d.animation/Editor/Assets/EditorIcons/Dark/d_Parent_Bone@4x.png using Guid(c6601234a3b63ef4a9386f8182db5849) (TextureImporter) -> (artifact id: 'e5ddb378cf421dc8e6ab1d18a0963288') in 0.0410036 seconds
Start importing Packages/com.unity.timeline/Editor/StyleSheets/Images/Icons/TrackRecordButtonEnabled.png using Guid(c6a0c6226c05f954fa6cd03aebb4d255) (TextureImporter) -> (artifact id: '9ca9611626b1ca8b75b7b2ef61648773') in 0.0293594 seconds
Start importing Packages/com.unity.collab-proxy/Editor/Assets/Images/loading.png using Guid(c6b1bcaa3f4767141acd747384dbb276) (TextureImporter) -> (artifact id: 'fa8d883fd06a5d11f5ce378080d6efc7') in 0.0376398 seconds
Start importing Packages/com.unity.collab-proxy/Editor/Assets/Images/iconincomingchangesview.png using Guid(c677bcd9111fb4514aa1a56844e9006f) (TextureImporter) -> (artifact id: '2317e116a99c6a5921d92ae065fbddbd') in 0.0437499 seconds
Start importing Packages/com.unity.multiplayer.center/Editor/MultiplayerCenterWindow/UI/Icons/DistributedAuthority.png using Guid(d63245ece6d8f476c8c7ca24da9937f6) (TextureImporter) -> (artifact id: '97fa6c10317d7e496aa04eb335339ca6') in 0.0258787 seconds
Start importing Packages/com.unity.2d.animation/Editor/Assets/EditorIcons/Light/Bone@2x.png using Guid(d6a44ab95b0def041a7929981a2c23a1) (TextureImporter) -> (artifact id: 'eaa9203888033824a4f353e1c6fc9d42') in 0.0375887 seconds
Start importing Packages/com.unity.collab-proxy/Editor/Assets/Images/d_exclusionrule.png using Guid(d616c78aaf225437199c9ac8c4f2197b) (TextureImporter) -> (artifact id: '246cd37108a6d54c76f076fb60d9158a') in 0.0416295 seconds
Start importing Packages/com.unity.collab-proxy/Editor/Assets/Images/iconprivateoverlay.png using Guid(d69b2503b822f4c3a95386e4bc0c8668) (TextureImporter) -> (artifact id: 'a733a6497501751ecbaab5306331fccc') in 0.0292757 seconds
Start importing Packages/com.unity.collab-proxy/Editor/Assets/Images/iconmovedoverlay.png using Guid(d63fb8a8a3f06407e8e712a29a3499c0) (TextureImporter) -> (artifact id: '1ee04ee955a03c0566992b7ea0e243a3') in 0.0411654 seconds
Start importing Packages/com.unity.shadergraph/GraphTemplates/BuiltIn/BuiltInUnlitBasicTemplateThumbnail.png using Guid(e6831b07772f59844b5c282e8a4aa736) (TextureImporter) -> (artifact id: 'fa50a20b8bfa61029d6e697b5b20889e') in 0.0621435 seconds
Start importing Packages/com.unity.2d.animation/Editor/Assets/EditorIcons/Light/Create_Vertex@4x.png using Guid(e6a6624ab013b8e44beddfa2668afb65) (TextureImporter) -> (artifact id: 'd7f8fa361de38204d3810dde13256223') in 0.0435759 seconds
Start importing Packages/com.unity.2d.animation/Editor/Assets/EditorIcons/Selected/character_Mode.png using Guid(e60718119cec31e4190849292fcde068) (TextureImporter) -> (artifact id: '03e44843124cf5e77797830f6173ce73') in 0.0384259 seconds
Start importing Packages/com.unity.collab-proxy/Editor/Assets/Images/d_iconplasticnotifypendingchanges.png using Guid(e64bde76852ee8247b40b50ef8880632) (TextureImporter) -> (artifact id: '41328353b2499ed31ea3bb7d3e28d48e') in 0.0374901 seconds
Start importing Packages/com.unity.render-pipelines.universal/Textures/BlueNoise16/L/LDR_LLL1_5.png using Guid(e63eef8f54aa9dc4da9a5ac094b503b5) (TextureImporter) -> (artifact id: 'e3e6555aa2b1eb7530c7e392d1bbf1f3') in 0.0389772 seconds
Start importing Packages/com.unity.2d.animation/Editor/Assets/EditorIcons/Selected/Paste@3x.png using Guid(e6fe7bda78bd09a46bb7f4a684a91927) (TextureImporter) -> (artifact id: '8bf952d807d0d0bd06a06fde31ab0691') in 0.0381003 seconds
Start importing Packages/com.unity.timeline/Editor/StyleSheets/Images/LightSkin/TimelineAutokey_active@2x.png using Guid(f6717d61970edba4686c297677881a77) (TextureImporter) -> (artifact id: '145ecaac03667fa8bc25177459184a88') in 0.03607 seconds
Start importing Packages/com.unity.2d.animation/Editor/Assets/EditorIcons/Light/True.png using Guid(f6d23106ef95d476889330aede914e93) (TextureImporter) -> (artifact id: 'e19f0de76d3829fb19d9a605a8be72bf') in 0.0412235 seconds
Start importing Packages/com.unity.render-pipelines.core/Editor/Lighting/Icons/LightUnitIcons/d_Moonlight.png using Guid(f64528e1d51f6d74c9f7a1738deaa602) (TextureImporter) -> (artifact id: 'bec522cd37dbc819018bc24148d3dce6') in 0.025126 seconds
Start importing Packages/com.unity.render-pipelines.universal/Textures/BlueNoise16/L/LDR_LLL1_22.png using Guid(f69770e54f2823f43badf77916acad83) (TextureImporter) -> (artifact id: '00b5bcc36d41aaea5b176200a050631b') in 0.0369315 seconds
Start importing Packages/com.unity.2d.animation/Editor/Assets/EditorIcons/Light/Create Bones@4x.png using Guid(f618c5fe13b18994aa5aee8b97d8dca1) (TextureImporter) -> (artifact id: 'e54ed5925a60294a09f1832190e87cd9') in 0.039861 seconds
Start importing Packages/com.unity.render-pipelines.core/Editor/Lighting/Icons/DownSnatchFocused.png using Guid(f6ca176a623705248878abeaf560002a) (TextureImporter) -> (artifact id: '98d5217650f61d570aeec7a3183e9802') in 0.0250461 seconds
Start importing Packages/com.unity.collab-proxy/Editor/Assets/Images/d_iconincomingchangesview.png using Guid(f6ea7eb320af940f6ade67ef3befef89) (TextureImporter) -> (artifact id: 'ceeaafb2082bcec84b16726302d0de42') in 0.0339756 seconds
Start importing Packages/com.unity.2d.animation/Editor/Assets/ComponentIcons/Animation.SpriteResolver@32.png using Guid(f6dd722ee2cfe46a6bddf89ead1edade) (TextureImporter) -> (artifact id: '7d06519008ff848981793aca4675eb3c') in 0.0351805 seconds
Start importing Packages/com.unity.2d.animation/Editor/Assets/EditorIcons/Dark/d_Weight_Brush@4x.png using Guid(f68f6cf24545d2f41b27323ca2b06a52) (TextureImporter) -> (artifact id: '43ba1004dee2b0ec7f16890d3d9cf6c2') in 0.0387462 seconds
Start importing Packages/com.unity.render-pipelines.core/Editor/Icons/MipLevels/d_RenderPipelineResources@128.png using Guid(07d524f53c3f0a24b952dad4f0d95192) (TextureImporter) -> (artifact id: '6931261b16e757da5fbb13641dfe7628') in 0.0299667 seconds
Start importing Packages/com.unity.collab-proxy/Editor/Assets/Images/iconzoomout.png using Guid(0727168a534af3641a8e744834225825) (TextureImporter) -> (artifact id: 'c23b556c09a5414432f8d80b47fc0f45') in 0.0311796 seconds
Start importing Packages/com.unity.2d.animation/Editor/Assets/EditorIcons/Selected/Bone_Influence@2x.png using Guid(0779ad3feec52124e97114bcbb12ef13) (TextureImporter) -> (artifact id: '14aaf4f13f93a988703c48a5d705c43a') in 0.0296651 seconds
Start importing Packages/com.unity.2d.tilemap/Editor/Icons/Tilemap.FocusNone@4x.png using Guid(070c631c5a8d05e41baf0a64b742067d) (TextureImporter) -> (artifact id: '4f2239f6e03e7edda6badacc94446c06') in 0.0309914 seconds
Start importing Packages/com.unity.collections/Unity.Collections.PerformanceTests/PerformanceTestFrameworkOutputFixedSize.png using Guid(079c3d43b74823a41bb33198b8221c23) (TextureImporter) -> (artifact id: '4fb28f2b56e5366e184f997fb27a3c01') in 0.0476594 seconds
Start importing Packages/com.unity.render-pipelines.universal/Textures/BlueNoise16/L/LDR_LLL1_9.png using Guid(071e954febf155243a6c81e48f452644) (TextureImporter) -> (artifact id: '24f518eb3b70368e45a3d1af04282d6d') in 0.032741 seconds
Start importing Packages/com.unity.collab-proxy/Editor/Assets/Images/d_iconignoredoverlay@2x.png using Guid(079f562959995344baea4cd40a9ecea6) (TextureImporter) -> (artifact id: '5e3e8b2686661523c25faee704bf37ce') in 0.0303461 seconds
Start importing Packages/com.unity.timeline/Editor/StyleSheets/Images/Shared/TimelineWarning.png using Guid(1732e542f535d374bbfa7565fc78414e) (TextureImporter) -> (artifact id: 'fd4fe69d8c6342e8d3ae404564e284ec') in 0.0119063 seconds
Start importing Packages/com.unity.inputsystem/InputSystem/Editor/Icons/d_Pen@3x.png using Guid(17b3fef87d666459d860ad88452862da) (TextureImporter) -> (artifact id: 'bc6ac2f842f91b7d8021407c1d991d64') in 0.0404994 seconds
Start importing Packages/com.unity.2d.animation/Editor/Assets/EditorIcons/Light/Weight_Brush@2x.png using Guid(17d3bf7425a0748489ce3633e38652db) (TextureImporter) -> (artifact id: 'b27e27934316d4db8272c8818e2e715d') in 0.0695877 seconds
Start importing Packages/com.unity.2d.animation/Editor/Assets/EditorIcons/Dark/d_Visibility_Tool@4x 1.png using Guid(1748e795fc2216743b74f9f19e87888e) (TextureImporter) -> (artifact id: 'b17ff71ef137ef3cb86ff6c7516b7e85') in 0.0494069 seconds
Start importing Packages/com.unity.inputsystem/InputSystem/Editor/Icons/Gamepad.png using Guid(17c8753d0e5e24194b06404851be7f13) (TextureImporter) -> (artifact id: '638874a55e58aac3def6b75b9f2ae7b4') in 0.0446352 seconds
Start importing Packages/com.unity.2d.animation/Editor/Assets/EditorIcons/Dark/d_Bone@2x.png using Guid(17d971605cfbaea47b0d10b0b5dbc406) (TextureImporter) -> (artifact id: '9f4319e9719afcff51accb23d4de9f06') in 0.0392498 seconds
Start importing Packages/com.unity.shadergraph/Editor/Resources/Icons/sg_graph_icon.png using Guid(170afdc32bbba284e8d0740a464b9fbd) (TextureImporter) -> (artifact id: '692edf2e8751f8a79ac0c14f485bcd47') in 0.0387733 seconds
Start importing Packages/com.unity.2d.animation/Editor/Assets/SkinningModule/dotYellow.png using Guid(173a5eb1d13d68d4ea39f3e5d2c6e2c0) (TextureImporter) -> (artifact id: 'aa484afc9442ee81706d29e1d75a1d61') in 0.0400936 seconds
Start importing Packages/com.unity.2d.animation/Editor/Assets/EditorIcons/Light/character_Mode@3x.png using Guid(17fa84703485d314b8d6b5216987d4b1) (TextureImporter) -> (artifact id: 'e12f6f7426cba3603e768603cad58bdd') in 0.0383651 seconds
Start importing Packages/com.unity.render-pipelines.core/Editor/Icons/MipLevels/RenderGraphViewer/d_PassInspector@16.png using Guid(179c26b8104e4a84bb9ba82aa6ec463b) (TextureImporter) -> (artifact id: '6c09445d2da0e81ea9fe35d11ec661e7') in 0.0355186 seconds
Start importing Packages/com.unity.2d.animation/Editor/Assets/EditorIcons/Dark/d_Sprite_Mode@4x.png using Guid(177f0e0a4941a464f935c21b367d57c7) (TextureImporter) -> (artifact id: 'a20b8d9e001ede3384de6e7be1281671') in 0.0363129 seconds
Start importing Packages/com.unity.render-pipelines.universal/Textures/BlueNoise16/L/LDR_LLL1_31.png using Guid(179f794063d2a66478e6e726f84a65bc) (TextureImporter) -> (artifact id: '7388411c6f6642eed20feffffe03997b') in 0.0229426 seconds
Start importing Packages/com.unity.2d.common/Path/Editor/Handles/Path/pointNormal.png using Guid(2792173d76a5f4d2ebe800b6b4b096cf) (TextureImporter) -> (artifact id: 'a150d92f6cd6d48f2d47bb7f10ff6680') in 0.0429366 seconds
Start importing Packages/com.unity.inputsystem/InputSystem/Editor/Icons/d_Axis@2x.png using Guid(27163f3cda5b9431d928f2b33eeb5cf1) (TextureImporter) -> (artifact id: 'ca01c43c569994ac5629289a58188349') in 0.0480012 seconds
Start importing Packages/com.unity.inputsystem/InputSystem/Editor/Icons/d_Joystick@2x.png using Guid(27fa98be5deb54cbf9c11ffc540272b2) (TextureImporter) -> (artifact id: 'bce67e020b0847da4619be58a9966b43') in 0.0434935 seconds
Start importing Packages/com.unity.2d.tilemap.extras/Editor/Brushes/GameObjectBrush/GameObjectBrush@4x.png using Guid(27fcf2ee0895b467f980e5c3c57b655c) (TextureImporter) -> (artifact id: 'b83a8114d6b7e459b4e0dea34adacc90') in 0.0470884 seconds
Start importing Packages/com.unity.render-pipelines.core/Editor/Lighting/Icons/d_LightPlacement_Icon On@16.png using Guid(27ddd7fccc437254da38f2ffe1983567) (TextureImporter) -> (artifact id: '8bd4d607b7df017fa2280ffd3186269b') in 0.044441 seconds
Start importing Packages/com.unity.2d.animation/Editor/Assets/ComponentIcons/d_GreenCheck.png using Guid(3706f0af0fd964c949932a2664734f23) (TextureImporter) -> (artifact id: 'ca8b5f8749e4fc07eb55816a1840bbb4') in 0.0465979 seconds
Start importing Packages/com.unity.2d.animation/Editor/Assets/EditorIcons/Selected/Create_Edge@3x.png using Guid(374643871a39dd44880f1c0eff14f46c) (TextureImporter) -> (artifact id: 'a341a80149eadb7a3e9e6900cd8f4764') in 0.0447198 seconds
Start importing Packages/com.unity.collab-proxy/Editor/Assets/Images/iconoutofsyncoverlay@2x.png using Guid(3728580c149181a44b359e89f6edacae) (TextureImporter) -> (artifact id: 'ae4ce4f7f9592c9c8f2b4a31bb52e40f') in 0.0420784 seconds
Start importing Packages/com.unity.render-pipelines.core/Editor/PostProcessing/LensFlareResource/CircleFlareThumbnail@2x.png using Guid(37e93113453ac0d46863acd4090899c8) (TextureImporter) -> (artifact id: '081ae6935b257992c7761d7a65645c8a') in 0.0456958 seconds
Start importing Packages/com.unity.render-pipelines.core/Editor/Lighting/Icons/LightUnitIcons/VeryBrightSun@2x.png using Guid(37ca6c7ad753f1648a24db2b740ba2ca) (TextureImporter) -> (artifact id: 'b9cb999c657eb25a222fdf92a22bb93a') in 0.0142632 seconds
Start importing Packages/com.unity.2d.tilemap/Editor/Icons/Tilemap.BrushSettings@2x.png using Guid(47500a6fba22d6849a3f9335aa198ba5) (TextureImporter) -> (artifact id: 'd56da3117d7dbd5b35db76a49c75780c') in 0.0476988 seconds
Start importing Packages/com.unity.2d.animation/Editor/Assets/EditorIcons/Dark/d_Warning@2x.png using Guid(4701020ad5a254186b3082d1f2f37ba0) (TextureImporter) -> (artifact id: '9eb393c68a289168ddaa8f52f413558e') in 0.0443224 seconds
Start importing Packages/com.unity.2d.sprite/Editor/Assets/SpriteEditorOn.png using Guid(476369828d55a4032beead7444495b69) (TextureImporter) -> (artifact id: '5c267447cb2c04fd47ae268685014bfd') in 0.0360552 seconds
Start importing Packages/com.unity.render-pipelines.universal/Textures/BlueNoise16/L/LDR_LLL1_14.png using Guid(47a45908f6db0cb44a0d5e961143afec) (TextureImporter) -> (artifact id: 'ce243ba8ca5566afd2a25ec82c3750fb') in 0.0379376 seconds
Start importing Packages/com.unity.2d.tilemap/Editor/Icons/d_Tilemap.FocusNone@2x.png using Guid(479801e1f49ea2d4baf2b4c12f674bcb) (TextureImporter) -> (artifact id: 'efe18cbbb72c599bf0daadcae0a9ab53') in 0.0383039 seconds
Start importing Packages/com.unity.render-pipelines.core/Editor/LookDev/Icons/d_LayoutVertical@2x.png using Guid(472b4042959bbd844b8fd760bddd7a47) (TextureImporter) -> (artifact id: '204cda0f7f526ded6621dee0829ea866') in 0.0342281 seconds
Start importing Packages/com.unity.2d.tilemap.extras/Editor/Brushes/LineBrush/LineBrush@2x.png using Guid(47be7fc01b3b54a1885426fe8707b1d7) (TextureImporter) -> (artifact id: '02faeaf79295ebb15a5b83288de5987f') in 0.031167 seconds
Start importing Packages/com.unity.2d.animation/Editor/Assets/EditorIcons/Selected/Create_Vertex@3x.png using Guid(47fe565904dc6b1419e9acc62b99812e) (TextureImporter) -> (artifact id: '88a5a119585043d559a814a59b940a75') in 0.0333187 seconds
Start importing Packages/com.unity.inputsystem/InputSystem/Editor/AssetEditor/PackageResources/yellow.png using Guid(47cf506b4219343519083fe1c0b8fc9c) (TextureImporter) -> (artifact id: 'c03c3f60f7a1d4cedfe11e498e334896') in 0.0323818 seconds
Start importing Packages/com.unity.shadergraph/Editor/Resources/Icons/Settings_Flyout_9slice.png using Guid(57517c89a809f44458493cef0310e46f) (TextureImporter) -> (artifact id: 'ae43940c7749f94e241beb57259caac7') in 0.0351662 seconds
Start importing Packages/com.unity.2d.animation/Editor/Assets/ComponentIcons/Animation.SpriteLibraryManager On@128.png using Guid(57f8befb92b364ca1bcae0f34c27e2d3) (TextureImporter) -> (artifact id: '0af3c367b31d646300d52b46296bb006') in 0.0392724 seconds
Start importing Packages/com.unity.2d.animation/Editor/Assets/EditorIcons/Dark/d_Visibility_Tool@4x.png using Guid(575e67e67fc4b3349bef2112e32f0be3) (TextureImporter) -> (artifact id: '837160d64505c302be9a935ddf6db60c') in 0.0247202 seconds
Start importing Packages/com.unity.inputsystem/InputSystem/Editor/Icons/ChevronUp@2x.png using Guid(57dfdce0eaf2f48a9bd9e60e920e446b) (TextureImporter) -> (artifact id: '03baf61994c2e3c05a74d9536c0446d2') in 0.0234358 seconds
Start importing Packages/com.unity.2d.animation/Editor/Assets/EditorIcons/Selected/Copy.png using Guid(678095381d851334fb550c5032ba1a81) (TextureImporter) -> (artifact id: '5ffdcb16d096eb2f471a5ce97c302a31') in 0.0319641 seconds
Start importing Packages/com.unity.collab-proxy/Editor/Assets/Images/iconpackageupdateavailable@2x.png using Guid(67e680da36c60e245ab0176daa656da5) (TextureImporter) -> (artifact id: 'fc05e40cf8bf5f4161e5161e3b0bc6f1') in 0.0376235 seconds
Start importing Packages/com.unity.timeline/Editor/StyleSheets/Images/Icons/d_TimelineEditModeRippleON.png using Guid(67a774c4384aa6c488128e2851b18ced) (TextureImporter) -> (artifact id: 'be87a5eaad652f4d61e82d09dca48ba2') in 0.0229474 seconds
Start importing Packages/com.unity.collab-proxy/Editor/Assets/Images/d_iconignoredoverlay.png using Guid(6768dd39d3740af429fb2d88f53390c2) (TextureImporter) -> (artifact id: 'b802fee52cf23a645baddb4872a9737c') in 0.0317144 seconds
Start importing Packages/com.unity.2d.animation/Editor/Assets/ComponentIcons/Animation.SpriteSkin On@256.png using Guid(678e07380549544ef9884c1817c65ae8) (TextureImporter) -> (artifact id: 'c2aeb4031e27a8c16ae2e245e119c2c5') in 0.0387628 seconds
Start importing Packages/com.unity.render-pipelines.core/Editor/Icons/MipLevels/d_Volume@32.png using Guid(675ff9ea9d96a004a85fc91680242734) (TextureImporter) -> (artifact id: '5fa2322fd42604760424c25bb44664c5') in 0.0313772 seconds
Start importing Packages/com.unity.multiplayer.center/Editor/MultiplayerCenterWindow/UI/Icons/PackageManager.png using Guid(679f9999c6f8f497e806a2d5d0511879) (TextureImporter) -> (artifact id: '744d0504e3c4c5cccb3bb8cf1d3678b1') in 0.0202667 seconds
Start importing Packages/com.unity.render-pipelines.core/Editor/Lighting/Icons/LightPlacement_Icon.png using Guid(77f3e0d20577fcd4ebb29c14ff5d58c7) (TextureImporter) -> (artifact id: 'aeffbba378265591490b051ce9d66359') in 0.0354013 seconds
Start importing Packages/com.unity.2d.animation/Editor/Assets/EditorIcons/Selected/Split_Edge@3x.png using Guid(7764b2bf79a49894e8ea10f3d661a4ed) (TextureImporter) -> (artifact id: '2dcd5b93f79f9b3abd8309f7bd7ce829') in 0.031836 seconds
Start importing Packages/com.unity.timeline/Editor/StyleSheets/Images/Icons/d_TrackMarkerButtonDisabled@2x.png using Guid(77d926c9a4ddcc940b8c000b45cbfb35) (TextureImporter) -> (artifact id: '26640737c47c18f3670e34e499bbc920') in 0.0182524 seconds
Start importing Packages/com.unity.multiplayer.center/Editor/MultiplayerCenterWindow/UI/Icons/d_PackageInstalled.png using Guid(77be953cf28de42a4ad8532539fef3f5) (TextureImporter) -> (artifact id: '91bb9fd7e0f2f9882839adc985a1e1f1') in 0.0290307 seconds
Start importing Packages/com.unity.2d.tilemap/Editor/Icons/d_Tilemap.DefaultBrush@4x.png using Guid(77be2b195bdd3a849b554d6dd09badb0) (TextureImporter) -> (artifact id: '047bf59ce0d0df8f926c29dd286528f9') in 0.030923 seconds
Start importing Packages/com.unity.collab-proxy/Editor/Assets/Images/iconbrex.png using Guid(87480bc179519ff4da25283c61c2573b) (TextureImporter) -> (artifact id: '4b512311541068a94ad354beb6242ef6') in 0.0281447 seconds
Start importing Packages/com.unity.2d.sprite/Editor/ObjectMenuCreation/DefaultAssets/Textures/CircleMask.png using Guid(87aaca0a643d54397ba969dab4fc8875) (TextureImporter) -> (artifact id: '2c3fadf1d8804e6968e0b7b99ceeccd3') in 0.0362381 seconds
Start importing Packages/com.unity.collab-proxy/Editor/Assets/Images/d_iconbranches@2x.png using Guid(874d8401331ede14087e8d8d486ddda6) (TextureImporter) -> (artifact id: '033440bac2ec8eb6cdfbd6e677ec4b8d') in 0.0327908 seconds
Start importing Packages/com.unity.inputsystem/InputSystem/Editor/Icons/Keyboard@2x.png using Guid(87ae93efe5d3b4262995b0acdc987d88) (TextureImporter) -> (artifact id: '2e6f1f3a6d2101d4b2ca084890b3b1b9') in 0.0383599 seconds
Start importing Packages/com.unity.inputsystem/InputSystem/Editor/Icons/Mouse@2x.png using Guid(9721efa02e520488d96c36460fe7e4a6) (TextureImporter) -> (artifact id: '4c2c14f00e0139370cbcb64bfad3bcfc') in 0.0301588 seconds
Start importing Packages/com.unity.collab-proxy/Editor/Assets/Images/iconplasticview@2x.png using Guid(97a4e2b6ae08b1140a5ba9e22953e029) (TextureImporter) -> (artifact id: 'fe894f5f27ab2f5fe690662eb7d0e6af') in 0.0303821 seconds
Start importing Packages/com.unity.2d.animation/Editor/Assets/ComponentIcons/Animation.IKLimb On@128.png using Guid(a7509656986904778b9b80babc278b98) (TextureImporter) -> (artifact id: '10c24cf4d7b19f2277ea7775b2fb8ed6') in 0.0343195 seconds
Start importing Packages/com.unity.timeline/Editor/StyleSheets/Images/LightSkin/TimelineIconClipOut.png using Guid(a7a968b204ed77c4ba90be3ef3ee8551) (TextureImporter) -> (artifact id: '28c4b4c873150dcfc25852d6d37f78b4') in 0.0276717 seconds
Start importing Packages/com.unity.ugui/Editor Resources/Gizmos/TMP - Dropdown Icon.psd using Guid(a7ec9e7ad8b847b7ae4510af83c5d868) (TextureImporter) -> (artifact id: '7e1882bee782464aa59eb0594b60f6f5') in 0.0101331 seconds
Start importing Packages/com.unity.render-pipelines.core/Editor/LookDev/Icons/d_LayoutCustom@2x.png using Guid(b753c88a6aeb2674fa1d4f0a4c0a285a) (TextureImporter) -> (artifact id: 'c6075c4e3a2335b1f6ea95d5877be28b') in 0.0335583 seconds
Start importing Packages/com.unity.2d.tilemap.extras/Editor/Brushes/RandomBrush/RandomBrush.png using Guid(b7d42367c2bb040c3846aba77adc0dab) (TextureImporter) -> (artifact id: '13ea21f00515f4bfca1b9d52937f34f6') in 0.0335331 seconds
Start importing Packages/com.unity.2d.sprite/Editor/Assets/d_SpriteEditor.png using Guid(b7784190913354d4fb9b7f77888f915f) (TextureImporter) -> (artifact id: 'b07d79f84bc94f214499795d2b615851') in 0.0277074 seconds
Start importing Packages/com.unity.collab-proxy/Editor/Assets/Images/d_iconchangesets@2x.png using Guid(b76c20add7d3d4f79afcbafeaa12e974) (TextureImporter) -> (artifact id: 'df0eead6038e3d1275be3cb46f7072e2') in 0.0316246 seconds
Start importing Packages/com.unity.multiplayer.center/Editor/MultiplayerCenterWindow/UI/Icons/ClientHosted@2x.png using Guid(c7a38e6eccbfc49778cb8b77f594a971) (TextureImporter) -> (artifact id: 'c1e88714b27af296e8ff4f8789447a34') in 0.0160352 seconds
Start importing Packages/com.unity.2d.tilemap/Editor/Icons/d_EditorUI.Target@4x.png using Guid(c7d31ce121f6d6841b01dbcf3d909854) (TextureImporter) -> (artifact id: '4c5ded303cd00a132ae547bffb20750a') in 0.0283058 seconds
Start importing Packages/com.unity.2d.animation/Editor/Assets/EditorIcons/Selected/Edit_Geometry@2x.png using Guid(c706f86f6fd02084f9a14727d08b844d) (TextureImporter) -> (artifact id: '9817051e7aa8a16609657b6bcc60fd3e') in 0.0320882 seconds
Start importing Packages/com.unity.ugui/Editor Resources/Textures/btn_AlignCenterGeo.psd using Guid(c76700ea0062413d9f69409b4e9e151b) (TextureImporter) -> (artifact id: '056c83fafe135eac44bb89b8e0849e7e') in 0.0067685 seconds
Start importing Packages/com.unity.2d.animation/Editor/Assets/EditorIcons/Light/Bone_Influence@4x.png using Guid(c7aa62ae78ffca0498c89e5f45f94c0e) (TextureImporter) -> (artifact id: 'b4ed4f6ce02be3a3b833ba410a82f0f6') in 0.0305314 seconds
Start importing Packages/com.unity.render-pipelines.core/Editor/Lighting/Icons/d_LightPlacement_Icon@128.png using Guid(c7cdaebf43bf99948bf392ce8f4088af) (TextureImporter) -> (artifact id: '58ca6c60401ab028d826f99bc4abfda7') in 0.0302105 seconds
Start importing Packages/com.unity.collab-proxy/Editor/Assets/Images/iconmovedoverlay@2x.png using Guid(c7bee029a895b44cfb249d7cd63d13af) (TextureImporter) -> (artifact id: 'ed05c7eff7aafdb7a11fe4c5ceacf930') in 0.0282292 seconds
Start importing Packages/com.unity.timeline/Editor/StyleSheets/Images/LightSkin/TimelineLoop.png using Guid(c7df1e797b21c774f9b859d17f674737) (TextureImporter) -> (artifact id: 'aa14b8235b5b9ce709dca6c4a40eb1b0') in 0.0320149 seconds
Start importing Packages/com.unity.multiplayer.center/Editor/MultiplayerCenterWindow/UI/Icons/CustomNetcode@2x.png using Guid(d7711b0cc806d430b8a95f1e33ec3649) (TextureImporter) -> (artifact id: '8e82c4ad5e1052b0574b179f44ceed07') in 0.032662 seconds
Start importing Packages/com.unity.inputsystem/InputSystem/Editor/AssetEditor/PackageResources/pink.png using Guid(d7b144323984d4298924c65ed071dea1) (TextureImporter) -> (artifact id: '1a504c3275ab91d31f0f2bbb74f6fa05') in 0.029855 seconds
Start importing Packages/com.unity.2d.animation/Editor/Assets/EditorIcons/Selected/Edit_Joints@4x.png using Guid(d7b47eae8bab6b94798f1c25eabe65c2) (TextureImporter) -> (artifact id: '2a3062766be7b04c63cd65ec26e51404') in 0.0283358 seconds
Start importing Packages/com.unity.render-pipelines.core/Editor/Icons/MipLevels/d_Volume@128.png using Guid(d765b90a4ccbfae4ba0b8512144b99f0) (TextureImporter) -> (artifact id: '291c3264a5b2cace58efd1c21c5356cc') in 0.0291189 seconds
Start importing Packages/com.unity.2d.psdimporter/Editor/Assets/Icons/Selected/Layers Mixed@2x.png using Guid(d7b52ee143e0c4bf09d482ec22428db2) (TextureImporter) -> (artifact id: '72564bcbd93e5e14981c3b1d75a93659') in 0.0293941 seconds
Start importing Packages/com.unity.inputsystem/InputSystem/Editor/Icons/Dpad@4x.png using Guid(d7073cfe15a1a48bfb7ff59225052484) (TextureImporter) -> (artifact id: '80376223cab94ec9982ac1423159b99a') in 0.0289388 seconds
Start importing Packages/com.unity.collab-proxy/Editor/Assets/Images/iconoutofsync@2x.png using Guid(d7094718bdac022428dd29244922d06b) (TextureImporter) -> (artifact id: 'f39fdb06a84c1a0cfe81fa5a556a4de1') in 0.0345077 seconds
Start importing Packages/com.unity.render-pipelines.core/Editor/PostProcessing/LensFlareResource/Flare128.png using Guid(d7b90718ad2a7af4aab8546a0897d5db) (TextureImporter) -> (artifact id: '0e2099e4bb84bb31103085ad16dfcb93') in 0.0212217 seconds
Start importing Packages/com.unity.2d.animation/Editor/Assets/EditorIcons/Light/Edit_Joints.png using Guid(e7b30dca77466b8478690c280b0010ea) (TextureImporter) -> (artifact id: '1b4c209229e778cf18adccee986ac135') in 0.028561 seconds
Start importing Packages/com.unity.render-pipelines.core/Editor/Lighting/Icons/LightUnitIcons/d_SunriseSunset@2x.png using Guid(e737fd1dd31046c4da43e8ba94fdaf63) (TextureImporter) -> (artifact id: 'c592e5a9ee332df34784bdcf9b52eb82') in 0.0314811 seconds
Start importing Packages/com.unity.2d.animation/Editor/Assets/EditorIcons/Selected/d_Mesh@3x.png using Guid(e79a9e9d6396eba438900afb0357e808) (TextureImporter) -> (artifact id: '997eb0514607f72e32382cb57c16f5f5') in 0.0410956 seconds
Start importing Packages/com.unity.2d.animation/Editor/Assets/EditorIcons/Dark/d_Edit_Joints@3x.png using Guid(e76bc39dceb8b72439432f8679056c92) (TextureImporter) -> (artifact id: 'd366cd9215d0f101ebd0ceeebd20f0ad') in 0.0377044 seconds
Start importing Packages/com.unity.2d.animation/Editor/Assets/EditorIcons/Selected/Create_Vertex.png using Guid(e7ddb9213511d984f8b951a7c913d83a) (TextureImporter) -> (artifact id: 'c9159c4733f8304cd50e7c3ff5af78c8') in 0.0358854 seconds
Start importing Packages/com.unity.collab-proxy/Editor/Assets/Images/iconretainedoverlay.png using Guid(e73eb87336d0d0846a48f288248f52eb) (TextureImporter) -> (artifact id: 'd4d28ed4751d6cf728c7c2f4fcab8d5d') in 0.0371525 seconds
Start importing Packages/com.unity.inputsystem/InputSystem/Editor/Icons/d_Touch@3x.png using Guid(e77ee65b5139048949dc0ac5614efeec) (TextureImporter) -> (artifact id: '33d2a284f4a5769636ba4f46ff1394a4') in 0.0341294 seconds
Start importing Packages/com.unity.2d.animation/Editor/Assets/EditorIcons/Light/SetPivot16.png using Guid(e7ae402e1190249f4a2be52eb7ec09c5) (TextureImporter) -> (artifact id: '501ac76794d55a11fe2b111e23794abe') in 0.0309876 seconds
Start importing Packages/com.unity.inputsystem/InputSystem/Editor/Icons/Dpad.png using Guid(e76f0489d4db34a2fbc3532e07f2848a) (TextureImporter) -> (artifact id: 'ec63ed104cea14ff5a7a51c21a301cd9') in 0.0292929 seconds
Start importing Packages/com.unity.2d.animation/Editor/Assets/EditorIcons/Selected/Split Bones.png using Guid(f723a6284838af1429bbb544ecf4015d) (TextureImporter) -> (artifact id: '65072597102667d9eacd83602d3b7f72') in 0.031098 seconds
Start importing Packages/com.unity.visualscripting/Editor/VisualScripting.Core/IconMap/FlowMachine@32x.png using Guid(f723b77167d184d4a8ab528db8b55744) (TextureImporter) -> (artifact id: '684b0d193217b1d2e7fbf34244621453') in 0.0318395 seconds
Start importing Packages/com.unity.shadergraph/GraphTemplates/Cross Pipeline/TerrainSimpleTemplateThumbnail.png using Guid(f7b60a412d492fa4a96583e253626880) (TextureImporter) -> (artifact id: '1f8f5189a4b28ad0338d6fab10400d81') in 0.0539626 seconds
Start importing Packages/com.unity.2d.animation/Editor/Assets/EditorIcons/Dark/d_Generate_Weights@2x.png using Guid(f7e651b449fe96f42badf0e18b738c78) (TextureImporter) -> (artifact id: '30e69f69c41af34a8d6e96aaf61b171d') in 0.0323948 seconds
Start importing Packages/com.unity.timeline/Editor/StyleSheets/Images/DarkSkin/TimelineContinue.png using Guid(f747f9cdf03f2ff418fe728a77e8cbef) (TextureImporter) -> (artifact id: 'b9b7ae8a2f682715e0f226f3c380d37a') in 0.0199431 seconds
Start importing Packages/com.unity.2d.tilemap/Editor/Icons/Tilemap.ActiveTargetLayers@2x.png using Guid(f708c0da8a2b5fc4381f7f8d4a322a0a) (TextureImporter) -> (artifact id: 'a1ec2d03eee8ab93f2ed53ef2ec1b102') in 0.0328451 seconds
Start importing Packages/com.unity.render-pipelines.core/Editor/Lighting/Icons/d_LightPlacement_Icon@16.png using Guid(f75902f05f887d847bd7573bdac61eca) (TextureImporter) -> (artifact id: '726cfd68a6464d8fc832cc5b54f82769') in 0.0272012 seconds
Start importing Packages/com.unity.collab-proxy/Editor/Assets/Images/iconlockedremoteoverlay@2x.png using Guid(f73a7d8758d7be04588b15637d94b5a8) (TextureImporter) -> (artifact id: 'ac665d1be892c80c1f7c537c885a6dcf') in 0.0266991 seconds
Start importing Packages/com.unity.collab-proxy/Editor/Assets/Images/d_iconlock.png using Guid(f7adc828ed70a485db62c459bdf09525) (TextureImporter) -> (artifact id: '59e5bc9a59effec56425d0afdebef497') in 0.0288212 seconds
Start importing Packages/com.unity.collab-proxy/Editor/Assets/Images/iconhistory@2x.png using Guid(08c1bc2a008284ed6987b801a480e64a) (TextureImporter) -> (artifact id: 'f71db58c1b25ed24a04dbbcc05ca47be') in 0.026513 seconds
Start importing Packages/com.unity.render-pipelines.core/Editor/Lighting/Icons/LightUnitIcons/d_CloudySky@2x.png using Guid(088373792f5db604fa5b045cb5dff9c9) (TextureImporter) -> (artifact id: '1a2ac1d24886aea50c4494ba86387195') in 0.030361 seconds
Start importing Packages/com.unity.render-pipelines.core/Editor/Lighting/Icons/LightUnitIcons/d_VeryBrightSun.png using Guid(083778a134a402a4f82b55a98ac21530) (TextureImporter) -> (artifact id: 'd788d48a2c0b92bc80cdce20fa14f519') in 0.0193668 seconds
Start importing Packages/com.unity.2d.tilemap/Editor/Icons/Tilemap.FocusGrid.png using Guid(0838dba95105e7148a96012c2778a2d5) (TextureImporter) -> (artifact id: '3333a1c9d9db968ec7649b629e01ab6d') in 0.0301409 seconds
Start importing Packages/com.unity.inputsystem/InputSystem/Editor/Icons/InputControl@4x.png using Guid(08c99f7c2a7fa410d8567323e32ad5f5) (TextureImporter) -> (artifact id: 'e5b0e615b1dab04c7fb4fb308b7b8f04') in 0.0261476 seconds
Start importing Packages/com.unity.2d.animation/Editor/Assets/EditorIcons/Light/Edit_Geometry@4x.png using Guid(088ce4ab56060504083daeb4556a09c1) (TextureImporter) -> (artifact id: '469130bf4717168b183dee2b6c06bcf0') in 0.0313238 seconds
Start importing Packages/com.unity.2d.animation/Editor/Assets/ComponentIcons/Animation.SpriteLibraryVar On.png using Guid(18115dbbb843441ac95e0b3a372d9807) (TextureImporter) -> (artifact id: '75461e1f12c048a639a04790dec95548') in 0.0327034 seconds
Start importing Packages/com.unity.collab-proxy/Editor/Assets/Images/iconlockretained@2x.png using Guid(1844d3d99090a0b43b60a5f1ff821467) (TextureImporter) -> (artifact id: '1fcf623f2acdbf88b284e0ea5422c569') in 0.029723 seconds
Start importing Packages/com.unity.inputsystem/InputSystem/Editor/Icons/Joystick@2x.png using Guid(18e45e1f11fae429c80c200cca8e0b4c) (TextureImporter) -> (artifact id: '7631d849efcebdb0743a670ce1308588') in 0.0290834 seconds
Start importing Packages/com.unity.shadergraph/Editor/Resources/Icons/sg_subgraph_icon_gray_dark.png using Guid(18c6490536702e840b89a326d93a92a1) (TextureImporter) -> (artifact id: '203f7df32d365c1818aa342479f64156') in 0.0295147 seconds
Start importing Packages/com.unity.ugui/Editor Resources/Textures/btn_AlignBaseLine_Light.psd using Guid(18775b51e3bd42299fd30bd036ea982f) (TextureImporter) -> (artifact id: 'd3f6574098cbd7890f64c4c6a5a44e02') in 0.0059942 seconds
Start importing Packages/com.unity.2d.animation/Editor/Assets/EditorIcons/Light/Split Bones@2x.png using Guid(180eeff5b9e615349907ea53344202fa) (TextureImporter) -> (artifact id: '0edb70be0f653779bbf56102df33e329') in 0.0310518 seconds
Start importing Packages/com.unity.timeline/Editor/StyleSheets/Images/DarkSkin/TimelineAutokey_active@2x.png using Guid(183f7b7549219ab47becb461a16df882) (TextureImporter) -> (artifact id: '936a6b651add2bedd400bf1921c6ad45') in 0.0285061 seconds
Start importing Packages/com.unity.2d.psdimporter/Editor/Assets/Icons/Selected/Layers Collapsed@1x.png using Guid(2870bda067c0e4d58911767e41709dd2) (TextureImporter) -> (artifact id: '7afc16a658c35dbeef09b1124c1cda03') in 0.0300171 seconds
Start importing Packages/com.unity.render-pipelines.core/Editor/LookDev/Icons/d_Camera2.png using Guid(281160d54742cbb44a88a61bf8ccfb16) (TextureImporter) -> (artifact id: 'a300b62039d051180153fb71a02134a7') in 0.0299433 seconds
Start importing Packages/com.unity.2d.animation/Editor/Assets/EditorIcons/Selected/Generate_Weights.png using Guid(2892d6ec6ca2a1f45adbd52fdb96fcfe) (TextureImporter) -> (artifact id: 'b53e2e97f6e0a6688a4dc5e0290ef580') in 0.029097 seconds
Start importing Packages/com.unity.render-pipelines.core/Editor/LookDev/Icons/Camera2@2x.png using Guid(28f2917353630ce4fa307eeceadcd26d) (TextureImporter) -> (artifact id: '16dd8f7812716ce7479423761789d4be') in 0.0195955 seconds
Start importing Packages/com.unity.render-pipelines.core/Editor/LookDev/Icons/d_RightArrow@2x.png using Guid(28d47cbaafc98254f8d4f6184dff22cd) (TextureImporter) -> (artifact id: '92bad44971738d3afedd6f35986db461') in 0.0299415 seconds
Start importing Packages/com.unity.timeline/Editor/StyleSheets/Images/LightSkin/TimelineActivation.png using Guid(2887294cc7f1fe840bff6e349409648d) (TextureImporter) -> (artifact id: 'f8105a2472579d3d25062985603c20ba') in 0.0303058 seconds
Start importing Packages/com.unity.render-pipelines.core/Editor/Icons/MipLevels/d_VolumeProfile@64.png using Guid(2889bb1951831234789d947901bce53e) (TextureImporter) -> (artifact id: '22b5b4096fd6856f623b9bc4c606307e') in 0.0288352 seconds
Start importing Packages/com.unity.2d.tilemap/Editor/Icons/Grid.RotateACW.png using Guid(28df830b98d0a3f44b58e73d78060ab0) (TextureImporter) -> (artifact id: '8f6f6046194b2c010ce99d2ffc91d46c') in 0.0300178 seconds
Start importing Packages/com.unity.collab-proxy/Editor/Assets/Images/d_step1.png using Guid(38236a82ff44aaa4b972248479d5f970) (TextureImporter) -> (artifact id: '4ec673cad6f49d99a7bcde62a525905b') in 0.0322645 seconds
Start importing Packages/com.unity.multiplayer.center/Editor/MultiplayerCenterWindow/UI/Icons/DedicatedServer@2x.png using Guid(38b78df4a34c94fa6a52c90239606ff1) (TextureImporter) -> (artifact id: '22944e9ded4a36ab9b8afadae3bd87d0') in 0.030005 seconds
Start importing Packages/com.unity.render-pipelines.core/Editor/Icons/RenderGraphViewer/Texture@2x.png using Guid(38d7c20ac7a9de246a75479d66d518fd) (TextureImporter) -> (artifact id: '78700e715b1ec4773bb0a4198f95c0a6') in 0.0177693 seconds
Start importing Packages/com.unity.ugui/Editor Resources/Textures/btn_AlignTop.psd using Guid(48d034c499ee4697af9dd6e327110249) (TextureImporter) -> (artifact id: '967aa5640759c1d8bb9da284c44c8a40') in 0.0068476 seconds
Start importing Packages/com.unity.render-pipelines.core/Editor/Icons/MipLevels/RenderGraphViewer/PassInspector@16.png using Guid(48b566d9e8cf828409d6879b70fe00b5) (TextureImporter) -> (artifact id: 'b9a732c275c1804839cc9d223b272d98') in 0.0316031 seconds
Start importing Packages/com.unity.2d.animation/Editor/Assets/EditorIcons/Selected/Weight_Brush@4x.png using Guid(48464cd53bb3c604f999e7d3f15e8d09) (TextureImporter) -> (artifact id: 'b0eaa24d6a0bb87987bc90c483d5a7de') in 0.032092 seconds
Start importing Packages/com.unity.2d.tilemap/Editor/Icons/Tilemap.EditPalette.png using Guid(4858e04232af5e340922812cd3697086) (TextureImporter) -> (artifact id: '1e5150608f55ce1a5a52f4a8ec59c276') in 0.0308648 seconds
Start importing Packages/com.unity.2d.animation/Editor/Assets/ComponentIcons/Animation.IKManager On@32.png using Guid(48e86ca3e41834f60b0eae5fb521cfc4) (TextureImporter) -> (artifact id: 'c684d041e5714b53f0db76e96ddf1324') in 0.0293354 seconds
Start importing Packages/com.unity.2d.sprite/Editor/ObjectMenuCreation/DefaultAssets/Textures/Square.png using Guid(48e93eef0688c4a259cb0eddcd8661f7) (TextureImporter) -> (artifact id: '92ab2807248beef933c063a0051186ee') in 0.0337598 seconds
Start importing Packages/com.unity.2d.animation/Editor/Assets/EditorIcons/Dark/d_Sprite_Influence@4x.png using Guid(58702b682724446469909705bca1de62) (TextureImporter) -> (artifact id: 'e2a10d32cdc1d74a56ef02da4ec5e1f2') in 0.0311989 seconds
Start importing Packages/com.unity.inputsystem/InputSystem/Editor/Icons/Touch.png using Guid(588041e6f0efb43489b38677e0aac58f) (TextureImporter) -> (artifact id: '2bdfa9223a3796ef2a3eaaebe40a0460') in 0.0308575 seconds
Start importing Packages/com.unity.inputsystem/InputSystem/Editor/Icons/Stick@2x.png using Guid(5881d226463a047cb8db57c9cb0ebc0f) (TextureImporter) -> (artifact id: 'a720a15c649a920a8488a1c6400f5320') in 0.0319843 seconds
Start importing Packages/com.unity.inputsystem/InputSystem/Editor/Icons/Dpad@2x.png using Guid(5806833d077654e5784b7cbf3e722f58) (TextureImporter) -> (artifact id: '451bf0524f7112f2d854da06fb435236') in 0.0327696 seconds
Start importing Packages/com.unity.collab-proxy/Editor/Assets/Images/iconpendingchangesview@2x.png using Guid(58f6d5934224b4bb0a67d67e45a6654b) (TextureImporter) -> (artifact id: '2e594b51383c10716e4c866dc99fbb4d') in 0.0304662 seconds
Start importing Packages/com.unity.ugui/Editor Resources/Textures/btn_AlignBottom_Light.psd using Guid(585b70cb75dd43efbfead809c30a1731) (TextureImporter) -> (artifact id: 'd558aedbde7f50453fc4cd307ea07817') in 0.0068346 seconds
Start importing Packages/com.unity.collab-proxy/Editor/Assets/Images/d_iconpendingchanges@2x.png using Guid(68302c8c48e3cee4aad72dbbf7894781) (TextureImporter) -> (artifact id: '4364da1f46d65d07330519b79b461270') in 0.0336574 seconds
Start importing Packages/com.unity.2d.psdimporter/Editor/Assets/Icons/Dark/Layers Mixed@4x.png using Guid(68f1f3aed86c64050b0c1e343c604868) (TextureImporter) -> (artifact id: 'e4f2912d7b8d61c9cc884e934495baf6') in 0.0313756 seconds
Start importing Packages/com.unity.2d.animation/Editor/Assets/EditorIcons/Selected/Bone_Influence@3x.png using Guid(68e5a78013e33f247822a837e55b0ab4) (TextureImporter) -> (artifact id: '2d2a30a23801b06e99c2dd3d313c87ad') in 0.0281604 seconds
Start importing Packages/com.unity.render-pipelines.universal/Editor/2D/Resources/InspectorIcons/FreeformLight.png using Guid(68e5bb6e60bebc046b26d3c3100a523b) (TextureImporter) -> (artifact id: '8b427a1189375a17f3a2a945ce9a3094') in 0.0084845 seconds
Start importing Packages/com.unity.2d.animation/Editor/Assets/EditorIcons/Dark/d_Weight_Slider@4x.png using Guid(6816bbef55b2e9847b5e4f06c5475d8b) (TextureImporter) -> (artifact id: '7158f0147e0b118556dd2a7e7de0e691') in 0.028311 seconds
Start importing Packages/com.unity.2d.psdimporter/Editor/Assets/Icons/Selected/Layers Collapsed@2x.png using Guid(68f9e990182e8491b9c0f3dc88cd0158) (TextureImporter) -> (artifact id: '1feb3ade6040b571285e85350f1c5733') in 0.0268597 seconds
Start importing Packages/com.unity.2d.tilemap.extras/Editor/Brushes/GameObjectBrush/d_GameObjectBrush@2x.png using Guid(682d09f2707a84283a24884f2ec0e963) (TextureImporter) -> (artifact id: '638a0eae3b7fcaac97365dfe5c19c785') in 0.0309943 seconds
Start importing Packages/com.unity.2d.animation/Editor/Assets/ComponentIcons/d_Animation.IKLimb@256.png using Guid(687d960e2731e4f379851b2bb0b12167) (TextureImporter) -> (artifact id: '5bd55e60868c7086c070ac93d903c5bf') in 0.0368805 seconds
Start importing Packages/com.unity.2d.animation/Editor/Assets/EditorIcons/Selected/Create Bones@3x.png using Guid(7835bec40f86c2c4fb3f91a6eb3b7034) (TextureImporter) -> (artifact id: '7319fc735864de8ca13360410a9f5047') in 0.0290741 seconds
Start importing Packages/com.unity.render-pipelines.core/Editor/Icons/RenderGraphViewer/AccelerationStructure@2x.png using Guid(78c530431f09533469990aeb78f31210) (TextureImporter) -> (artifact id: 'd891958e531e13192e3fdeaf1a6c00fc') in 0.0297237 seconds
Start importing Packages/com.unity.shadergraph/GraphTemplates/default_vfx_msk.png using Guid(788b35e8fa5154559af342abaf8be483) (TextureImporter) -> (artifact id: '6df2f43d7b58ad0403baa18b53a7a0a4') in 0.0289757 seconds
Start importing Packages/com.unity.collab-proxy/Editor/Assets/Images/d_exclusionrule@2x.png using Guid(78de972b7bcb2424e8560a8c310a6d10) (TextureImporter) -> (artifact id: '8fe61a118e9be6919ec4b978178849da') in 0.0297294 seconds
Start importing Packages/com.unity.2d.animation/Editor/Assets/EditorIcons/Selected/Split_Edge.png using Guid(8800032f7e7cdd544b74849c80ce05d4) (TextureImporter) -> (artifact id: '594ecc38040048bed44ba1059b72c7ba') in 0.0280869 seconds
Start importing Packages/com.unity.2d.psdimporter/Editor/Assets/Icons/Selected/Layers Collapsed@4x.png using Guid(88a01be2082444885aa54d39afb85dd8) (TextureImporter) -> (artifact id: '9da96b3a3126304f13738eb8788f36dd') in 0.0314515 seconds
Start importing Packages/com.unity.2d.sprite/Editor/ObjectMenuCreation/DefaultAssets/Textures/v2/9Sliced.png using Guid(8884154dfe85442a3a3578be807dbcdf) (TextureImporter) -> (artifact id: '20b53309ac7dfab6dce5f03d27f19550') in 0.0354041 seconds
Start importing Packages/com.unity.2d.animation/Editor/Assets/EditorIcons/Light/EditorUI.Filter.png using Guid(88550efdfb3734011ab1fc63037b4a20) (TextureImporter) -> (artifact id: '1a0a43656f593a0b6d875ad2a6c80845') in 0.0345615 seconds
Start importing Packages/com.unity.timeline/Editor/StyleSheets/Images/LightSkin/TimelinePingPong.png using Guid(88d697f38121de443ba144702e5122d9) (TextureImporter) -> (artifact id: '746ab8f30bdc7cff56f88ad34de99e65') in 0.0275825 seconds
Start importing Packages/com.unity.collab-proxy/Editor/Assets/Images/d_iconconflicted.png using Guid(881798b77426a8f47b533dcc4767e9e5) (TextureImporter) -> (artifact id: '5e38f23006a91476bb01b3b655d59afa') in 0.0289584 seconds
Start importing Packages/com.unity.render-pipelines.universal/Editor/2D/Resources/InspectorIcons/SpriteLight.png using Guid(8839c54710da3374f994e12f39b6d65f) (TextureImporter) -> (artifact id: '1d208918e4115826671e063c04d41f9f') in 0.0060095 seconds
Start importing Packages/com.unity.shadergraph/Editor/Resources/GraphView/Nodes/PreviewExpand@2x.png using Guid(88995b00867befb41adaada22f8abc21) (TextureImporter) -> (artifact id: 'cceb7d53d74c50cf42f0586ee5f8407c') in 0.0264689 seconds
Start importing Packages/com.unity.render-pipelines.core/Editor/Icons/RenderGraphViewer/PassInspector@2x.png using Guid(881eb9c95b9a018479a89b9218d61928) (TextureImporter) -> (artifact id: '4a4b2d1a5c524377a9370031ca16d93e') in 0.0167588 seconds
Start importing Packages/com.unity.render-pipelines.core/Editor/Icons/MipLevels/d_VolumeProfile@128.png using Guid(98c28ecf0d815cc49b6868def3e52f49) (TextureImporter) -> (artifact id: 'f1184f526d04ac4ce9f13bbca8e101d2') in 0.0147971 seconds
Start importing Packages/com.unity.2d.psdimporter/Editor/Assets/Icons/Light/Layers Separated@2x.png using Guid(9804e134a7b174b679f94a53e992ea60) (TextureImporter) -> (artifact id: '29f5bed1dc2afa4b31846d097cfa1d2e') in 0.0239499 seconds
Start importing Packages/com.unity.2d.animation/Editor/Assets/EditorIcons/Selected/Edit_Pose.png using Guid(9844a6aa871b23547892e819f4dd55c3) (TextureImporter) -> (artifact id: '9476836b54afdaf2a1548c46935cd5fd') in 0.0303957 seconds
Start importing Packages/com.unity.render-pipelines.core/Editor/Icons/RenderGraphViewer/d_FramebufferFetch@2x.png using Guid(986528338c7e82b42b466e23ac6fbb96) (TextureImporter) -> (artifact id: '09368e3594d45deb0eda7fe8a281845e') in 0.0282661 seconds
Start importing Packages/com.unity.render-pipelines.core/Editor/LookDev/Icons/d_Layout2.png using Guid(98b5b3e7c51d32547b9b09232034b5d5) (TextureImporter) -> (artifact id: '9585c548979ec582fe9652389dee769e') in 0.0186857 seconds
Start importing Packages/com.unity.collab-proxy/Editor/Assets/Images/iconundo.png using Guid(98773313eabe35543bfdbf542ccea271) (TextureImporter) -> (artifact id: 'd8e87ab0f829d821f81e46c71dc29f87') in 0.0260024 seconds
Start importing Packages/com.unity.collab-proxy/Editor/Assets/Images/iconbranch.png using Guid(981b1c6358520f245a69c070270eca96) (TextureImporter) -> (artifact id: 'fe16541caaa91ac4aeae6a07506ef5fd') in 0.0249749 seconds
Start importing Packages/com.unity.inputsystem/InputSystem/Editor/Icons/ChevronDown@3x.png using Guid(985cbca1705a64c80b370afdb30b3ee7) (TextureImporter) -> (artifact id: 'b9bcf042b7cd7be0687e4a3e249e4aa6') in 0.0277366 seconds
Start importing Packages/com.unity.render-pipelines.core/Editor/LookDev/Icons/d_Environment.png using Guid(98cefb354c00bc44cb31fffd52dc4650) (TextureImporter) -> (artifact id: '120cbc74241bb0ae217beb4fa6078e3e') in 0.0178419 seconds
Start importing Packages/com.unity.collab-proxy/Editor/Assets/Images/d_iconconflictedoverlay.png using Guid(a892bcc7ae1871447926b3c44d158763) (TextureImporter) -> (artifact id: 'b5229b4f8e58a36cd71d720c32931141') in 0.0264038 seconds
Start importing Packages/com.unity.2d.sprite/Editor/ObjectMenuCreation/DefaultAssets/Textures/v2/Circle.png using Guid(a86470a33a6bf42c4b3595704624658b) (TextureImporter) -> (artifact id: '52566629f5a32b39cba18e55998fd392') in 0.0303981 seconds
Start importing Packages/com.unity.2d.animation/Editor/Assets/EditorIcons/Dark/d_Edit_Geometry.png using Guid(a855026b258150c418b14e56540f642a) (TextureImporter) -> (artifact id: '2343369690067d5f96ebde37e5f80150') in 0.0239843 seconds
Start importing Packages/com.unity.timeline/Editor/StyleSheets/Images/Icons/TimelineEditModeMixON.png using Guid(a82846d41464fcf4b962ebdc815963f5) (TextureImporter) -> (artifact id: '7c4dbb8d316cbfc1f7d53ee8e06a4797') in 0.0281623 seconds
Start importing Packages/com.unity.2d.animation/Editor/Assets/EditorIcons/Dark/d_EditorUI.Filter.png using Guid(a8da56a2d332845258195016e4f58611) (TextureImporter) -> (artifact id: 'daf056d64dfc0f09cb4eef534d25c8ba') in 0.0285059 seconds
Start importing Packages/com.unity.inputsystem/InputSystem/Editor/Icons/d_ChevronUp@2x.png using Guid(a89bfcdeffde84e7ebf930d44b695435) (TextureImporter) -> (artifact id: 'a5dd5b92a6924be99b837c0a09ea59d0') in 0.0174308 seconds
Start importing Packages/com.unity.2d.animation/Editor/Assets/ComponentIcons/Animation.SpriteLibrary On.png using Guid(a86c61e5bed184ddc884003f0c947bb4) (TextureImporter) -> (artifact id: '7178b0fc8e198a9656df2b44ddadacd6') in 0.0306396 seconds
Start importing Packages/com.unity.timeline/Editor/StyleSheets/Images/LightSkin/TimelineSignalCollapsed.png using Guid(a88fa20ed164bbe4da6bf533f94a3113) (TextureImporter) -> (artifact id: 'bda4eebda6fe41d53f44ddfc45e3789e') in 0.0173924 seconds
Start importing Packages/com.unity.2d.tilemap.extras/Editor/Brushes/RandomBrush/RandomBrush@2x.png using Guid(b883af5d41f3340b8a4092436de35275) (TextureImporter) -> (artifact id: '1d15cac54a4bd23cbdbecadd9b80d5e4') in 0.0262678 seconds
Start importing Packages/com.unity.timeline/Editor/StyleSheets/Images/Icons/TrackLockButtonEnabled@2x.png using Guid(b8c531b4e51e4994a81837c4e9b0d649) (TextureImporter) -> (artifact id: 'dc1ccba5a0efe9facb5ed9d972b84cfd') in 0.0297509 seconds
Start importing Packages/com.unity.collab-proxy/Editor/Assets/Images/iconincomingchangesview@2x.png using Guid(b8263c2f8ead9485180cfeaa9bde0999) (TextureImporter) -> (artifact id: '8511b3fde41bead9a1335684cc355074') in 0.030352 seconds
Start importing Packages/com.unity.render-pipelines.core/Editor/Icons/MipLevels/RenderGraphViewer/Resources@16.png using Guid(b8c995bb50a162c44b289f34d129328f) (TextureImporter) -> (artifact id: '3c114d2d0eb8f3534dfc234d29576194') in 0.0176777 seconds
Start importing Packages/com.unity.collab-proxy/Editor/Assets/Images/icondeletedremote.png using Guid(b85a4b2ec6433d04895612d791edc260) (TextureImporter) -> (artifact id: '02fcf719550431e420c0c8e90eb5af39') in 0.0278413 seconds
Start importing Packages/com.unity.2d.animation/Editor/Assets/ComponentIcons/Animation.IKLimb On@64.png using Guid(b88a78d35a73e4a33bf6788d22e3cb67) (TextureImporter) -> (artifact id: '8687fdad08745d8693a3f4bfb2e5323b') in 0.0292537 seconds
Start importing Packages/com.unity.timeline/Editor/StyleSheets/Images/Icons/TimelineCollapseMarkerButtonDisabled.png using Guid(b80d5b6acdfbc114b9efab6295fd96c1) (TextureImporter) -> (artifact id: '361cc031158e5d856e4c9527f9ec1b99') in 0.0169382 seconds
Start importing Packages/com.unity.2d.animation/Editor/Assets/ComponentIcons/Animation.IKFabrik@128.png using Guid(b86d0db9457f24011888218122cc164a) (TextureImporter) -> (artifact id: 'fd351e0334d517217e26e6d2ed48d071') in 0.0294999 seconds
Start importing Packages/com.unity.shadergraph/Editor/Resources/Icons/settingsbutton.png using Guid(c881a10bb6578f04ba6d52f6c3f0c9d6) (TextureImporter) -> (artifact id: 'e2c54f2b64051dab893c97070cf07ac3') in 0.0279101 seconds
Start importing Packages/com.unity.render-pipelines.core/Editor/Lighting/Icons/PresetFill_Right.png using Guid(c8e3d80f5ead8d4409a54da768cc431d) (TextureImporter) -> (artifact id: 'b897f93c9b1384c7209775fdd8116401') in 0.0163624 seconds
Start importing Packages/com.unity.render-pipelines.universal/Editor/2D/Resources/SceneViewIcons/FreeformLight.png using Guid(c89564426827c76479d8772adb43e6e4) (TextureImporter) -> (artifact id: 'db57456692370176835df4a11dd33aeb') in 0.0167784 seconds
Start importing Packages/com.unity.collab-proxy/Editor/Assets/Images/d_step1@2x.png using Guid(c8a69ecdf54ac8e4b873466605de27ff) (TextureImporter) -> (artifact id: '6daf44f4f2ae96a2d6b16149dfc7a56a') in 0.0281482 seconds
Start importing Packages/com.unity.2d.animation/Editor/Assets/EditorIcons/Dark/d_Sprite_Mode.png using Guid(c8294bd479889de41be97f5b6da01437) (TextureImporter) -> (artifact id: '2fed3af6f83ca0807f14169a5dfa2479') in 0.0302516 seconds
Start importing Packages/com.unity.collab-proxy/Editor/Assets/Images/iconlabel@2x.png using Guid(c8396bd7e257d6b4b8d1d72fdb7a2684) (TextureImporter) -> (artifact id: '1e58090846291462585de30535e14b47') in 0.0277197 seconds
Start importing Packages/com.unity.inputsystem/InputSystem/Editor/Icons/d_Joystick@4x.png using Guid(d88596134c72c47b99d7d55583f4c6bf) (TextureImporter) -> (artifact id: '022604a99e9df18cf819d77243e9c47c') in 0.0262404 seconds
Start importing Packages/com.unity.render-pipelines.core/Editor/Lighting/Icons/LightUnitIcons/Moonlight@2x.png using Guid(d8bb1a60805d8d241acc12f74cd3b2d5) (TextureImporter) -> (artifact id: '5ac47e0af68b0c6f00797693fdb6494b') in 0.0277853 seconds
Start importing Packages/com.unity.collab-proxy/Editor/Assets/Images/d_iconretainedoverlay.png using Guid(d83d26a46db2b504fbcfa6f2aae590b6) (TextureImporter) -> (artifact id: 'e8e080b5b8a38fe733800bae1e138930') in 0.0248492 seconds
Start importing Packages/com.unity.2d.tilemap/Editor/Icons/Tilemap.ShowTilePalette@2x.png using Guid(d88e25b75a7927f4683afb6c74b05a08) (TextureImporter) -> (artifact id: '8ad8bbebd6e71fae2ad7f36c52e0cfa2') in 0.0260459 seconds
Start importing Packages/com.unity.render-pipelines.core/Editor/Lighting/Icons/LightUnitIcons/SunriseSunset.png using Guid(d8ee4aa2fab810242a1ff465e662bc09) (TextureImporter) -> (artifact id: '467c676ea6db51a006574754594c75cd') in 0.0048398 seconds
Start importing Packages/com.unity.render-pipelines.core/Editor/Icons/RenderGraphViewer/d_MemorylessTexture@2x.png using Guid(e813aef83a70543b79d435ef65ec86ee) (TextureImporter) -> (artifact id: '4b13a49e3e68a1c2fe4ca17c099e8388') in 0.0160674 seconds
Start importing Packages/com.unity.2d.tilemap/Editor/Icons/Grid.FlipX.png using Guid(e883969672bd261498f38ec9e9fc393f) (TextureImporter) -> (artifact id: '3082da6461b9c4483dde077132a09972') in 0.026901 seconds
Start importing Packages/com.unity.render-pipelines.core/Editor/LookDev/Icons/Camera2.png using Guid(e89a31db98e403b40af1a8f0ef9ae1ef) (TextureImporter) -> (artifact id: '805b82764a68783e61dec77e35abf8a0') in 0.0249541 seconds
Start importing Packages/com.unity.timeline/Editor/StyleSheets/Images/Icons/d_TrackLockButtonEnabled.png using Guid(e8aa120f1b4731e43a2dd31eb70bbbe2) (TextureImporter) -> (artifact id: '116cc42b58db69e401405e0364a0c779') in 0.0154272 seconds
Start importing Packages/com.unity.render-pipelines.core/Editor/Lighting/Icons/d_LightPlacement_Icon@256.png using Guid(e8daef37e2419284e8b319261203d5c3) (TextureImporter) -> (artifact id: 'b5edd11d9cc7bb5bc90816c1dd45f1bc') in 0.0193771 seconds
Start importing Packages/com.unity.2d.tilemap/Editor/Icons/d_Tilemap.TilePalette@2x.png using Guid(f8e23945cefaa614da36fe203225170a) (TextureImporter) -> (artifact id: '2676927eda262bf3d38dfb59aae9beda') in 0.0267889 seconds
Start importing Packages/com.unity.2d.tilemap/Editor/Icons/Tilemap.FocusNone@2x.png using Guid(f8e27d22a910edd4e9b6791a887aa9e1) (TextureImporter) -> (artifact id: 'aef5742ef80864fa6c04cf2a7927e9ee') in 0.0236585 seconds
Start importing Packages/com.unity.collab-proxy/Editor/Assets/Images/d_iconoutofsync@2x.png using Guid(f82dfc5fc3c5a8f4080a3550427019c8) (TextureImporter) -> (artifact id: '79a63db7c87d88e3e742c087ac3b4e5a') in 0.0256372 seconds
Start importing Packages/com.unity.2d.tilemap/Editor/Icons/EditorUI.Target@2x.png using Guid(f8eef1ebd82d467428620ec2c02bc50a) (TextureImporter) -> (artifact id: 'affbb2fc8cdcf288872891be71cea351') in 0.023241 seconds
Start importing Packages/com.unity.inputsystem/InputSystem/Editor/Icons/d_Button@2x.png using Guid(0962795d1cafc460b9027de55b1c0a80) (TextureImporter) -> (artifact id: 'd72621e9f8aa10dad55ab088b1fcd945') in 0.0250666 seconds
Start importing Packages/com.unity.collab-proxy/Editor/Assets/Images/icondeletedremoteoverlay.png using Guid(092347b12f348a6439e85218cd291ea2) (TextureImporter) -> (artifact id: '302f01b7efb239e2b12eb1058b75d71c') in 0.2897888 seconds
Start importing Packages/com.unity.2d.animation/Editor/Assets/EditorIcons/Light/Edit_Pose@4x.png using Guid(095744d2710d19e4ab3dd9f6852cbd15) (TextureImporter) -> (artifact id: 'fc3506fc26a7d953b91b9b3f5a193874') in 0.3654144 seconds
Start importing Packages/com.unity.collab-proxy/Editor/Assets/Images/d_buttonhome.png using Guid(09fca212d621e844a8a0f11a9ac6c1bc) (TextureImporter) -> (artifact id: 'd483b7a516d73396753f2ade26278d16') in 0.3805941 seconds
Start importing Packages/com.unity.2d.animation/Editor/Assets/ComponentIcons/Animation.SpriteLibraryManager On@256.png using Guid(093d252d1d41041c8b4df35c330dcc59) (TextureImporter) -> (artifact id: 'c49ad0bfedb0f4435ab0ea90873f7f44') in 0.0976455 seconds
Start importing Packages/com.unity.timeline/Editor/StyleSheets/Images/Icons/TimelineEditModeReplaceOFF.png using Guid(09ae14686a02d484ab41e76fd1efba14) (TextureImporter) -> (artifact id: 'e6c228e5b2770c5f6c3a03e0bd87ac7c') in 0.0555257 seconds
Start importing Packages/com.unity.collab-proxy/Editor/Assets/Images/d_iconpackageupdateavailable@2x.png using Guid(19b06b801c204604290761788cf6e125) (TextureImporter) -> (artifact id: '187b4b6ca6e9401d47bdfd771c806f4a') in 0.0253493 seconds
Start importing Packages/com.unity.2d.tilemap/Editor/Icons/Tilemap.GridPaint.png using Guid(1915f55bbb9484044b7829d1df0b4abf) (TextureImporter) -> (artifact id: '16df077e48013d46fade426e6f747a94') in 0.0250645 seconds
Start importing Packages/com.unity.2d.animation/Editor/Assets/ComponentIcons/Animation.SpriteLibrary On@64.png using Guid(19370790a791d4fc99ee3830251366f8) (TextureImporter) -> (artifact id: '9b8ac6da0e6dad72444bbbd53c167570') in 0.0239616 seconds
Start importing Packages/com.unity.inputsystem/InputSystem/Editor/Icons/d_Mouse@4x.png using Guid(1918e7bff8ff44878a0003977ca03971) (TextureImporter) -> (artifact id: '88225dc6433d8edc3e8c21c12daf61d0') in 0.0267865 seconds
Start importing Packages/com.unity.2d.sprite/Editor/ObjectMenuCreation/DefaultAssets/Textures/v2/IsometricDiamond.png using Guid(19fb86013d8c24d6cb8410c0aadf30fa) (TextureImporter) -> (artifact id: 'c0559d7340f1fdf6b897909339305134') in 0.0244847 seconds
Start importing Packages/com.unity.2d.animation/Editor/Assets/ComponentIcons/Animation.IKLimb On@256.png using Guid(190c43ac8c7af48e2ae7663a44f1c7ec) (TextureImporter) -> (artifact id: 'f9472f20c24ab38edeca903b333bb731') in 0.033728 seconds
Start importing Packages/com.unity.timeline/Editor/StyleSheets/Images/Icons/TrackMarkerButtonDisabled@2x.png using Guid(193dae938a3136440b693b45a2494737) (TextureImporter) -> (artifact id: 'eb709e891db38c017af4532543a57445') in 0.0152711 seconds
Start importing Packages/com.unity.2d.animation/Editor/Assets/EditorIcons/Light/Parent_Bone.png using Guid(2972f301b2bf3dd46989677197b9a34d) (TextureImporter) -> (artifact id: '26a5c05b0f1f4c1abb0ec519e7783883') in 0.024138 seconds
Start importing Packages/com.unity.multiplayer.center/Editor/MultiplayerCenterWindow/UI/Icons/d_Check.png using Guid(29395f0639574c1fbc8b729aa257fb84) (TextureImporter) -> (artifact id: 'd601a6a6ece81f9b7efff3436fb1b602') in 0.0267623 seconds
Start importing Packages/com.unity.2d.animation/Editor/Assets/EditorIcons/Selected/Split Bones@3x.png using Guid(29f90cd6202745c448e74a1398b1c731) (TextureImporter) -> (artifact id: '7792f876de5cb1c614436b5719d41236') in 0.0263194 seconds
Start importing Packages/com.unity.collab-proxy/Editor/Assets/Images/d_iconshelve.png using Guid(292bae633fda01e41b8847fad37495c2) (TextureImporter) -> (artifact id: '9ae632fac1c83b6e31f9e9aba372289f') in 0.0257093 seconds
Start importing Packages/com.unity.2d.tilemap.extras/Editor/Brushes/GroupBrush/d_GroupBrush@2x.png using Guid(295e44cef6a724d4fa1d386ea35a8f49) (TextureImporter) -> (artifact id: '2e9507f1b2fd1740dc702d090156704c') in 0.0264272 seconds
Start importing Packages/com.unity.render-pipelines.core/Editor/Lighting/Icons/LightPlacement_Icon@32.png using Guid(396033515c05b1441a3451ea18bb8e27) (TextureImporter) -> (artifact id: 'a6609fea653fde1c8de0bf555a4b4703') in 0.0176505 seconds
Start importing Packages/com.unity.render-pipelines.core/Editor/Icons/MipLevels/RenderPipelineResources@32.png using Guid(39013bef60270164e94ccd21c1edb486) (TextureImporter) -> (artifact id: 'a7971e0a62938ae03458e1c26cc3c300') in 0.0178054 seconds
Start importing Packages/com.unity.collab-proxy/Editor/Assets/Images/d_ArrowCaretRight@2x.png using Guid(3943479b9e27741a78451950ae5841f6) (TextureImporter) -> (artifact id: 'e7ebc2c38a2676551aee47cfbe4f182e') in 0.0289198 seconds
Start importing Packages/com.unity.render-pipelines.core/Editor/Lighting/Icons/LightUnitIcons/d_DirectSunlight@2x.png using Guid(392581b798d70d0408e104d352ffb20b) (TextureImporter) -> (artifact id: '967f597c519e70ded69623ec0b8940ac') in 0.0200058 seconds
Start importing Packages/com.unity.render-pipelines.universal/Textures/BlueNoise16/L/LDR_LLL1_6.png using Guid(39451254daebd6d40b52899c1f1c0c1b) (TextureImporter) -> (artifact id: 'fc1a41c9f43a82c674fef82211e0dda7') in 0.0288765 seconds
Start importing Packages/com.unity.2d.animation/Editor/Assets/EditorIcons/Dark/d_Mesh@4x.png using Guid(39b89ea328c2cad4abef27aedb17a4a3) (TextureImporter) -> (artifact id: 'b6ef44ace6dd9a77b7dc969652e78092') in 0.0299753 seconds
Start importing Packages/com.unity.collab-proxy/Editor/Assets/Images/iconcheckedoutlocaloverlay@2x.png using Guid(3999034958d54364da380a8839a11050) (TextureImporter) -> (artifact id: '7a64e51e8aad0ec9ae25f9f4e13616b5') in 0.0280092 seconds
Start importing Packages/com.unity.timeline/Editor/StyleSheets/Images/Icons/d_TimelineEditModeMixOFF.png using Guid(39d9575ed0465354cb02b69ea18526de) (TextureImporter) -> (artifact id: '3778b7f1914288608f6f4976a253c032') in 0.015692 seconds
Start importing Packages/com.unity.inputsystem/InputSystem/Editor/Icons/d_InputControl.png using Guid(399cd90f4e31041e692a7d3a8b1aa4d0) (TextureImporter) -> (artifact id: 'dd1deb6cc9fd7cbad50907aee082967c') in 0.0299653 seconds
Start importing Packages/com.unity.2d.animation/Editor/Assets/EditorIcons/Dark/d_character_Mode@4x.png using Guid(395f6b9556f14704790df6035be6ee3a) (TextureImporter) -> (artifact id: 'ee08492a5164c8164684748e4a399a5f') in 0.0311518 seconds
Start importing Packages/com.unity.render-pipelines.core/Editor/Lighting/Icons/LightUnitIcons/d_Shade@2x.png using Guid(49e4a0929afd1ae4283e4657bc636f9e) (TextureImporter) -> (artifact id: '9c3943c943f5fd05448f73cd17ef2a41') in 0.006023 seconds
Start importing Packages/com.unity.2d.animation/Editor/Assets/ComponentIcons/d_Animation.SpriteSkin@32.png using Guid(49e6e07d70170412982a1e51c6c6d4de) (TextureImporter) -> (artifact id: '336c99dea68ef09189b89e9c84244113') in 0.0278951 seconds
Start importing Packages/com.unity.ugui/Editor Resources/Textures/btn_AlignCapLine_Light.psd using Guid(49679f302ac6408697f6b9314a38985c) (TextureImporter) -> (artifact id: '35d31ca26e61c4bfdda1fc343e3eafb9') in 0.0056154 seconds
Start importing Packages/com.unity.2d.animation/Editor/Assets/EditorIcons/Dark/d_False.png using Guid(4958637110c2244a691af18863ead786) (TextureImporter) -> (artifact id: '080ed6802ba8ecc970b0ddeacce8bb91') in 0.0267616 seconds
Start importing Packages/com.unity.timeline/Editor/StyleSheets/Images/Icons/TrackRecordButtonDisabled.png using Guid(495998c718a094540bbe57ae5ab07647) (TextureImporter) -> (artifact id: '90be3bb8f177fab621efdcda2020493c') in 0.0222188 seconds
Start importing Packages/com.unity.render-pipelines.universal/Editor/ShaderGraph/GraphTemplates/2D/2DSpriteLitTemplateThumbnail.png using Guid(494ba6900e1d9f34da743bb68ff82ddb) (TextureImporter) -> (artifact id: 'f730285adfe336dd25c0f4d8af2b9d59') in 0.0480312 seconds
Start importing Packages/com.unity.2d.sprite/Editor/Assets/LockedOptions.png using Guid(492c70ec0e6ff4af48a6886e4e1608f8) (TextureImporter) -> (artifact id: 'a57c6eaf145706b4894c5106ff157ba1') in 0.0341549 seconds
Start importing Packages/com.unity.render-pipelines.core/Editor/Lighting/Icons/LightUnitIcons/d_ClearSky@2x.png using Guid(490d69b278eff784b85feca736d57389) (TextureImporter) -> (artifact id: 'e8617f4d471f7066a1a2135edc8cfb9a') in 0.0217095 seconds
Start importing Packages/com.unity.collab-proxy/Editor/Assets/Images/iconchangesets@2x.png using Guid(59d17703fae374169bc28ce046728590) (TextureImporter) -> (artifact id: '0866f3a4ea5ab53f6f85042796cd0c5f') in 0.0218367 seconds
Start importing Packages/com.unity.collab-proxy/Editor/Assets/Images/refresh@2x.png using Guid(59571f82a0dc1a14da606dc0df6f8ea7) (TextureImporter) -> (artifact id: 'c9335038dbcb36e85f147bd951cd51cb') in 0.0295464 seconds
Start importing Packages/com.unity.shadergraph/Editor/Resources/GraphView/Nodes/NodeChevronUp.png using Guid(59e85404e1156534e84e3f06ad9d3bff) (TextureImporter) -> (artifact id: '8740ce97815ce379bdf9ed9199f80fa9') in 0.029557 seconds
Start importing Packages/com.unity.2d.tilemap/Editor/Icons/Tilemap.FocusNone.png using Guid(592cc37b962a5604599e514ecc35f4b2) (TextureImporter) -> (artifact id: 'f38e25651b038f580c05727a31759bb1') in 0.0296731 seconds
Start importing Packages/com.unity.2d.animation/Editor/Assets/EditorIcons/Light/Split Bones.png using Guid(59bc7a7ca0683ac439e255a533670885) (TextureImporter) -> (artifact id: '54c3ed49fe5ec4d88d0bc01a13c26907') in 0.0336263 seconds
Start importing Packages/com.unity.collab-proxy/Editor/Assets/Images/d_iconclouddriveview@2x.png using Guid(59eedc7f076ac5749993ec0e94b87af3) (TextureImporter) -> (artifact id: '9638f4fcb0dddb636de0ea73522b71a9') in 0.0306873 seconds
Start importing Packages/com.unity.render-pipelines.core/Editor/Icons/MipLevels/d_Volume@16.png using Guid(6941712a966fa924d92b6855f339379e) (TextureImporter) -> (artifact id: 'd6a54958aaf689c04286d1d20947aba9') in 0.0202219 seconds
Start importing Packages/com.unity.timeline/Editor/StyleSheets/Images/LightSkin/TimelineEndPlayback.png using Guid(6952cd3b0f88917449a8fa4d19fc5009) (TextureImporter) -> (artifact id: '0517fbeac75b05e41fb18293a370841b') in 0.0213966 seconds
Start importing Packages/com.unity.ugui/Editor Resources/Textures/btn_AlignFlush.psd using Guid(691475c57a824010be0c6f474caeb7e1) (TextureImporter) -> (artifact id: 'bee2dc78543db0aeef652a5f2e485818') in 0.0064262 seconds
Start importing Packages/com.unity.collab-proxy/Editor/Assets/Images/d_secondarytabclose.png using Guid(6975ee4c1f40caf4da8dd733ee2cfeaf) (TextureImporter) -> (artifact id: 'd52d5a006f0e85f5ba7da5cf953c4fc4') in 0.0327415 seconds
Start importing Packages/com.unity.2d.animation/Editor/Assets/EditorIcons/Selected/Parent_Bone@2x.png using Guid(698621c9178225f4b8fbaffd383d579e) (TextureImporter) -> (artifact id: '21e70a54f59d27388d67885c83554d7c') in 0.0311751 seconds
Start importing Packages/com.unity.collab-proxy/Editor/Assets/Images/step3.png using Guid(69899ed144c8eea4baea48b858b37746) (TextureImporter) -> (artifact id: 'c408c2b91d7dd78f21d0142bd459f468') in 0.0297008 seconds
Start importing Packages/com.unity.collab-proxy/Editor/Assets/Images/d_iconundo.png using Guid(691dc543ff5b9ca44bf846657ba04161) (TextureImporter) -> (artifact id: '8329e168a79fd51b1ec4f8b610bc7310') in 0.0326357 seconds
Start importing Packages/com.unity.2d.animation/Editor/Assets/EditorIcons/Dark/d_Copy.png using Guid(69fdfe6d8e206134a83223383472ff48) (TextureImporter) -> (artifact id: 'aed390341289fb364b5b2bf73a2314e4') in 0.0328036 seconds
Start importing Packages/com.unity.collab-proxy/Editor/Assets/Images/iconshelve@2x.png using Guid(695fbddd7238dc94c8f102d9191c2886) (TextureImporter) -> (artifact id: '690ad8ec5a5afadc0b4f65843ff777e8') in 0.02943 seconds
Start importing Packages/com.unity.timeline/Editor/StyleSheets/Images/LightSkin/TimelineInfiniteTrackNoShadow.png using Guid(69ff79f863a32ad44a9497d4896d9d1c) (TextureImporter) -> (artifact id: 'efdc7ab779e4fc647035f00131b3707a') in 0.0304973 seconds
Start importing Packages/com.unity.render-pipelines.core/Editor/Lighting/Icons/LightUnitIcons/d_MediumAreaLight@2x.png using Guid(79474406bb16ef9439655eb4b419b6a8) (TextureImporter) -> (artifact id: '73e76ecfb89ffcf1c933de1d29730594') in 0.0323417 seconds
Start importing Packages/com.unity.render-pipelines.core/Editor/LookDev/Icons/Add@2x.png using Guid(79aba0b290c471c4ba3d3f818d4e9b15) (TextureImporter) -> (artifact id: '0f0a775ee30e4bc46303c5063017a1b0') in 0.0086152 seconds
Start importing Packages/com.unity.render-pipelines.core/Editor/LookDev/Icons/RenderDoc@2x.png using Guid(89608b060fc7279479398a62e245a409) (TextureImporter) -> (artifact id: '80dc2fd9e6bbd28a1e816003847c1bfe') in 0.0201432 seconds
Start importing Packages/com.unity.render-pipelines.core/Editor/Lighting/Icons/LightUnitIcons/d_BlueSky.png using Guid(8991eaef2ed56cc45b9a80b50fbca5e2) (TextureImporter) -> (artifact id: '1d781f81557b855d6afcfaca3b787cab') in 0.0048918 seconds
Start importing Packages/com.unity.2d.animation/Editor/Assets/EditorIcons/Light/Visibility_Hidded@3x.png using Guid(89930da27dfbbc64ba1f3baf0ae416bb) (TextureImporter) -> (artifact id: '31a9b99532de972d65f552882482e7ba') in 0.0295608 seconds
Start importing Packages/com.unity.render-pipelines.core/Editor/Lighting/Icons/d_LightPlacement_Icon On@128.png using Guid(89282aabe914d244b839ba4652477f23) (TextureImporter) -> (artifact id: '0218cad4796757edae31f17bafa2ee34') in 0.0158412 seconds
Start importing Packages/com.unity.shadergraph/Editor/Resources/Icons/sg_subgraph_icon@2x.png using Guid(890b62dea83f90749a7d048c0e5c298b) (TextureImporter) -> (artifact id: '8ab6cd0400dd3cebf943f33a0f63d0f2') in 0.0179152 seconds
Start importing Packages/com.unity.collab-proxy/Editor/Assets/Images/d_step2.png using Guid(897c3a3f5c4038345a7143573bbb4a40) (TextureImporter) -> (artifact id: '1986c8ac28d100660c7602711062bffb') in 0.0295211 seconds
Start importing Packages/com.unity.render-pipelines.universal/Textures/BlueNoise16/L/LDR_LLL1_30.png using Guid(896d9004736809c4fb5973b7c12eb8b9) (TextureImporter) -> (artifact id: 'b45b5c8b75dafb8afd13b9131e19d502') in 0.0319722 seconds
Start importing Packages/com.unity.render-pipelines.universal/Textures/FilmGrain/Medium03.png using Guid(9930fb4528622b34687b00bbe6883de7) (TextureImporter) -> (artifact id: '66ecc904b495eac68a706e2e119132fb') in 0.0365015 seconds
Start importing Packages/com.unity.2d.animation/Editor/Assets/ComponentIcons/Animation.SpriteLibraryManager.png using Guid(99a16529bede740b6816c895741a9fb7) (TextureImporter) -> (artifact id: '0d70ebe318584b205ead71179cd90c3e') in 0.0315251 seconds
Start importing Packages/com.unity.render-pipelines.universal/Editor/Gizmos/Camera_Offscreen.png using Guid(99c1f1ec31ff9924e9a75aff82e6b986) (TextureImporter) -> (artifact id: 'd8e2d6249884a61e5b8ec789d3dde09d') in 0.0069137 seconds
Start importing Packages/com.unity.collab-proxy/Editor/Assets/Images/iconadd.png using Guid(99d1cf315f771ae48ab6f41c99a8d7cb) (TextureImporter) -> (artifact id: 'd3689c3fbb9b03ea0bb98d1d6cd3f5f7') in 0.0279804 seconds
Start importing Packages/com.unity.2d.animation/Editor/Assets/ComponentIcons/Animation.IKCCD@32.png using Guid(99e2d423491be485bafdee152310057a) (TextureImporter) -> (artifact id: '589fb6eb4d0d7c900fb01f16bf7b138b') in 0.0306828 seconds
Start importing Packages/com.unity.2d.tilemap/Editor/Icons/d_Tilemap.ActiveTargetLayers.png using Guid(99c3717808acc0f43b394ab3e10da8bb) (TextureImporter) -> (artifact id: '5aca6d817e924dad0fb1e7ce3b4b9357') in 0.0300814 seconds
Start importing Packages/com.unity.render-pipelines.core/Editor/LookDev/Icons/d_RightArrow.png using Guid(99e5d180080c96940a65c6d906ff9131) (TextureImporter) -> (artifact id: '1949234ed3b89422cadaa8fcddff03ee') in 0.006043 seconds
Start importing Packages/com.unity.render-pipelines.core/Editor/LookDev/Icons/d_Camera2@2x.png using Guid(99d7e777338ab8f4ba890cc738794dba) (TextureImporter) -> (artifact id: '5e7a245b9546fcbd44a74247106ade77') in 0.0078177 seconds
Start importing Packages/com.unity.multiplayer.center/Editor/MultiplayerCenterWindow/UI/Icons/NGO.png using Guid(99da7b3894f364efdb5fa1443952a55d) (TextureImporter) -> (artifact id: '80975b97105c616b2f55c500dc10b8fd') in 0.0284438 seconds
Start importing Packages/com.unity.collab-proxy/Editor/Assets/Images/d_iconmergeview.png using Guid(998e4aae0494244578bee3771d57801c) (TextureImporter) -> (artifact id: '9b06293616df0e92b2fee468f72f0997') in 0.029596 seconds
Start importing Packages/com.unity.inputsystem/InputSystem/Editor/Icons/Axis@4x.png using Guid(a940917cc397643afb071010cb2143d9) (TextureImporter) -> (artifact id: 'd2375ce09227386ed13c124154bd81ed') in 0.0324561 seconds
Start importing Packages/com.unity.2d.sprite/Editor/ObjectMenuCreation/DefaultAssets/Textures/HexagonFlatTopWithBorder.png using Guid(a9716c16a44a94eed9b5c90fbf4d9bdd) (TextureImporter) -> (artifact id: '68c369ed2f9b6b395f60d8e0d9536271') in 0.0349964 seconds
Start importing Packages/com.unity.2d.animation/Editor/Assets/ComponentIcons/Animation.IKCCD On@32.png using Guid(a9354548f1d8e4015830a88081482039) (TextureImporter) -> (artifact id: 'e53273f94203f8878280392c937a8fd1') in 0.0298826 seconds
Start importing Packages/com.unity.2d.tilemap/Editor/Icons/d_Tilemap.FocusTilemap.png using Guid(a9a5b304877d58a47859e53d2b2d9fe3) (TextureImporter) -> (artifact id: 'c4006ea0702cce43ebad7d723110de37') in 0.0333205 seconds
Start importing Packages/com.unity.collab-proxy/Editor/Assets/Images/iconplasticnotifyconflict.png using Guid(a916ed6819efd014588f58e3cfc48196) (TextureImporter) -> (artifact id: 'b388df2b7943a344f7b9f2afa5ed5054') in 0.0292027 seconds
Start importing Packages/com.unity.2d.animation/Editor/Assets/EditorIcons/Selected/d_Visibility_Tool@2x.png using Guid(a9e89ee3f041fa5459a4e78b37d1e58e) (TextureImporter) -> (artifact id: '255813c1bd5423e3352a1dd15bc60f7e') in 0.0293519 seconds
Start importing Packages/com.unity.inputsystem/InputSystem/Editor/Icons/ChevronUp.png using Guid(a9fe7c3d19af4432b9ae2a5172f4ea72) (TextureImporter) -> (artifact id: 'a43cbe5ad7d09432a592086ec280ea48') in 0.0286398 seconds
Start importing Packages/com.unity.render-pipelines.core/Editor/Lighting/Icons/LightUnitIcons/d_Fluorescent.png using Guid(b95665ddb99de4945b528a188a1c41c7) (TextureImporter) -> (artifact id: '6a740a154e5d8dd5f21874d8fb33f260') in 0.0313576 seconds
Start importing Packages/com.unity.render-pipelines.core/Editor/Lighting/Icons/LightUnitIcons/BrightSky.png using Guid(b93b6450b9bd1f44da176ac4a821c3e8) (TextureImporter) -> (artifact id: '8fdb8b1b10a0e24afae74c3e75f4b198') in 0.0319883 seconds
Start importing Packages/com.unity.render-pipelines.core/Editor/Icons/MipLevels/RenderGraphViewer/PassInspector@32.png using Guid(b9ac6ad13d9312941912fc855a3bcc41) (TextureImporter) -> (artifact id: '98314d9de1341bc49d6e44e0e422755a') in 0.0177262 seconds
Start importing Packages/com.unity.render-pipelines.core/Editor/Icons/MipLevels/RenderGraphViewer/d_PassInspector@32.png using Guid(b98f3689f42be914d9c9db64ff280951) (TextureImporter) -> (artifact id: 'b39ce5fdc422217950a00fb6ed06e20e') in 0.0188922 seconds
Start importing Packages/com.unity.shadergraph/Editor/Resources/GraphView/Nodes/NodeChevronDown@2x.png using Guid(c951fed1cf039c7439a755e2ca108e4a) (TextureImporter) -> (artifact id: '107457f9a8e56a036e42f263c7a60a05') in 0.0202203 seconds
Start importing Packages/com.unity.inputsystem/InputSystem/Editor/Icons/d_Orientation.png using Guid(c933c2bcad7ef46309fde7c1cf11b39a) (TextureImporter) -> (artifact id: '950627998b7326820cedcc426b8fee8d') in 0.0284264 seconds
Start importing Packages/com.unity.inputsystem/InputSystem/Editor/Icons/Position@4x.png using Guid(c998b283038914e699477f514ecb31ac) (TextureImporter) -> (artifact id: '23f7b6abedc31791c71b589b63596bb0') in 0.0303224 seconds
Start importing Packages/com.unity.render-pipelines.universal/Textures/BlueNoise16/L/LDR_LLL1_27.png using Guid(c989e1ed85cf7154caa922fec53e6af6) (TextureImporter) -> (artifact id: '114be6f2d868ddd7416ca67a050f3dd1') in 0.0307057 seconds
Start importing Packages/com.unity.render-pipelines.universal/Textures/BlueNoise16/L/LDR_LLL1_7.png using Guid(c94ad916058dff743b0f1c969ddbe660) (TextureImporter) -> (artifact id: '584946f108755fa789d3f8576a307f22') in 0.0285606 seconds
Start importing Packages/com.unity.render-pipelines.universal/Textures/BlueNoise16/L/LDR_LLL1_20.png using Guid(c9bd74624d8070f429e3f46d161f9204) (TextureImporter) -> (artifact id: '8c3cb442ed7f2902674169c90441f002') in 0.0294787 seconds
Start importing Packages/com.unity.collab-proxy/Editor/Assets/Images/d_step3@2x.png using Guid(c9ed6d6ea2f9657409bfa068d4846139) (TextureImporter) -> (artifact id: '0ee5bfaa961421c92048b637a3e30f25') in 0.0280323 seconds
Start importing Packages/com.unity.2d.tilemap.extras/Editor/Brushes/RandomBrush/RandomBrush@4x.png using Guid(c96f05e5532dd47ce999027dc8c62448) (TextureImporter) -> (artifact id: '0845ce1df8a6b7d5c41e3beff32df613') in 0.0287291 seconds
Start importing Packages/com.unity.2d.tilemap/Editor/Icons/d_Tilemap.BrushSettings@4x.png using Guid(d9f2d0aff557fba4cb316f849b0ccdd1) (TextureImporter) -> (artifact id: '6de2ec4b686b51074ca2fe848e0423d4') in 0.0288877 seconds
Start importing Packages/com.unity.2d.animation/Editor/Assets/ComponentIcons/d_Animation.SpriteLibraryVar@32.png using Guid(d9e47beaa8a6e432393f34671440f777) (TextureImporter) -> (artifact id: '1d68233a651418ce8387b661ed400ad3') in 0.0295546 seconds
Start importing Packages/com.unity.render-pipelines.core/Editor/LookDev/Icons/Layout2.png using Guid(d9658be087f390f46bfefa8cb32bbaa6) (TextureImporter) -> (artifact id: '249aabe2ae01d4afbfd333fad3fa1247') in 0.0066279 seconds
Start importing Packages/com.unity.timeline/Editor/StyleSheets/Images/DarkSkin/TimelineSignalCollapsed.png using Guid(d91793cd853a258448e4d5545bb38e45) (TextureImporter) -> (artifact id: '90630d21ebbb7e6a2771cdbc10aa958e') in 0.0271214 seconds
Start importing Packages/com.unity.multiplayer.center/Editor/MultiplayerCenterWindow/UI/Icons/N4E.png using Guid(e9669051ff70449b5923861e0e0b8838) (TextureImporter) -> (artifact id: '54d5bd3de7fd144ee3b9ede1216e59af') in 0.0276963 seconds
Start importing Packages/com.unity.render-pipelines.universal/Editor/2D/Resources/InspectorIcons/ParametricLight.png using Guid(e957854850ccb7140a538f7a93f8761b) (TextureImporter) -> (artifact id: 'aac8c918b2c33c61b135c21ef1936289') in 0.0051222 seconds
Start importing Packages/com.unity.2d.animation/Editor/Assets/EditorIcons/Selected/Sprite_Influence@4x.png using Guid(e959cb82696cd4dbf9e6b448af425c88) (TextureImporter) -> (artifact id: '6e1c4e1ea87db40263daa0c13b5c887b') in 0.0282269 seconds
Start importing Packages/com.unity.collab-proxy/Editor/Assets/Images/iconpackageupdateavailable.png using Guid(e9cc02852345307449379a9a877679da) (TextureImporter) -> (artifact id: '7daeb682c6c21aaf2a1dd491c1a33ef8') in 0.0324864 seconds
Start importing Packages/com.unity.render-pipelines.core/Editor/Icons/MipLevels/d_VolumeProfile@256.png using Guid(e9cd351a12d48ed4caa2d4ed2d8f02b8) (TextureImporter) -> (artifact id: '19e69269891ca29c3902b90e99331730') in 0.0197862 seconds
Start importing Packages/com.unity.2d.animation/Editor/Assets/EditorIcons/Light/Bone_Influence.png using Guid(e92fc44f12c21dd44a49e390f39f7ffd) (TextureImporter) -> (artifact id: '5f3596171d7f162c6539cbc03bca7003') in 0.0284647 seconds
Start importing Packages/com.unity.render-pipelines.core/Editor/LookDev/Icons/Rotation@2x.png using Guid(e9af78578671a3345b8cbf82f1f030b5) (TextureImporter) -> (artifact id: 'f2233f8fc9590ddd7a65dc0a1abd6c0c') in 0.0179196 seconds
Start importing Packages/com.unity.render-pipelines.core/Editor/PostProcessing/LensFlareResource/Flare.png using Guid(f92291bf6b5265641ab4f39a5d41fbf4) (TextureImporter) -> (artifact id: '162e9e00dbc4fc687648d479a053b625') in 0.0199374 seconds
Start importing Packages/com.unity.collab-proxy/Editor/Assets/Images/buttonssosigninunity.png using Guid(f9161c6c9e06dc445ada3ee16d991f90) (TextureImporter) -> (artifact id: '6a6fcc5d0cf4f00a8f08ad085da0f599') in 0.0296629 seconds
Start importing Packages/com.unity.timeline/Editor/StyleSheets/Images/LightSkin/TimelineKeyframe.png using Guid(f9fd2f335364cda41937eab39bf20049) (TextureImporter) -> (artifact id: '41ace41d500c1994ab6328acf3cb2d37') in 0.0272137 seconds
Start importing Packages/com.unity.render-pipelines.universal/Textures/BayerMatrix.png using Guid(f9ee4ed84c1d10c49aabb9b210b0fc44) (TextureImporter) -> (artifact id: 'e9dc8176b8e867fc310c2fe8e82bd34c') in 0.0278809 seconds
Start importing Packages/com.unity.collab-proxy/Editor/Assets/Images/iconconflicted@2x.png using Guid(f95f697d66d238446b1ab717def09945) (TextureImporter) -> (artifact id: '0bbce67c71bfbc4ecafa7d3a8ac52653') in 0.0210899 seconds
Start importing Packages/com.unity.2d.animation/Editor/Assets/ComponentIcons/Animation.IKLimb@64.png using Guid(0aa01ed159728414b863dd9c7aa7f596) (TextureImporter) -> (artifact id: '85e8f0ca7e2588d88a1d1f374f48ee95') in 0.0236535 seconds
Start importing Packages/com.unity.collab-proxy/Editor/Assets/Images/d_iconcurrentbranch.png using Guid(0a02e43184c7e9c4c9c59b601100b705) (TextureImporter) -> (artifact id: '4fdfd25778d9dda0165f99f720fc0ab4') in 0.0262154 seconds
Start importing Packages/com.unity.2d.spriteshape/Editor/ObjectMenuCreation/DefaultAssets/Sprite Shapes/SpriteShapeEdge.png using Guid(0ae2b74b1edd14bb18dd7b65ae916a54) (TextureImporter) -> (artifact id: '1c00b58ce5f48422558b2970249a37e8') in 0.0282552 seconds
Start importing Packages/com.unity.collab-proxy/Editor/Assets/Images/d_iconemptygravatar@2x.png using Guid(0ac55f9f886d827408c102bdf33c5ff7) (TextureImporter) -> (artifact id: 'c45fb209f643b0de73a0a2e033e49171') in 0.0259613 seconds
Start importing Packages/com.unity.collab-proxy/Editor/Assets/Images/hideversioncontrol.png using Guid(0a08fa9ec51507e488400cee024073a7) (TextureImporter) -> (artifact id: 'face8f75dac5376aff4778e4e01e1df3') in 0.0255075 seconds
Start importing Packages/com.unity.2d.spriteshape/Editor/Icons/SpriteShape@64.png using Guid(0a9a0f36a52ce7f4d813fbf5d8f76a1c) (TextureImporter) -> (artifact id: 'ed727ae27618b59851f1fa51eac5ec2d') in 0.0268646 seconds
Start importing Packages/com.unity.inputsystem/InputSystem/Editor/Icons/d_Pen@4x.png using Guid(0aec7c7bf99354f66bc2a1d18bd0b4d2) (TextureImporter) -> (artifact id: '5b27f7b467e1c7c77835f4f589384066') in 0.0274939 seconds
Start importing Packages/com.unity.timeline/Editor/StyleSheets/Images/LightSkin/TimelineAutokey_active.png using Guid(0a5e3e063c4e1ab45999cf6e40c13c07) (TextureImporter) -> (artifact id: '34342dc828c244e09a73c887ba3f7886') in 0.0187437 seconds
Start importing Packages/com.unity.2d.animation/Editor/Assets/EditorIcons/Selected/d_Visibility_Hidded@2x.png using Guid(1a2673cb12e2ed1459bc6ab5dad05aae) (TextureImporter) -> (artifact id: 'ef78f6dd6dda7df43d0d5de99fa7cd22') in 0.02489 seconds
Start importing Packages/com.unity.2d.animation/Editor/Assets/EditorIcons/Selected/Edit_Geometry@4x.png using Guid(1a96ab5f501a8e84c9016458682e1ccb) (TextureImporter) -> (artifact id: '6fbe580272a183aa77a31063a707e2bf') in 0.0272073 seconds
Start importing Packages/com.unity.timeline/Editor/StyleSheets/Images/LightSkin/TimelineSignalSelected.png using Guid(1a7852b1b33b816498b6af1e739f5995) (TextureImporter) -> (artifact id: '34deb7f26f48942e21f1130f701ffd89') in 0.1595706 seconds
Start importing Packages/com.unity.2d.animation/Editor/Assets/EditorIcons/Light/Create_Edge.png using Guid(1af9d2e44ecf3a2468601c9071df581f) (TextureImporter) -> (artifact id: '83113e2b2b355b9d4b745b9cf98e6433') in 0.3530874 seconds
Start importing Packages/com.unity.render-pipelines.core/Editor/Lighting/Icons/LightUnitIcons/SunriseSunset@2x.png using Guid(1ade1fa63a0a72f46be69e4ae5e83314) (TextureImporter) -> (artifact id: '738a7c8248e4accec4311280237f99e9') in 0.3304734 seconds
Start importing Packages/com.unity.2d.tilemap/Editor/Icons/Grid.FlipY.png using Guid(2a807ac042c28e546b9d90048ebbc33f) (TextureImporter) -> (artifact id: 'f0a18e96346aeb7b5d52839233ab8f54') in 0.1898655 seconds
Start importing Packages/com.unity.render-pipelines.core/Editor/Lighting/Icons/LightUnitIcons/d_Candlelight@2x.png using Guid(2ae1ad1a228a66a479d96cae55499c4a) (TextureImporter) -> (artifact id: '87d8722e3dd958bc133ba76ebc4dc013') in 0.0132089 seconds
Start importing Packages/com.unity.2d.animation/Editor/Assets/ComponentIcons/Animation.SpriteLibraryVar On@256.png using Guid(2af1a7323d104499d992be9a2d8dc933) (TextureImporter) -> (artifact id: '58635b66c37f2cdd592747afa13e6d22') in 0.0302613 seconds
Start importing Packages/com.unity.2d.animation/Editor/Assets/EditorIcons/Light/SetPivot32.png using Guid(2a637fd14bfd64d0e965e4c9e4a7d8b6) (TextureImporter) -> (artifact id: '1ba18ea06233d91c24ebb4f1fd479aa5') in 0.023783 seconds
Start importing Packages/com.unity.2d.animation/Editor/Assets/EditorIcons/Light/Sprite_Mode.png using Guid(2ad84ec7182471b4d8c44de568e22df4) (TextureImporter) -> (artifact id: '7d54d4a8646caa8e6416bde82e117667') in 0.0241679 seconds
Start importing Packages/com.unity.2d.animation/Editor/Assets/ComponentIcons/Animation.SpriteLibraryVar On@32.png using Guid(2a8bf227319d4421f91d9375e3ae59bf) (TextureImporter) -> (artifact id: 'a067141915d5f04f2e182f0514d948fe') in 0.029583 seconds
Start importing Packages/com.unity.inputsystem/InputSystem/Editor/Icons/Button.png using Guid(2a5d0a7febdc741039abf135883517e5) (TextureImporter) -> (artifact id: '90a4e403ea82fd3a0282a89ce8ef7f45') in 0.0244264 seconds
Start importing Packages/com.unity.multiplayer.center/Editor/MultiplayerCenterWindow/UI/Icons/EmptyViewIcon@2x.png using Guid(2adffcc506285402aa795dee6f3166d0) (TextureImporter) -> (artifact id: 'd0124c47267382f21e0646bae1633947') in 0.0274302 seconds
Start importing Packages/com.unity.inputsystem/InputSystem/Editor/Icons/Gamepad@3x.png using Guid(4ae0b2f68c2464272b1b10105262b09b) (TextureImporter) -> (artifact id: '3e62b78d601d33f2a31926c2fe8faf5a') in 0.0236868 seconds
Start importing Packages/com.unity.collab-proxy/Editor/Assets/Images/d_iconconflictresolvedoverlay@2x.png using Guid(4a231ba0e81e63849a8f985c228e8acd) (TextureImporter) -> (artifact id: '0314e92a929cb58baa7c2082c2953d53') in 0.0243617 seconds
Start importing Packages/com.unity.collab-proxy/Editor/Assets/Images/d_iconpendingchanges.png using Guid(4aa4898734bfdbc4dbd410de4141e533) (TextureImporter) -> (artifact id: 'bc8db8bc04cc5feb54464d43bca7dcc1') in 0.0233483 seconds
Start importing Packages/com.unity.collab-proxy/Editor/Assets/Images/d_iconprivateoverlay.png using Guid(4a652ffb5816840768619c35903cb1fa) (TextureImporter) -> (artifact id: 'c7e102361f72ab9601dab6d4034aaed7') in 0.0244441 seconds
Start importing Packages/com.unity.render-pipelines.universal/Editor/2D/Resources/Sparkle.png using Guid(4a0aca3a5f2effb41b43cc0a1661d845) (TextureImporter) -> (artifact id: '32cf04a5a2755c013ee68a3b88583ea5') in 0.008371 seconds
Start importing Packages/com.unity.inputsystem/InputSystem/Editor/Icons/d_Add Binding@4x.png using Guid(4a0ce0eda6ee74c669b13104649e1313) (TextureImporter) -> (artifact id: 'a01fc7c841743e57409e94b4412f64e1') in 0.0234259 seconds
Start importing Packages/com.unity.2d.animation/Editor/Assets/ComponentIcons/Animation.SpriteLibraryManager On@32.png using Guid(4a3c64ec8ad964011aa28fb633e9b153) (TextureImporter) -> (artifact id: 'a057e182673c3956729b9b27420d84ee') in 0.0226747 seconds
Start importing Packages/com.unity.collab-proxy/Editor/Assets/Images/d_iconrepository.png using Guid(4a4dfcc81b0e1214fbbd0003c8ab4070) (TextureImporter) -> (artifact id: '993570d0904a07c1d9dfcdd3149a15d5') in 0.0244353 seconds
Start importing Packages/com.unity.2d.animation/Editor/Assets/ComponentIcons/Animation.IKLimb@256.png using Guid(4a3eebea80ac54fd3818f6a36c36168d) (TextureImporter) -> (artifact id: '9028fcaafabf6c4afb90300d108a00ad') in 0.0186228 seconds
Start importing Packages/com.unity.2d.sprite/Editor/ObjectMenuCreation/DefaultAssets/Textures/CircleWithBorder.png using Guid(4adeaf2d2b1c7417e89f026626d8264f) (TextureImporter) -> (artifact id: '239d0d0c2fe636b52f069f3f6fa04122') in 0.0317505 seconds
Start importing Packages/com.unity.2d.animation/Editor/Assets/ComponentIcons/d_Animation.IKManager@64.png using Guid(5ab572b9a7b33426c83f5ed08ca8c798) (TextureImporter) -> (artifact id: '3f1324f848dd14480e142b16dd602bce') in 0.0252195 seconds
Start importing Packages/com.unity.inputsystem/InputSystem/Editor/AssetEditor/PackageResources/personal/foldoutBackground.png using Guid(5ab69704aa4984b49bc426da72fabbed) (TextureImporter) -> (artifact id: '32fed9a00cb87e7e013becc405606102') in 0.0252258 seconds
Start importing Packages/com.unity.2d.sprite/Editor/ObjectMenuCreation/DefaultAssets/Textures/v2/HexagonPointTop.png using Guid(5aa8b770bc43046bc8d993d0d5b7f4a5) (TextureImporter) -> (artifact id: '63ee2d0e842648377d0b4b2adad0c3cc') in 0.0273476 seconds
Start importing Packages/com.unity.inputsystem/InputSystem/Editor/Icons/Keyboard.png using Guid(5a5b9538c3aaa4587856e68a93a92a51) (TextureImporter) -> (artifact id: '4f4244cddcee5e7e9c74de1c29cd0931') in 0.0254684 seconds
Start importing Packages/com.unity.timeline/Editor/StyleSheets/Images/Icons/d_TrackMuteButtonDisabled.png using Guid(6ab002208ec290544b44bc263dc58a95) (TextureImporter) -> (artifact id: '6d18e68b6bf51ca9fe63e704d81004bd') in 0.0144512 seconds
Start importing Packages/com.unity.inputsystem/InputSystem/Editor/Icons/MultiplayerEventSystem@64.png using Guid(6a237171e2346e3458db37eb0f90d42b) (TextureImporter) -> (artifact id: '480c53dbca76edaea856950dc0aae472') in 0.0286745 seconds
Start importing Packages/com.unity.render-pipelines.core/Editor/Lighting/Icons/LightUnitIcons/d_SunriseSunset.png using Guid(6ac733bfd834f4b4bab06306c63496f2) (TextureImporter) -> (artifact id: 'a50a314ed8ba9da11c882dcfe2c7338e') in 0.0175978 seconds
Start importing Packages/com.unity.2d.animation/Editor/Assets/EditorIcons/Selected/Create_Vertex@4x.png using Guid(6a7ac9e8c26b12440bf2b1da2ca97794) (TextureImporter) -> (artifact id: '795076eedef3fd3f86cbeaf5f05251e7') in 0.026233 seconds
Start importing Packages/com.unity.collab-proxy/Editor/Assets/Images/d_secondarytabclosehover.png using Guid(6a9d211bea1bc4a429d86cbb2d0b0a3e) (TextureImporter) -> (artifact id: '72096c563703d0b5611d272c93c9b76c') in 0.0250018 seconds
Start importing Packages/com.unity.render-pipelines.core/Editor/LookDev/Icons/LayoutVertical.png using Guid(6a9d49ac254f03c48bf5b6590f4d2a24) (TextureImporter) -> (artifact id: '0b0360a30d0468f099d54ba2df4891c3') in 0.0150657 seconds
Start importing Packages/com.unity.render-pipelines.core/Editor/Lighting/Icons/LightUnitIcons/IntenseAreaLight@2x.png using Guid(6abd010e1fd246f4585f513da25bcede) (TextureImporter) -> (artifact id: 'b2a6f247561f987d2a94bfae2cde8ffe') in 0.0239577 seconds
Start importing Packages/com.unity.ugui/Editor Resources/Textures/btn_AlignCenter_Light.psd using Guid(6ace62d30f494c948b71d5594afce11d) (TextureImporter) -> (artifact id: '0820c086eb2231f8398c705980fd7261') in 0.0053519 seconds
Start importing Packages/com.unity.render-pipelines.core/Runtime/Debugging/Prefabs/Textures/UIFoldoutClosed.png using Guid(7a0568d5e3330b84687e307992be3030) (TextureImporter) -> (artifact id: '003e76fa37323a97a18e0361a596384a') in 0.0258201 seconds
Start importing Packages/com.unity.2d.animation/Editor/Assets/EditorIcons/Dark/d_Edit_Geometry@4x.png using Guid(7af5f1b9cb7fc7645a9f27f070fbe2fd) (TextureImporter) -> (artifact id: 'c9a46c23b93823f2dd402a6b5b2713f2') in 0.0306091 seconds
Start importing Packages/com.unity.2d.animation/Editor/Assets/EditorIcons/Dark/d_Mesh@3x.png using Guid(7a1683154a74c9d4e9f993bd6c54f947) (TextureImporter) -> (artifact id: '6867a61d1a2bc7c051d48229a7ef5609') in 0.0257172 seconds
Start importing Packages/com.unity.2d.tilemap/Editor/Icons/Tilemap.BrushSettings.png using Guid(7a17912541de348408b722a40b972ea3) (TextureImporter) -> (artifact id: 'c6dea06706d62cf0288a355b78fa6633') in 0.0249001 seconds
Start importing Packages/com.unity.2d.animation/Editor/Assets/EditorIcons/Dark/d_Create_Edge.png using Guid(7a5bb676bcccfea429f2138b6fbd005e) (TextureImporter) -> (artifact id: '5916f6b6fba932a9004b2257abf12ef4') in 0.0255957 seconds
Start importing Packages/com.unity.2d.animation/Editor/Assets/EditorIcons/Dark/d_Edit_Pose.png using Guid(7a6cafa65c507e240b7293250b094e10) (TextureImporter) -> (artifact id: 'd31907d1a623a1e34e44a714789a3130') in 0.0321856 seconds
Start importing Packages/com.unity.2d.animation/Editor/Assets/ComponentIcons/Animation.SpriteSkin@256.png using Guid(7a1e809ce41f84f10bfe590179cd59b5) (TextureImporter) -> (artifact id: 'a4c8ad65b63467d0c132562df43e8189') in 0.0283375 seconds
Start importing Packages/com.unity.render-pipelines.core/Editor/Lighting/Icons/UpSnatchFocused.png using Guid(8a35aa5922ce5b746a734edf7de25ab4) (TextureImporter) -> (artifact id: '2abfe78b24b59f0d916f7fd06cf02bb6') in 0.0227008 seconds
Start importing Packages/com.unity.2d.tilemap.extras/Editor/Brushes/GameObjectBrush/d_GameObjectBrush@4x.png using Guid(8a585d635efb349edbcfc142059feb21) (TextureImporter) -> (artifact id: '461772fae52c40746e830e47bc70bada') in 0.0263991 seconds
Start importing Packages/com.unity.render-pipelines.core/Editor/Icons/MipLevels/RenderPipelineResources@128.png using Guid(8a682daa78f03b64597ad91aefef3dab) (TextureImporter) -> (artifact id: '1405c07fdccd76783812e2d6f5c6727b') in 0.0261242 seconds
Start importing Packages/com.unity.2d.animation/Editor/Assets/EditorIcons/Selected/Create_Vertex@2x.png using Guid(8afb57fea8c4eea4a8085e91c810380b) (TextureImporter) -> (artifact id: 'e9c9f2316d2769dac26d225dcee673a4') in 0.0314564 seconds
Start importing Packages/com.unity.render-pipelines.core/Editor/LookDev/Icons/Environment.png using Guid(8accc003516bedf4b94c9c8a86b2b6a1) (TextureImporter) -> (artifact id: '5dcf8fcd5a40dd4ab48c73504311e29f') in 0.0169175 seconds
Start importing Packages/com.unity.render-pipelines.core/Editor/LookDev/Icons/Layout1.png using Guid(9a3173335e5741d438e81064b518bd80) (TextureImporter) -> (artifact id: '7ba8e9986e65dc87df20a799431afd9d') in 0.0060756 seconds
Start importing Packages/com.unity.collab-proxy/Editor/Assets/Images/iconplasticnotifypendingchangesandincoming@2x.png using Guid(9a9269fb6330f4ae1964f9eb1c203537) (TextureImporter) -> (artifact id: '7158860e029f9d69eb44383b5426b73f') in 0.0233387 seconds
Start importing Packages/com.unity.render-pipelines.core/Editor/LookDev/Icons/Link@2x.png using Guid(9a235474413e1f349b010b461c76efac) (TextureImporter) -> (artifact id: '034438bc8ede7d0cb28c5fab93ab0819') in 0.0169823 seconds
Start importing Packages/com.unity.collab-proxy/Editor/Assets/Images/d_secondarytabclosehover@2x.png using Guid(9aa4348290784b2468144a97eb15d8d7) (TextureImporter) -> (artifact id: 'a961adebcbbbc105064556f7e76eb71a') in 0.0322346 seconds
Start importing Packages/com.unity.inputsystem/InputSystem/Editor/Icons/Touch@3x.png using Guid(9ad5d5b6a25b749e78b4950eae0a8ec2) (TextureImporter) -> (artifact id: '58f3f1b99692f7e0abbf27b376a210fa') in 0.0303206 seconds
Start importing Packages/com.unity.render-pipelines.core/Editor/Lighting/Icons/LightUnitIcons/d_BrightSky@2x.png using Guid(9a278b70c427e8e4caa47a45a5d59de8) (TextureImporter) -> (artifact id: '45122a849b941c7314b23155676a7efe') in 0.018601 seconds
Start importing Packages/com.unity.collab-proxy/Editor/Assets/Images/iconaddedlocal.png using Guid(9a1ab8af8c446204e989a90f18305caf) (TextureImporter) -> (artifact id: 'c7a53e83f586ed4174f36ed6c65a5f93') in 0.0294451 seconds
Start importing Packages/com.unity.visualscripting/Graphics/GraphGroup.psd using Guid(9aebf5eaf632b8a4898b295d2cb20c0d) (TextureImporter) -> (artifact id: 'fa17e65f2a36a09b43c7bd4211795607') in 0.02216 seconds
Start importing Packages/com.unity.collab-proxy/Editor/Assets/Images/d_iconemptygravatar.png using Guid(9aebd705574f9e642aef1e5f59b3e4d8) (TextureImporter) -> (artifact id: 'a9e719321239f5a44036bdcc8bb80fd8') in 0.0280336 seconds
Start importing Packages/com.unity.2d.animation/Editor/Assets/EditorIcons/Light/Weight_Slider.png using Guid(aa91af43c72989f44bf937fd28243bc7) (TextureImporter) -> (artifact id: 'c0fb13233a6df2336db60a1a068e7eb7') in 0.0320451 seconds
Start importing Packages/com.unity.inputsystem/InputSystem/Editor/Icons/Button@4x.png using Guid(aa356632480554016ab8f4200032981b) (TextureImporter) -> (artifact id: '3e3b11f3f206a0f43db977c655b258cc') in 0.029443 seconds
Start importing Packages/com.unity.collab-proxy/Editor/Assets/Images/d_iconmovedoverlay.png using Guid(aa56ed15cc1254489866c414e4d3c7ba) (TextureImporter) -> (artifact id: '082efc31f5e140d75d41408001f90d62') in 0.026997 seconds
Start importing Packages/com.unity.2d.animation/Editor/Assets/EditorIcons/Light/ViewToolZoom.png using Guid(aa97306f968594504818c53dbe8778c7) (TextureImporter) -> (artifact id: 'd950aa3715b7c38bccd81d8c4c7feac9') in 0.0283591 seconds
Start importing Packages/com.unity.shadergraph/Editor/Resources/Icons/blackboard_dark@2x.png using Guid(aa09d480b04b3437db2ba9c9cdbc77be) (TextureImporter) -> (artifact id: '3f56e2d26163beab222ed16f9fe8b8e5') in 0.0277882 seconds
Start importing Packages/com.unity.inputsystem/InputSystem/Editor/AssetEditor/PackageResources/personal/propertiesBackground.png using Guid(aa4c2360f910d46f497f75b4b6677358) (TextureImporter) -> (artifact id: '56042fdfe080f600d75545f62d7b495d') in 0.0252716 seconds
Start importing Packages/com.unity.render-pipelines.core/Editor/LookDev/Icons/SunPosition.png using Guid(aa1dfcb67e8bf664d8d8a1821c118281) (TextureImporter) -> (artifact id: 'eb9147438b6d2ca91b03cd9824c0d6b4') in 0.0275771 seconds
Start importing Packages/com.unity.inputsystem/InputSystem/Editor/Icons/ChevronDown.png using Guid(ba304f5556a3a4fac98d126883083e7e) (TextureImporter) -> (artifact id: '99d177e57bd7d88046a1455d55bbcedf') in 0.0306087 seconds
Start importing Packages/com.unity.render-pipelines.core/Editor/Lighting/Icons/LightUnitIcons/ExteriorLight.png using Guid(baa2eadff75899140ac64277e3f60453) (TextureImporter) -> (artifact id: 'c8c6fa582ca78850b24fb1e4bb9cd573') in 0.0292884 seconds
Start importing Packages/com.unity.visualscripting/Editor/VisualScripting.Core/IconMap/Variables@32x.png using Guid(ba736aa67df8cee43b1b679c961d74f4) (TextureImporter) -> (artifact id: '4fbf55276c391b8506cd2c3b404b3591') in 0.0069478 seconds
Start importing Packages/com.unity.2d.animation/Editor/Assets/ComponentIcons/Animation.IKCCD On@256.png using Guid(ba345f2f643d842459447c374943401d) (TextureImporter) -> (artifact id: '6e08250295e42c058e5841932672e636') in 0.0316332 seconds
Start importing Packages/com.unity.2d.animation/Editor/Assets/EditorIcons/Selected/Generate_Weights@2x.png using Guid(ba75d79a1a0723e488112808560789b7) (TextureImporter) -> (artifact id: '76c2251f418914fdf2bffb419601fe12') in 0.0238324 seconds
Start importing Packages/com.unity.collab-proxy/Editor/Assets/Images/iconlock@2x.png using Guid(ba96945b6a1b743579931a87e98041fe) (TextureImporter) -> (artifact id: '7205b8883a901e035e1586bb2087851e') in 0.0298695 seconds
Start importing Packages/com.unity.collab-proxy/Editor/Assets/Images/iconlockretained.png using Guid(bac66973cba57b842965eb95154fba7e) (TextureImporter) -> (artifact id: '668167f42dcbc94ca8c51d65895ea044') in 0.0279896 seconds
Start importing Packages/com.unity.2d.animation/Editor/Assets/EditorIcons/Dark/d_Weight_Brush@3x.png using Guid(ba394dd6c02ba3b448659c8a346bf685) (TextureImporter) -> (artifact id: 'ccf2b84ef0be25b13a14263ff361faed') in 0.0255484 seconds
Start importing Packages/com.unity.2d.tilemap/Editor/Icons/Grid.FlipY@2x.png using Guid(baab1bab0820d0942bb79c6da94b1688) (TextureImporter) -> (artifact id: '2f728e7e9b33f1f631fcd8e44eb22ba5') in 0.0321073 seconds
Start importing Packages/com.unity.render-pipelines.core/Editor/LookDev/Icons/d_SunPosition@2x.png using Guid(ba2d3d7d05fd3e046b6d413365e9b11e) (TextureImporter) -> (artifact id: 'c92eaa0832158793d84c9035099d5016') in 0.0086228 seconds
Start importing Packages/com.unity.2d.tilemap/Editor/Icons/d_Tilemap..BrushPicks@4x.png using Guid(ba6dc9e2bb114aa46a392528f10c13d0) (TextureImporter) -> (artifact id: 'd074aed2533b92cd1830e78a6460c3ea') in 0.0317955 seconds
Start importing Packages/com.unity.collab-proxy/Editor/Assets/Images/d_iconlockretained.png using Guid(ba2e8a5b6413ebc46b4f580903cb911d) (TextureImporter) -> (artifact id: '628b3e96e42d44f90274c7df5b86fa5c') in 0.02801 seconds
Start importing Packages/com.unity.ugui/Editor Resources/Textures/btn_AlignBottom.psd using Guid(ca51b19024094d1b87f3e07edb0a75fb) (TextureImporter) -> (artifact id: '7eddcac00ea901512f581eb8442d9da2') in 0.0058821 seconds
Start importing Packages/com.unity.render-pipelines.core/Editor/Icons/MipLevels/VolumeProfile@64.png using Guid(ca82ccfbb5485754191e3778316b1424) (TextureImporter) -> (artifact id: 'b398ca9557d68bf07bd1cd2d71576a90') in 0.0308928 seconds
Start importing Packages/com.unity.collab-proxy/Editor/Assets/Images/iconmergeview@2x.png using Guid(ca92e845b7b4b41da8e081ca8c0ed3b8) (TextureImporter) -> (artifact id: '40d6348c5e649bbb5837811587a053a8') in 0.0271873 seconds
Start importing Packages/com.unity.2d.psdimporter/Editor/Assets/Icons/Light/Layers Collapsed@1x.png using Guid(ca434c866082043f589e32d65b0d1369) (TextureImporter) -> (artifact id: '5f8162b14c5d612b4f816031b047bf41') in 0.0270459 seconds
Start importing Packages/com.unity.collab-proxy/Editor/Assets/Images/iconinfobellnotification.png using Guid(ca9343b72095cb846be99d76d069dfc0) (TextureImporter) -> (artifact id: 'c91e09cc999c954052241be96298ef51') in 0.0270743 seconds
Start importing Packages/com.unity.inputsystem/InputSystem/Editor/Icons/d_Add Binding@3x.png using Guid(ca933a91c81734ddd88b17c8481ec1e9) (TextureImporter) -> (artifact id: 'a8b9d58a808513009284008bf2bff964') in 0.0308221 seconds
Start importing Packages/com.unity.2d.animation/Editor/Assets/EditorIcons/Selected/Sprite_Mode.png using Guid(ca778bc7303b24948abf3e907abbf2a0) (TextureImporter) -> (artifact id: '1fde74b78fd5af9fabe664465c4bfa82') in 0.0283338 seconds
Start importing Packages/com.unity.inputsystem/InputSystem/Editor/Icons/Interactive Binding@3x.png using Guid(cac8742b1b72b44699fd1663287ca47d) (TextureImporter) -> (artifact id: '85641b0c4ad314b8dc996c5c1b551e6c') in 0.0291282 seconds
Start importing Packages/com.unity.inputsystem/InputSystem/Editor/Icons/d_Orientation@2x.png using Guid(cae83450c8b18499c8c0239edf8bcc31) (TextureImporter) -> (artifact id: '053a2ee82cd093e089b90f754254c9de') in 0.0263076 seconds
Start importing Packages/com.unity.2d.animation/Editor/Assets/EditorIcons/Selected/Bone_Influence@4x.png using Guid(daf2ab606d4db0d4f9ecf4c02137d2a8) (TextureImporter) -> (artifact id: 'a276d4b05f56f7d6e75c62c5ecbdd600') in 0.0284867 seconds
Start importing Packages/com.unity.collab-proxy/Editor/Assets/Images/iconemptygravatar@2x.png using Guid(da545229eea36164d8b8cba2f75a1143) (TextureImporter) -> (artifact id: '2e0b082f33b551f4d0f2e80c5c20832d') in 0.1505292 seconds
Start importing Packages/com.unity.render-pipelines.core/Editor/LookDev/Icons/d_Add@2x.png using Guid(daa49a1f06460a04b9827dd6f0bace08) (TextureImporter) -> (artifact id: '5f16fcc5b3f1a214d286c682d7961aa8') in 0.3769893 seconds
Start importing Packages/com.unity.render-pipelines.core/Editor/LookDev/Icons/d_Layout1.png using Guid(da974c4d40533154a83d57ca90e34bb8) (TextureImporter) -> (artifact id: '562951ebd1bc8505b04414ff511cc0e2') in 0.2028019 seconds
Start importing Packages/com.unity.2d.animation/Editor/Assets/ComponentIcons/d_Animation.IKCCD@64.png using Guid(dac7ed727b01c440b9eeee0e2641a333) (TextureImporter) -> (artifact id: '5e956e953c3683692bce10c5390475e8') in 0.2520422 seconds
Start importing Packages/com.unity.2d.animation/Editor/Assets/EditorIcons/Dark/d_ViewToolZoom.png using Guid(daf76ca58c01545899ee8ec12cb269cd) (TextureImporter) -> (artifact id: '536da1e3ff51c546c11ccd863a679ff0') in 0.1114181 seconds
Start importing Packages/com.unity.inputsystem/InputSystem/Editor/Icons/d_Mouse@2x.png using Guid(daa9ba527d8a34b218224b8287ce11d3) (TextureImporter) -> (artifact id: 'a973dc281b744443f2cdbc8151ceaedd') in 0.0421882 seconds
Start importing Packages/com.unity.multiplayer.center/Editor/MultiplayerCenterWindow/UI/Icons/d_Loading.png using Guid(dab91f148d99946e7b3c3a87ecf4b973) (TextureImporter) -> (artifact id: 'c43476d0ef0535c26c37114c3522790c') in 0.0295164 seconds
Start importing Packages/com.unity.2d.sprite/Editor/Assets/LockedOptions@2x.png using Guid(da5aa6ed6c9fc4b049dffa3da57eaf7b) (TextureImporter) -> (artifact id: 'e0f482e62527fbda9a02291ea5c2f11e') in 0.0284379 seconds
Start importing Packages/com.unity.2d.animation/Editor/Assets/EditorIcons/Light/Edit_Joints@3x.png using Guid(da6b55611e420f443a65d0be7a8f8719) (TextureImporter) -> (artifact id: 'bd03672a08b664fe9760c443d7493694') in 0.0282914 seconds
Start importing Packages/com.unity.2d.animation/Editor/Assets/EditorIcons/Selected/Sprite_Mode@3x.png using Guid(ea833d779996e3244b3b567764be9cf0) (TextureImporter) -> (artifact id: '3f48c12cdc83aa4904312ad4ef48fc0c') in 0.0307119 seconds
Start importing Packages/com.unity.collab-proxy/Editor/Assets/Images/iconcurrentbranch@2x.png using Guid(ead32eef98d0a664fb5b025c4bf013d4) (TextureImporter) -> (artifact id: '3b7e15b4f0456643bb6b06d369ad7b57') in 0.0274024 seconds
Start importing Packages/com.unity.2d.psdimporter/Editor/Assets/Icons/Dark/Layers Collapsed@4x.png using Guid(ea5547bcdee4e4a8cb4705499aabe76d) (TextureImporter) -> (artifact id: '010eb5a256d0e3f6bf4c46f21a8c8972') in 0.0281571 seconds
Start importing Packages/com.unity.timeline/Editor/StyleSheets/Images/DarkSkin/TimelineInfiniteTrackNoShadow.png using Guid(eae63adb172f1164db61a7f4bdfc3637) (TextureImporter) -> (artifact id: '65c6b3f74abe0f338ec83d743a4b109e') in 0.0258146 seconds
Start importing Packages/com.unity.2d.animation/Editor/Assets/EditorIcons/Selected/Generate_Weights@4x.png using Guid(ea292d445b1c4cb48897511cd9453f1c) (TextureImporter) -> (artifact id: '915d72722a2d4f3763855630e99ca35d') in 0.026818 seconds
Start importing Packages/com.unity.inputsystem/InputSystem/Editor/Icons/Pen.png using Guid(ea8b7319643924985a9ee4ca18b8db59) (TextureImporter) -> (artifact id: '38273b78e2eb88e3fcc1a81760aa9ea0') in 0.0262772 seconds
Start importing Packages/com.unity.2d.tilemap.extras/Editor/Brushes/LineBrush/d_LineBrush@2x.png using Guid(fa52298efb877496ab068b8298f7f6aa) (TextureImporter) -> (artifact id: 'b92090916463778e6e925572f363c11e') in 0.0269879 seconds
Start importing Packages/com.unity.render-pipelines.universal/Textures/BlueNoise16/L/LDR_LLL1_29.png using Guid(fa042edbfc40fbd4bad0ab9d505b1223) (TextureImporter) -> (artifact id: '1c80aa20d73ccec654b9d029ac4b733e') in 0.0296287 seconds
Start importing Packages/com.unity.2d.animation/Editor/Assets/ComponentIcons/Animation.SpriteResolver On@256.png using Guid(fa557b89ecf3d44f2b6cae783ce09806) (TextureImporter) -> (artifact id: 'efb1f24b258bc0a970ddfeef1f9985d4') in 0.0375327 seconds
Start importing Packages/com.unity.2d.animation/Editor/Assets/ComponentIcons/Animation.SpriteLibrary On@32.png using Guid(fad537f7b1df74e869915bbab4356a0f) (TextureImporter) -> (artifact id: 'c94ab88498a62ed46cb54a34462f3ece') in 0.0353263 seconds
Start importing Packages/com.unity.ugui/Editor Resources/Textures/btn_AlignJustified_Light.psd using Guid(fa6bd40a216346b783a4cce741d277a5) (TextureImporter) -> (artifact id: '2a8ace8a350a8ad5587fa734a958a593') in 0.0059854 seconds
Start importing Packages/com.unity.2d.animation/Editor/Assets/EditorIcons/Dark/d_Split Bones@4x.png using Guid(0bf67b4360dc1cd4caa0338c55219e9e) (TextureImporter) -> (artifact id: 'da8fb2ecba561c65bd69d8ab5afe1150') in 0.0305529 seconds
Start importing Packages/com.unity.render-pipelines.core/Editor/Lighting/Icons/LightUnitIcons/d_BlueSky@2x.png using Guid(0b39f97ea330aac459e3fbb440f4b0d0) (TextureImporter) -> (artifact id: '14e079ab9bca52f16da72bfbad04d926') in 0.0173518 seconds
Start importing Packages/com.unity.2d.animation/Editor/Assets/EditorIcons/Selected/Edit_Joints@3x.png using Guid(0b0f60aa75b9d024480f9aaad450723b) (TextureImporter) -> (artifact id: 'e5e31059a1b97e4773565ac83bd45600') in 0.029165 seconds
Start importing Packages/com.unity.render-pipelines.core/Editor/Lighting/Icons/LightUnitIcons/InteriorLight@2x.png using Guid(1bb3da4ea375c37498c93327420e6a01) (TextureImporter) -> (artifact id: '6e4d99e5c6932b262bf4e789c1d6ec31') in 0.0190894 seconds
Start importing Packages/com.unity.2d.animation/Editor/Assets/EditorIcons/Selected/d_Bone@4x.png using Guid(1bb69cd91685d9248a58b144052746f3) (TextureImporter) -> (artifact id: '7db7a99a00dae656436fb39a8e374c09') in 0.0311983 seconds
Start importing Packages/com.unity.inputsystem/InputSystem/Editor/Icons/Pen@3x.png using Guid(1bf9cdd4bc492489c8c7c6190785fc48) (TextureImporter) -> (artifact id: 'e5374a4a1f9dfe44f3f75fd091d5c0fa') in 0.0321897 seconds
Start importing Packages/com.unity.2d.animation/Editor/Assets/EditorIcons/Selected/Parent_Bone.png using Guid(1b8ac2bef8a060f4ca19b22a3720cb0e) (TextureImporter) -> (artifact id: '35268a783c039ee0c9aff770b94cdd25') in 0.0365438 seconds
Start importing Packages/com.unity.multiplayer.center/Editor/MultiplayerCenterWindow/UI/Icons/d_PackageManager.png using Guid(1b4c88814ec6241eb8e327515399c006) (TextureImporter) -> (artifact id: 'ca3073923fa3445e816223379325d9f6') in 0.0445245 seconds
Start importing Packages/com.unity.render-pipelines.core/Editor/Icons/RenderGraphViewer/ScriptLink@2x.png using Guid(2b2147ee427aa3a468912c85ba64c256) (TextureImporter) -> (artifact id: '27c36f37a12612abbb9947e0a2e536ba') in 0.04786 seconds
Start importing Packages/com.unity.render-pipelines.universal/Shaders/FullscreenInvertColorsTemplate.png using Guid(2bf17b1d7445af843ad939d7527d8938) (TextureImporter) -> (artifact id: '6c89191b3b2b4aee19e07e86d45a5bcc') in 0.0829197 seconds
Start importing Packages/com.unity.collab-proxy/Editor/Assets/Images/d_iconlockedremoteoverlay@2x.png using Guid(2bb4e96f5d0b02c468932d665a015c54) (TextureImporter) -> (artifact id: '2f3be6b5072d3f94bd97071bdf1423a0') in 0.0415919 seconds
Start importing Packages/com.unity.render-pipelines.core/Editor/LookDev/Icons/d_Link@2x.png using Guid(2b06c35710693f640babb3dcf747d06a) (TextureImporter) -> (artifact id: 'c1bfd67b8357721ca3b7bc32fdd6d7a2') in 0.0418397 seconds
Start importing Packages/com.unity.2d.animation/Editor/Assets/EditorIcons/Light/Paste@3x.png using Guid(2b072f285a732f747b9be104aae155b2) (TextureImporter) -> (artifact id: '9644b7953f4d531cd7c81b35052fc9c3') in 0.0478513 seconds
Start importing Packages/com.unity.2d.animation/Editor/Assets/EditorIcons/Selected/d_Mesh@4x.png using Guid(2b4752bce841cc74bb73820ce5212d34) (TextureImporter) -> (artifact id: '98a224531f39c9f6f14a2c687f0a1fd2') in 0.0419661 seconds
Start importing Packages/com.unity.collab-proxy/Editor/Assets/Images/d_iconinviteusers@2x.png using Guid(2b9bf8ec5d54fe249ac9e20979ccd42c) (TextureImporter) -> (artifact id: '532be7dc0876734b7987dde04ff26ea7') in 0.0439639 seconds
Start importing Packages/com.unity.inputsystem/InputSystem/Editor/Icons/d_Interactive Binding@2x.png using Guid(3b78dc1763429489c9a1c70faf4f9a0e) (TextureImporter) -> (artifact id: '70cee7de6e7dc3d8337b8ae3c3262d83') in 0.0504082 seconds
Start importing Packages/com.unity.2d.animation/Editor/Assets/EditorIcons/Dark/d_Copy@3x.png using Guid(3b5ad4dfc78124a489bb5c48a4b57195) (TextureImporter) -> (artifact id: 'd6fbdcdcad34bc5d92618bbe5c2dcba1') in 0.0442556 seconds
Start importing Packages/com.unity.2d.animation/Editor/Assets/ComponentIcons/Animation.SpriteLibraryManager@32.png using Guid(3b9a6aa9cd66c475ea8cba88e186779f) (TextureImporter) -> (artifact id: 'a6c7076765ed914b52559b85ff50c6e3') in 0.0450319 seconds
Start importing Packages/com.unity.2d.animation/Editor/Assets/EditorIcons/Light/Create_Edge@2x.png using Guid(3b4e88f5705085042a95960cdcef2561) (TextureImporter) -> (artifact id: '75d72335bfa12f12bd858fbab3068505') in 0.0497797 seconds
Start importing Packages/com.unity.timeline/Editor/StyleSheets/Images/DarkSkin/TimelineTimeCursor.png using Guid(3b9e9b3d9ade166499e7a17109ca73bf) (TextureImporter) -> (artifact id: 'c376c21fa7df845a7d0625be620b94a3') in 0.0169652 seconds
Start importing Packages/com.unity.2d.tilemap.extras/Editor/Brushes/GameObjectBrush/GameObjectBrush@2x.png using Guid(3b1f1c1705419448398bbfafa99724cc) (TextureImporter) -> (artifact id: '0e49ad68a9a466765050e5a343bb281a') in 0.0500618 seconds
Start importing Packages/com.unity.timeline/Editor/StyleSheets/Images/Icons/TrackAvatarButtonEnabled.png using Guid(4bf6507f1346b2746a35384f6a5fd5f9) (TextureImporter) -> (artifact id: '1f5156d4bb891bf055a70ac6519467c1') in 0.0364602 seconds
Start importing Packages/com.unity.2d.sprite/Editor/ObjectMenuCreation/DefaultAssets/Textures/HexagonPointTopWithBorder.png using Guid(4b2a04fdbe0ef4d8da8f90eaca817cd1) (TextureImporter) -> (artifact id: '28a96a6ab7ae6ebc0eda41cdab63eb9b') in 0.0530193 seconds
Start importing Packages/com.unity.2d.tilemap/Editor/Icons/Tilemap.ShowTilePalette.png using Guid(4b6b0d10629b2ea40846b0eed5b74f43) (TextureImporter) -> (artifact id: 'a85ef9b9eb551f1aa1765e9547d02080') in 0.0510831 seconds
Start importing Packages/com.unity.render-pipelines.universal/Textures/BlueNoise256/LDR_LLL1_1.png using Guid(4b7b083e6b6734e8bb2838b0b50a0bc8) (TextureImporter) -> (artifact id: 'e39e6e5f860a3737455da2c02f7548e0') in 0.0528145 seconds
Start importing Packages/com.unity.2d.animation/Editor/Assets/EditorIcons/Light/Edit_Geometry@2x.png using Guid(4bcd27377338b8440bda5ecf26ea2fb5) (TextureImporter) -> (artifact id: 'd24daab0e33bd69ac70272cc8120791b') in 0.0433643 seconds
Start importing Packages/com.unity.2d.psdimporter/Editor/Assets/Icons/Light/Layers Mixed@4x.png using Guid(4b3e1d5f95a1a455c917ca9403d9283d) (TextureImporter) -> (artifact id: 'c719da995fc3ef4aa752e359432818b6') in 0.0448467 seconds
Start importing Packages/com.unity.collab-proxy/Editor/Assets/Images/d_iconmergeview@2x.png using Guid(5bc0112babc1a49bdbd1f6e5d9c13c7b) (TextureImporter) -> (artifact id: 'e07aabc138acc196ffb4d1b8e345d384') in 0.0469849 seconds
Start importing Packages/com.unity.render-pipelines.core/Editor/Icons/RenderGraphViewer/d_Buffer@2x.png using Guid(5b418afba2ea4e542bbc80b91d784d20) (TextureImporter) -> (artifact id: 'd10f9b74dc46b2b30435f8acf775a936') in 0.0461017 seconds
Start importing Packages/com.unity.2d.animation/Editor/Assets/SkinningModule/dotCyan.png using Guid(5b56cb1a6bd97f348b3a3b6f875aafd6) (TextureImporter) -> (artifact id: '4a876e7f293c1452fb900fc345803eff') in 0.0486431 seconds
Start importing Packages/com.unity.2d.animation/Editor/Assets/EditorIcons/Selected/Create Bones@2x.png using Guid(5b7f664b515582d458717c354f6be292) (TextureImporter) -> (artifact id: 'b2f96bf5356044587eee6cb276214f96') in 0.047546 seconds
Start importing Packages/com.unity.render-pipelines.core/Editor/LookDev/Icons/LayoutVertical@2x.png using Guid(6b8067336fda8f040bb1f6d336ac08c5) (TextureImporter) -> (artifact id: '5a361934597fe454f7e128f75188abfc') in 0.0303677 seconds
Start importing Packages/com.unity.2d.tilemap/Editor/Icons/Tilemap.FocusTilemap@2x.png using Guid(6b80cdd1d5ce20c4189553f129f4d175) (TextureImporter) -> (artifact id: '99fd667d625049c329c1c2ba93bc4460') in 0.043784 seconds
Start importing Packages/com.unity.2d.animation/Editor/Assets/EditorIcons/Light/Split Bones@3x.png using Guid(6b35476d10ed5614a949de8f7c45b534) (TextureImporter) -> (artifact id: '59b60d654a18b5fbf1027dbd83dacc1b') in 0.0450524 seconds
Start importing Packages/com.unity.2d.tilemap.extras/Editor/Brushes/RandomBrush/d_RandomBrush@2x.png using Guid(6b3bffe22de404f319ed8587790d10ed) (TextureImporter) -> (artifact id: 'c6a350f46c45a64d3bd030d2eb3aa245') in 0.0456525 seconds
Start importing Packages/com.unity.shadergraph/Editor/Resources/Icons/SettingsIcons_hover.png using Guid(6bfd5f3c15e1ee7498657be747544985) (TextureImporter) -> (artifact id: 'fced1dae35104fd920a4e8dc7106b68d') in 0.0323557 seconds
Start importing Packages/com.unity.2d.animation/Editor/Assets/EditorIcons/Selected/Create Bones.png using Guid(7b86a539750e1a44ca7ec5b7f690babd) (TextureImporter) -> (artifact id: '87baef6f255f7bea2f96a56017a19e3e') in 0.0539066 seconds
Start importing Packages/com.unity.2d.animation/Editor/Assets/EditorIcons/Selected/Generate_Geometry@4x.png using Guid(7b0bba6a9b6960a4fb500a75d4a4caa0) (TextureImporter) -> (artifact id: '9e7b97283a59821f71f76431bad5b813') in 0.0531678 seconds
Start importing Packages/com.unity.timeline/Editor/StyleSheets/Images/Icons/d_TimelineEditModeReplaceON.png using Guid(7b4b3cedf598c954cb2f38d6e2e34c0d) (TextureImporter) -> (artifact id: '1e672716617d245d585889b0a255f779') in 0.0301464 seconds
Start importing Packages/com.unity.inputsystem/InputSystem/Editor/Icons/TrackedPoseDriver@4x.png using Guid(7b8bfaee8f8631c4789ac62373cbc2d4) (TextureImporter) -> (artifact id: '3e4b61c20b9521c34942cb8de1439fc1') in 0.0287895 seconds
Start importing Packages/com.unity.2d.tilemap/Editor/Icons/Tilemap.BrushPicks@2x.png using Guid(7befde712044bf34d8d765aba01a52c9) (TextureImporter) -> (artifact id: '4816f9a6b8460b1cd14595b13f4f1236') in 0.0435127 seconds
Start importing Packages/com.unity.inputsystem/InputSystem/Editor/Icons/Add Binding@3x.png using Guid(8be1fbf4b24de44c99840805bdae9e40) (TextureImporter) -> (artifact id: 'ae1c96daef6109f7524cb68c9747dbdf') in 0.0467383 seconds
Start importing Packages/com.unity.collab-proxy/Editor/Assets/Images/d_iconclouddriveview.png using Guid(8b32b34c806b4de4cb7f04b3344b6966) (TextureImporter) -> (artifact id: '9656a27c8bbaf34b4358fd5dc730a2f0') in 0.0454241 seconds
Start importing Packages/com.unity.ugui/Editor Resources/Textures/btn_AlignBaseLine.psd using Guid(8bc445bb79654bf496c92d0407840a92) (TextureImporter) -> (artifact id: '8a6f53f4dfb5395c2242ad524cecfafa') in 0.0156862 seconds
Start importing Packages/com.unity.2d.animation/Editor/Assets/ComponentIcons/Animation.IKFabrik@256.png using Guid(8be64ad32582748f1965311ca0665f30) (TextureImporter) -> (artifact id: 'dcbf2055658ff27d08d814314768d800') in 0.0598318 seconds
Start importing Packages/com.unity.2d.common/Path/Editor/Handles/TangentBrokenPro.png using Guid(8bdd64764208642f9adc3509ebbe41a3) (TextureImporter) -> (artifact id: 'f6a885ff30518d682c3430d7ff55d455') in 0.0458482 seconds
Start importing Packages/com.unity.2d.animation/Editor/Assets/EditorIcons/Dark/d_Parent_Bone.png using Guid(8b8fa969cc0cac04b97330905b3dd95b) (TextureImporter) -> (artifact id: '18ac27d18536211f4fdae690e317f14b') in 0.0419263 seconds
Start importing Packages/com.unity.2d.sprite/Editor/Assets/SpriteEditor.png using Guid(9b243bd8491a24b2cbe5231468a93813) (TextureImporter) -> (artifact id: '7665aa1e7443876de22ffe6011f385a7') in 0.0281408 seconds
Start importing Packages/com.unity.collab-proxy/Editor/Assets/Images/d_iconbrex@2x.png using Guid(9b76c79563c3a274aa48b0dbdf009693) (TextureImporter) -> (artifact id: '8303ff37ffaaa1e2977ba74e33734005') in 0.027455 seconds
Start importing Packages/com.unity.render-pipelines.core/Editor/Lighting/Icons/PresetHair.png using Guid(9b18a8aa7da659344b2fce408beb09c3) (TextureImporter) -> (artifact id: '81893bd69b862fc93be5fadc385d853f') in 0.0262871 seconds
Start importing Packages/com.unity.render-pipelines.universal/Editor/Decal/Resources/DecalGizmo.png using Guid(9ba98ca4f0fc0754caca09e38af0cc0a) (TextureImporter) -> (artifact id: '3a159fe8984199467c726bec79a4255e') in 0.0065637 seconds
Start importing Packages/com.unity.2d.animation/Editor/Assets/ComponentIcons/d_Animation.IKLimb.png using Guid(aba5d07cce7d34a7587f27f48d05dd9b) (TextureImporter) -> (artifact id: '331afe5ea21cf91d7dacf2975e0ac02f') in 0.0254202 seconds
Start importing Packages/com.unity.render-pipelines.core/Editor/LookDev/Icons/d_Rotation.png using Guid(abc6ce87642c5c1478a4b107d1c5688a) (TextureImporter) -> (artifact id: '2e02b8b9857d0f85586ce7d9f639cd41') in 0.0156679 seconds
Start importing Packages/com.unity.collab-proxy/Editor/Assets/Images/iconbrex@2x.png using Guid(ab97695f01bc84c4b93e8440531417e7) (TextureImporter) -> (artifact id: '78945ea3d052944024d29ebf2e66bf5a') in 0.0268749 seconds
Start importing Packages/com.unity.render-pipelines.core/Editor/LookDev/Icons/LeftArrow.png using Guid(aba72f93e9005054dba8cb368c0bf724) (TextureImporter) -> (artifact id: 'ab45be955823b16ac28989279debc359') in 0.0249776 seconds
Start importing Packages/com.unity.inputsystem/InputSystem/Editor/Icons/d_Dpad@2x.png using Guid(ab9b5824ece1d443aa1f3a5672d9da86) (TextureImporter) -> (artifact id: 'dc8aa91db859770b3ef8e89c62219ff2') in 0.027132 seconds
Start importing Packages/com.unity.2d.tilemap/Editor/Icons/Tilemap.ActiveTargetLayers.png using Guid(abbc28ff73b72b1438f893d41ca52fb0) (TextureImporter) -> (artifact id: '86ef511debee26dfbdb3b4a6c28a2227') in 0.0250706 seconds
Start importing Packages/com.unity.timeline/Editor/StyleSheets/Images/DarkSkin/TimelineIconClipIn.png using Guid(ab1e2f0dfb0df5e40bb95359b3d8ed3a) (TextureImporter) -> (artifact id: 'a21e9834ff71def61f10480977c6aae8') in 0.0250343 seconds
Start importing Packages/com.unity.2d.animation/Editor/Assets/EditorIcons/Selected/Copy@3x.png using Guid(bb51334c6930f864abac38001f7bdf6e) (TextureImporter) -> (artifact id: 'dd12815561020f673d7cdfa532e1781d') in 0.0263866 seconds
Start importing Packages/com.unity.ugui/Editor Resources/Textures/btn_AlignMidline_Light.psd using Guid(bb42b2d967d6427983c901a4ffc8ecd9) (TextureImporter) -> (artifact id: 'e75ff28b961f5309520c216915b7c2fa') in 0.0055462 seconds
Start importing Packages/com.unity.inputsystem/InputSystem/Editor/Icons/d_Pen.png using Guid(bb42fb9342e9d4e68b6cf39a2e071d9b) (TextureImporter) -> (artifact id: '65c4a7d2750ef628925fbf854c4dfd09') in 0.0263896 seconds
Start importing Packages/com.unity.2d.animation/Editor/Assets/EditorIcons/Dark/d_Generate_Geometry.png using Guid(bba3ad14ed4c2d64fbd090a846ffaaea) (TextureImporter) -> (artifact id: '62c773ab08bc7886568abe35a1e0d030') in 0.0282118 seconds
Start importing Packages/com.unity.2d.animation/Editor/Assets/EditorIcons/Selected/Weight_Brush@2x.png using Guid(bb668641abe10a64891e26613cf530ee) (TextureImporter) -> (artifact id: 'b2e730c17d10adb0dee341942e380ac4') in 0.0355716 seconds
Start importing Packages/com.unity.collab-proxy/Editor/Assets/Images/d_iconcheckedoutlocaloverlay.png using Guid(bb1928aff4fd4cf44af1f629dc14ef9b) (TextureImporter) -> (artifact id: '4777d51cac5ad0152dea15c3a485e48d') in 0.0346519 seconds
Start importing Packages/com.unity.render-pipelines.core/Editor/Lighting/Icons/LightUnitIcons/CloudySky.png using Guid(bb2cc982d8ff1aa4a9ce5ee5fdb29023) (TextureImporter) -> (artifact id: '7f9ac38c93f807ba8bc5f1247c0b1e9a') in 0.033973 seconds
Start importing Packages/com.unity.render-pipelines.core/Editor/Lighting/Icons/PresetKick_Left.png using Guid(bb3de0f2ada94114cbb7cc74829de16d) (TextureImporter) -> (artifact id: '30912e00a0f9069b59f3309215477dc1') in 0.0205382 seconds
Start importing Packages/com.unity.inputsystem/InputSystem/Editor/Icons/Add Binding@2x.png using Guid(bb5fa99d6e9434c9ebf101c956021ee1) (TextureImporter) -> (artifact id: '0bff70614cdbe39a5a18406f2dc0cba5') in 0.0322207 seconds
Start importing Packages/com.unity.render-pipelines.universal/Textures/BlueNoise256/LDR_LLL1_3.png using Guid(cb76dd40fa7654f9587f6a344f125c9a) (TextureImporter) -> (artifact id: 'b163ee9ab5e9a041a64b4cea08ee3f9b') in 0.041303 seconds
Start importing Packages/com.unity.render-pipelines.core/Editor/LookDev/Icons/d_renderdoc.png using Guid(cbe929948d88af7409a05054bc8187c7) (TextureImporter) -> (artifact id: '0bc3b9441c960a2a8eb1b6b3d127b57f') in 0.0284122 seconds
Start importing Packages/com.unity.render-pipelines.core/Editor/LookDev/Icons/Add.png using Guid(cbaeed03e5416aa4bae23110b63a0c7d) (TextureImporter) -> (artifact id: '8fe0efafe6b2685805c05468c369ffa7') in 0.0263991 seconds
Start importing Packages/com.unity.2d.animation/Editor/Assets/EditorIcons/Light/Generate_Geometry.png using Guid(cbef2434b36ff174a98995b13ef80390) (TextureImporter) -> (artifact id: 'dc49193299f2dacf5465389d39cfc8a1') in 0.0417496 seconds
Start importing Packages/com.unity.timeline/Editor/StyleSheets/Images/Icons/TrackMuteButtonDisabled@2x.png using Guid(db31466324572e740a431e4e0e03a016) (TextureImporter) -> (artifact id: 'e2cad1e2b367eb4721a69d2af212c66e') in 0.042336 seconds
Start importing Packages/com.unity.render-pipelines.core/Editor/Lighting/Icons/LightUnitIcons/ClearSky.png using Guid(db0321d865208c648ae843f39ab69004) (TextureImporter) -> (artifact id: '2e5ae91406e55e919733310e1cc1d235') in 0.0405756 seconds
Start importing Packages/com.unity.timeline/Editor/StyleSheets/Images/Icons/d_TrackRecordButtonDisabled@2x.png using Guid(db15c78579dee4a4db85f392634c8ecc) (TextureImporter) -> (artifact id: 'bfa74428f609a40f3e3e15ed8f198e22') in 0.0220209 seconds
Start importing Packages/com.unity.2d.sprite/Editor/ObjectMenuCreation/DefaultAssets/Textures/SquareWithBorder.png using Guid(db750325989564987a34393247d883b4) (TextureImporter) -> (artifact id: '4af2fe957651307125bb421821ed9e71') in 0.0350067 seconds
Start importing Packages/com.unity.timeline/Editor/StyleSheets/Images/Shared/TimelineBottomShadow.png using Guid(db66ea47c76423f4a881937d34495801) (TextureImporter) -> (artifact id: 'e1cfb6f73ab55bbd3a7768032dc438cb') in 0.0280667 seconds
Start importing Packages/com.unity.2d.animation/Editor/Assets/EditorIcons/Dark/d_Generate_Geometry@4x.png using Guid(db49e13fa9e16dc44b5ffb6bc43d4235) (TextureImporter) -> (artifact id: 'fec2d4bc8f70d5b77d289186e7ab98c7') in 0.0280918 seconds
Start importing Packages/com.unity.render-pipelines.core/Editor/LookDev/Icons/d_Rotation@2x.png using Guid(db7aaa162a1a5a54b826d15b5b20fb06) (TextureImporter) -> (artifact id: '4f554d910e6941d8c954b44b68b482aa') in 0.0172347 seconds
Start importing Packages/com.unity.2d.animation/Editor/Assets/ComponentIcons/Animation.SpriteResolver On.png using Guid(db2b3974aac164565bda03b3e0d93046) (TextureImporter) -> (artifact id: '431e92b6481b450ab020eab0963a65df') in 0.0293001 seconds
Start importing Packages/com.unity.inputsystem/InputSystem/Editor/Icons/d_Button@4x.png using Guid(db3dc7a02ac6d4e90bbe905a44ac265b) (TextureImporter) -> (artifact id: '9b2303e02bf709bda9dbfe8fb568c2ce') in 0.0295427 seconds
Start importing Packages/com.unity.2d.tilemap/Editor/Icons/Tilemap.ShowGrid@2x.png using Guid(db1e8fc8f15be484bb9f866640b84c04) (TextureImporter) -> (artifact id: '314fccfd5c390691a072d440084af3e9') in 0.027551 seconds
Start importing Packages/com.unity.2d.animation/Editor/Assets/EditorIcons/Selected/Edit_Pose@4x.png using Guid(eb81c5f176e01b746be35f0aa3603593) (TextureImporter) -> (artifact id: '542f87699c405bcc838bdbc6db8c830b') in 0.0277683 seconds
Start importing Packages/com.unity.collab-proxy/Editor/Assets/Images/d_iconprivateoverlay@2x.png using Guid(eb56188e070e442c4b93b8856b5c1ab0) (TextureImporter) -> (artifact id: '6b24e64868dad2ad7a7253c2061734ff') in 0.0284121 seconds
Start importing Packages/com.unity.2d.sprite/Editor/ObjectMenuCreation/DefaultAssets/Textures/Circle.png using Guid(ebe73ca9363db456bacf42c025bb4847) (TextureImporter) -> (artifact id: '276fab364dc4d6c028945cd08f92be85') in 0.0258045 seconds
Start importing Packages/com.unity.inputsystem/InputSystem/Editor/Icons/d_Interactive Binding.png using Guid(eb28fd64eacfa495c97193108f1cdf03) (TextureImporter) -> (artifact id: '348f8ea544cfaf5cb6c9a983bcbfc8c9') in 0.0294058 seconds
Start importing Packages/com.unity.collab-proxy/Editor/Assets/Images/iconcheckedoutlocaloverlay.png using Guid(eb591dd22aae343468cc4dd017c550d0) (TextureImporter) -> (artifact id: 'adeaea5f15c2d3780e1a949a1d7b7009') in 0.0318278 seconds
Start importing Packages/com.unity.2d.animation/Editor/Assets/EditorIcons/Dark/d_Parent_Bone@3x.png using Guid(ebda3a880d7c2f14999e6ef07ebbd37d) (TextureImporter) -> (artifact id: 'b2f6af634177add2bc541ea10924dc8c') in 0.0303118 seconds
Start importing Packages/com.unity.collab-proxy/Editor/Assets/Images/iconplasticnotifypendingchanges@2x.png using Guid(eb1c900f0d4a3ee42a9a49630bf88a12) (TextureImporter) -> (artifact id: '39fbd5d919f7363895fa657942abbdcd') in 0.0278524 seconds
Start importing Packages/com.unity.2d.animation/Editor/Assets/EditorIcons/Dark/d_Create_Edge@2x.png using Guid(ebaf5b914f751a142b6851d985adf69d) (TextureImporter) -> (artifact id: 'cea7f6e778a7dc96cdd667c3087668cf') in 0.0291172 seconds
Start importing Packages/com.unity.render-pipelines.core/Editor/Lighting/Icons/LightUnitIcons/d_Shade.png using Guid(fbe2a78a665b37a4c9ec6623f42feb59) (TextureImporter) -> (artifact id: 'bfc9f544ae7917721a3e5a286bdadafc') in 0.0186042 seconds
Start importing Packages/com.unity.ugui/Editor Resources/Textures/SectionHeader_Dark.psd using Guid(fb5730e24283d0c489e5c7d0bee023d9) (TextureImporter) -> (artifact id: '9da7a9d672c089e353d0f893275b0a63') in 0.0067103 seconds
Start importing Packages/com.unity.visualscripting/Graphics/FlowPorts_24x.psd using Guid(fb8aec2313da2234687b591ff0c0e622) (TextureImporter) -> (artifact id: '89745c79ba9c865a32cf9016d7a73eea') in 0.0221966 seconds
Start importing Packages/com.unity.timeline/Editor/StyleSheets/Images/Icons/d_TrackCurvesButtonEnabled.png using Guid(fbcdeb07ee516a64daa01ce462874280) (TextureImporter) -> (artifact id: '97d675c2139c57b337ae80317dd1cca8') in 0.014982 seconds
Start importing Packages/com.unity.collab-proxy/Editor/Assets/Images/hideversioncontrol@2x.png using Guid(fbfdd7d489e0bd54f946ebc8e19db8bd) (TextureImporter) -> (artifact id: '96ec9d13eece18eceace583f18ba649d') in 0.0303469 seconds
Start importing Packages/com.unity.shadergraph/Editor/Resources/GraphView/Nodes/NodeChevronLeft.png using Guid(fb2ebd29216e958449e2ce6f37fde61d) (TextureImporter) -> (artifact id: '5d9a2869192bf1a67e01cd5241f637e6') in 0.0205701 seconds
Start importing Packages/com.unity.render-pipelines.universal/Editor/2D/Resources/LightCapBottomLeft.png using Guid(fb7e2c1cde476854fb7067dcca74511a) (TextureImporter) -> (artifact id: '570dc4ced6c1c086fd4f94ebb7b60f77') in 0.0054149 seconds
Start importing Packages/com.unity.render-pipelines.core/Editor/Lighting/Icons/d_LightPlacement_Icon@2x.png using Guid(fbee1c54ecff3d24e8f34e2bbd19390f) (TextureImporter) -> (artifact id: '525a37fae42c021fd5d988ddd014db4c') in 0.030538 seconds
Start importing Packages/com.unity.2d.psdimporter/Editor/Assets/Icons/Light/Layers Separated@16x.png using Guid(0c6027d31d0b44acbb45af1bcf05e0db) (TextureImporter) -> (artifact id: 'dc86c68859b88fbb86007089eefb8a67') in 0.0308268 seconds
Start importing Packages/com.unity.render-pipelines.core/Editor/Lighting/Icons/LightUnitIcons/d_CloudySky.png using Guid(0c24a3ead3381ee4cb4574c5be266d87) (TextureImporter) -> (artifact id: '7c2a403219e37c048daba3177e5f9119') in 0.028448 seconds
Start importing Packages/com.unity.render-pipelines.core/Editor/Lighting/Icons/LightUnitIcons/d_ExteriorLight@2x.png using Guid(0cd6ad04e58c5e1478f2925fa64f5b57) (TextureImporter) -> (artifact id: '3be8e5a7a8371b7578886dd9b7574d2e') in 0.0143674 seconds
Start importing Packages/com.unity.searcher/Editor/Resources/FlatSkin/SearchSmallDownOff@2x.png using Guid(0c2aa48d028b3134dbbb5ceb57bff5ac) (TextureImporter) -> (artifact id: '62341063513b29712239634ee0244e9f') in 0.0057997 seconds
Start importing Packages/com.unity.collab-proxy/Editor/Assets/Images/d_iconaddedlocal.png using Guid(0c6a2a64ca9f9c946a7dbbd1674cf5bd) (TextureImporter) -> (artifact id: '7364efbee087f829a4dcbbd9b46dea25') in 0.0303551 seconds
Start importing Packages/com.unity.visualscripting/Editor/VisualScripting.Core/IconMap/FlowGraph@32x.png using Guid(0ccb256674ae837499e788d1cca73948) (TextureImporter) -> (artifact id: '4fa00c59bc72e8b8d314450ee7403ecb') in 0.020431 seconds
Start importing Packages/com.unity.2d.animation/Editor/Assets/EditorIcons/Selected/character_Mode@4x.png using Guid(0ccc508108fa6ed4fa11b4a467d7f609) (TextureImporter) -> (artifact id: '26e7c7da967393e5edf791032f9bc561') in 0.0266393 seconds
Start importing Packages/com.unity.render-pipelines.core/Editor/Lighting/Icons/PresetBounce_Left.png using Guid(1c7013643e4df944492a5801199df62a) (TextureImporter) -> (artifact id: 'e60115fc03a623d7671441df3ddc6d59') in 0.0296022 seconds
Start importing Packages/com.unity.render-pipelines.core/Editor/LookDev/Icons/LayoutCustom.png using Guid(1cc4a70085896c04bbfbf60669963fc8) (TextureImporter) -> (artifact id: 'eb5efd1097a076858d7110b5c564a7bc') in 0.0061647 seconds
Start importing Packages/com.unity.inputsystem/InputSystem/Editor/Icons/Orientation@4x.png using Guid(1c751eb104ad5407992e614361d5f81e) (TextureImporter) -> (artifact id: 'a96bc94755f0a399f55ee944da5c5d00') in 0.0288643 seconds
Start importing Packages/com.unity.collab-proxy/Editor/Assets/Images/ArrowCaretLeft.png using Guid(1c16a099b53fd4712b2d4cdb8fecd9f8) (TextureImporter) -> (artifact id: '0d661d220927e8922f93b5eb7bf43e0b') in 0.0297461 seconds
Start importing Packages/com.unity.inputsystem/InputSystem/Editor/Icons/Button@2x.png using Guid(1c37f00575bd6494ea726be5afee89b9) (TextureImporter) -> (artifact id: '0bc2d1a3e6848ad2f1648b3c8cf9de3d') in 0.0310473 seconds
Start importing Packages/com.unity.2d.tilemap/Editor/Icons/d_Tilemap.BrushSettings.png using Guid(1cea3c0d30c40344881603d28240cfd3) (TextureImporter) -> (artifact id: 'ef965e7f63b91a40ec5a7ca528efbcf1') in 0.0332226 seconds
Start importing Packages/com.unity.render-pipelines.universal/Textures/BlueNoise16/L/LDR_LLL1_25.png using Guid(1c3c6d69a645b804fa232004b96b7ad3) (TextureImporter) -> (artifact id: '74fe3c270e01bc319b458959fd211700') in 0.0297224 seconds
Start importing Packages/com.unity.2d.animation/Editor/Assets/EditorIcons/Dark/d_Visibility_Tool@2x 1.png using Guid(1c5db39ecfdc3764c9b3874920a80999) (TextureImporter) -> (artifact id: '5e856f528f4a9b36f8ca6c0cff84125f') in 0.0310904 seconds
Start importing Packages/com.unity.render-pipelines.core/Editor/Icons/MipLevels/RenderGraphViewer/d_Resources@16.png using Guid(2c62c65904d676c489198d40c731befe) (TextureImporter) -> (artifact id: 'de8cf16d99b4ac313dfa97d28c09b232') in 0.0285834 seconds
Start importing Packages/com.unity.timeline/Editor/StyleSheets/Images/Icons/d_TrackLockButtonEnabled@2x.png using Guid(2c85066ea99cfbe4f90294bf295ce543) (TextureImporter) -> (artifact id: 'e62c8cb3b9f9293a3c1b6bd189837969') in 0.0143168 seconds
Start importing Packages/com.unity.multiplayer.center/Editor/MultiplayerCenterWindow/UI/Icons/N4E@2x.png using Guid(2cb589d4e01184d928bb698f06e77561) (TextureImporter) -> (artifact id: '7e747841e4f7348622c0fe48fbea3003') in 0.0181435 seconds
Start importing Packages/com.unity.render-pipelines.universal/Textures/BlueNoise16/L/LDR_LLL1_4.png using Guid(2ca97df9d1801e84a8a8f2c53cb744f0) (TextureImporter) -> (artifact id: '7255361510643fb4a618ef066c5bb786') in 0.026758 seconds
Start importing Packages/com.unity.collab-proxy/Editor/Assets/Images/d_icondeletedremoteoverlay@2x.png using Guid(2cfbf6619eb047545a425e8a31732c83) (TextureImporter) -> (artifact id: '422db59daf5f860c71b999da01610416') in 0.0309049 seconds
Start importing Packages/com.unity.2d.animation/Editor/Assets/EditorIcons/Dark/d_Create_Vertex@4x.png using Guid(2ced226d9df062547882002f633ab6ee) (TextureImporter) -> (artifact id: '9c3e664001ff54e17c403f73b176eb83') in 0.0285879 seconds
Start importing Packages/com.unity.2d.animation/Editor/Assets/EditorIcons/Light/Split_Edge@2x.png using Guid(3c84cd9c7ddd51c4b959d02c41aced07) (TextureImporter) -> (artifact id: '118b9751f3530c5f5a5259c32ef259ab') in 0.0285273 seconds
Start importing Packages/com.unity.collab-proxy/Editor/Assets/Images/d_iconinfobellnotification@2x.png using Guid(3cf8ae89579fd29479f4269d09600e16) (TextureImporter) -> (artifact id: '7102651f9bac7ebb7185af7a7e4ab121') in 0.0259197 seconds
Start importing Packages/com.unity.collab-proxy/Editor/Assets/Images/iconedit.png using Guid(3cbf8d5b4d364724baa11fed1344d029) (TextureImporter) -> (artifact id: '0bbf663a26f7eda12659ce5a719f0e07') in 0.0312208 seconds
Start importing Packages/com.unity.2d.animation/Editor/Assets/ComponentIcons/d_Animation.SpriteResolver@64.png using Guid(4c30b1506cccf4f46952be11e3a98523) (TextureImporter) -> (artifact id: '537e985e40e564683b6feef57f6d442a') in 0.0270462 seconds
Start importing Packages/com.unity.render-pipelines.core/Editor/Icons/MipLevels/d_RenderPipelineResources@32.png using Guid(4c30e5cf9793c0044a32b7aadd4f6f5e) (TextureImporter) -> (artifact id: 'a27e4e5190d91e861268b47e6dc471f3') in 0.0282454 seconds
Start importing Packages/com.unity.collab-proxy/Editor/Assets/Images/exclusionrule@2x.png using Guid(4c635bf514a064e8d9688218d937fe77) (TextureImporter) -> (artifact id: 'fa0641ed6bcc43cd0fabb6209edf7986') in 0.0295937 seconds
Start importing Packages/com.unity.2d.animation/Editor/Assets/ComponentIcons/Animation.SpriteLibrary@2x.png using Guid(4c962e26d197d4a78af313c9eba7f136) (TextureImporter) -> (artifact id: 'a8169b079ebc58f0633f10949abef06e') in 0.0331076 seconds
Start importing Packages/com.unity.shadergraph/Editor/Resources/GraphView/Nodes/NodeChevronDown.png using Guid(4c07dcabd0a45844eb0889811a49b9bf) (TextureImporter) -> (artifact id: 'daae415a34111207b62542b101f23b97') in 0.016238 seconds
Start importing Packages/com.unity.2d.animation/Editor/Assets/ComponentIcons/d_Animation.SpriteResolver@256.png using Guid(4c78d8667944f4116ba9dd56d2219e77) (TextureImporter) -> (artifact id: '07473bace6698bd8ef4735a37cc0c55d') in 0.0315271 seconds
Start importing Packages/com.unity.2d.animation/Editor/Assets/EditorIcons/Light/False.png using Guid(4cbbf7337aa794bf299ec0044983eef2) (TextureImporter) -> (artifact id: '67750037944452da26f00e5fa5f8f5f5') in 0.0271175 seconds
Start importing Packages/com.unity.2d.animation/Editor/Assets/EditorIcons/Light/True@2x.png using Guid(4c4d94ae492994f0ba16cfc5fe59c37d) (TextureImporter) -> (artifact id: 'd1616539d273bbd917a7e5dc2aa0621c') in 0.0277983 seconds
Start importing Packages/com.unity.collab-proxy/Editor/Assets/Images/iconlockedremoteoverlay.png using Guid(4cffcba66879d7a4a9da8554709e9825) (TextureImporter) -> (artifact id: '46c2707893f63567957e7d1949831566') in 0.0180023 seconds
Start importing Packages/com.unity.2d.animation/Editor/Assets/ComponentIcons/Animation.SpriteLibraryVar@128.png using Guid(5c718c499137a4dc48bbf03037c806f6) (TextureImporter) -> (artifact id: '69dde1215e00d79e91753d7ca3a61020') in 0.0268517 seconds
Start importing Packages/com.unity.2d.animation/Editor/Assets/ComponentIcons/Animation.IKManager On@128.png using Guid(5c81e841f99f744f997dfa12ce9c2a82) (TextureImporter) -> (artifact id: '1b0ae790782205269676212ec454cc51') in 0.0300384 seconds
Start importing Packages/com.unity.2d.animation/Editor/Assets/ComponentIcons/Animation.SpriteResolver On@128.png using Guid(5c838469e8ab742f081032f02a904a31) (TextureImporter) -> (artifact id: '8d68f015f62a3534872e402d562443ad') in 0.0302366 seconds
Start importing Packages/com.unity.2d.psdimporter/Editor/Assets/Icons/Light/Layers Collapsed@8x.png using Guid(5c35aefb0965746fc8ade2cd405f2ac7) (TextureImporter) -> (artifact id: 'a92ebec7b48bfcc4a51cc49961d27477') in 0.0325692 seconds
Start importing Packages/com.unity.2d.animation/Editor/Assets/ComponentIcons/d_ErrorIcon_Small.png using Guid(5cc9ffa0f39d24f5ebb62d36675dd296) (TextureImporter) -> (artifact id: 'fa272065b50fa0db5b984581a0a1e712') in 0.031255 seconds
Start importing Packages/com.unity.2d.animation/Editor/Assets/ComponentIcons/Animation.SpriteLibrary@32.png using Guid(5c6d7a5595d5b4713980d6a92eb6fced) (TextureImporter) -> (artifact id: '5b37c70da8fb31840a0b3854f16d5f94') in 0.0205399 seconds
Start importing Packages/com.unity.2d.animation/Editor/Assets/ComponentIcons/Animation.SpriteSkin@128.png using Guid(5caee0ba7342b4b2cacdbe0e6030c7b0) (TextureImporter) -> (artifact id: 'ce7a7b20568d545b166b468a0ad50409') in 0.0296998 seconds
Start importing Packages/com.unity.render-pipelines.universal/Textures/FilmGrain/Large02.png using Guid(5cdee82a77d13994f83b8fdabed7c301) (TextureImporter) -> (artifact id: '159af045b0b0bc1432aec7e5922ef988') in 0.0330993 seconds
Start importing Packages/com.unity.inputsystem/InputSystem/Editor/Icons/Dpad@3x.png using Guid(6c1147159d9dc42948601b29dfc9a40c) (TextureImporter) -> (artifact id: 'f3b55d51b8dfde54e0fa85bb8f5b9b81') in 0.0277732 seconds
Start importing Packages/com.unity.2d.tilemap/Editor/Icons/d_Tilemap.FocusGrid@2x.png using Guid(6c05763976bcac64ebefb1f097e6ef84) (TextureImporter) -> (artifact id: 'd6434429e84a58e48531502289425208') in 0.1573288 seconds
Start importing Packages/com.unity.timeline/Editor/StyleSheets/Images/Shared/TimelineGroupBackground.png using Guid(6ca5daa3415451940921fa7e2c3db9e8) (TextureImporter) -> (artifact id: '8be7aa7d87931b65a3dd39786ebd78f0') in 0.4830955 seconds
Start importing Packages/com.unity.2d.animation/Editor/Assets/EditorIcons/Selected/Copy@2x.png using Guid(6cc5103edc9f0dd4f80e8274c73dfeac) (TextureImporter) -> (artifact id: 'acad5ff3ef18e8ad40ab8124ca90048c') in 0.3796684 seconds
Start importing Packages/com.unity.render-pipelines.core/Editor/Lighting/Icons/PresetRim_Left.png using Guid(6cec6e582e857c24bb9432ed7ff629f8) (TextureImporter) -> (artifact id: '4d62bad7d64c6578f3ca62b2a2b37d55') in 0.0945251 seconds
Start importing Packages/com.unity.2d.tilemap/Editor/Icons/Tilemap.DefaultBrush@4x.png using Guid(6ccf4234805f2d049a6869c33213ff65) (TextureImporter) -> (artifact id: '0172df5ff5fee7d461a2bb498d098fc8') in 0.0354243 seconds
Start importing Packages/com.unity.2d.animation/Editor/Assets/EditorIcons/Selected/Sprite_Influence@3x.png using Guid(7ce16c63ba627427cab935593c090e34) (TextureImporter) -> (artifact id: 'e02bbab4c0d944bc25879dd7d2add643') in 0.0276966 seconds
Start importing Packages/com.unity.render-pipelines.universal/Textures/BlueNoise16/L/LDR_LLL1_3.png using Guid(7ce2118f74614a94aa8a0cdf2e6062c3) (TextureImporter) -> (artifact id: 'f03a34bdce0f318dae277280d2df5303') in 0.0299608 seconds
Start importing Packages/com.unity.timeline/Editor/StyleSheets/Images/Icons/TrackAvatarButtonDisabled@2x.png using Guid(7c05578092876a0458b8b480269aef86) (TextureImporter) -> (artifact id: 'cbb97d194f42388cc07231b94e098afd') in 0.0309961 seconds
Start importing Packages/com.unity.timeline/Editor/StyleSheets/Images/Icons/d_TimelineEditModeMixON.png using Guid(7c681ffb5a436684fa3e98a9b66775c0) (TextureImporter) -> (artifact id: 'c1af068f92b76099034d54ebf0e31d51') in 0.0174408 seconds
Start importing Packages/com.unity.render-pipelines.universal/Editor/2D/Resources/PixelPerfectCamera.png using Guid(7cba34d70552e144586a4d3ce4a33de5) (TextureImporter) -> (artifact id: 'bf8293209ae804b4e2964c2cff973745') in 0.0063519 seconds
Start importing Packages/com.unity.2d.animation/Editor/Assets/ComponentIcons/d_Animation.SpriteLibrary@128.png using Guid(7c1d940f1184e44269a954817b343570) (TextureImporter) -> (artifact id: '5983097c179db8738df8c640fe6f5546') in 0.0303532 seconds
Start importing Packages/com.unity.render-pipelines.core/Editor/Icons/MipLevels/RenderGraphViewer/Resources@32.png using Guid(8c00ff63cd786b34685fe28d9d37c2b9) (TextureImporter) -> (artifact id: 'cffb1f050bbcb93d687fd5146b7defbf') in 0.0283713 seconds
Start importing Packages/com.unity.2d.animation/Editor/Assets/EditorIcons/Dark/d_Edit_Joints.png using Guid(8c3235661573d7b44bd864536f83d0ea) (TextureImporter) -> (artifact id: 'bc72673d2f0e1c18c3cb14e2717b31c5') in 0.0309427 seconds
Start importing Packages/com.unity.2d.animation/Editor/Assets/EditorIcons/Dark/d_Visibility_Tool 1.png using Guid(8ce57331a725cc74d84af900f8f3c641) (TextureImporter) -> (artifact id: '2388727debd6ecd33c54f323970a43e6') in 0.0272068 seconds
Start importing Packages/com.unity.render-pipelines.core/Editor/LookDev/Icons/d_Duplicate@2x.png using Guid(8ca869dd944d5f54e9ec614b26f10dcb) (TextureImporter) -> (artifact id: 'd62148aa83ca4a0863379915e6ec668d') in 0.0162914 seconds
Start importing Packages/com.unity.render-pipelines.core/Editor/LookDev/Icons/d_LayoutCustom.png using Guid(8c3a606a4a147a34c952b98bf038c662) (TextureImporter) -> (artifact id: '44bd7d20e336c6f45c9563d12906d012') in 0.0056161 seconds
Start importing Packages/com.unity.2d.tilemap/Editor/Icons/d_Tilemap.EditPalette@2x.png using Guid(8cbab190b527bd44e8bf5afbc79095e8) (TextureImporter) -> (artifact id: 'd98b823309868788b8e7de00445d4de1') in 0.0324873 seconds
Start importing Packages/com.unity.2d.animation/Editor/Assets/EditorIcons/Dark/d_Visibility_Tool@3x.png using Guid(8c3b52e1fbc36584d802ee0099c48682) (TextureImporter) -> (artifact id: '3638212c841bb1fe38fcb2ee30126936') in 0.0309594 seconds
Start importing Packages/com.unity.render-pipelines.core/Editor/LookDev/Icons/LayoutHorizontal.png using Guid(8ccec084228b3b74a898f38126eb142f) (TextureImporter) -> (artifact id: '29dee463c64e725da2ecf422d4226cc4') in 0.0272988 seconds
Start importing Packages/com.unity.timeline/Editor/StyleSheets/Images/Icons/d_TrackMuteButtonDisabled@2x.png using Guid(9c706019afb28944eb19b500ea0da38c) (TextureImporter) -> (artifact id: '94f839849f1d7b1e2cd60d39b18b1c33') in 0.0161043 seconds
Start importing Packages/com.unity.render-pipelines.core/Editor/LookDev/Icons/d_RenderDoc@2x.png using Guid(9c63b51755ec8c845b857cc73a35d606) (TextureImporter) -> (artifact id: 'def13cae796efc721baaaa47f2a141d3') in 0.0193897 seconds
Start importing Packages/com.unity.2d.animation/Editor/Assets/ComponentIcons/d_Animation.SpriteLibraryManager.png using Guid(9ca415e19264343fda4eee42c9a3452c) (TextureImporter) -> (artifact id: '9fb21604a963689a864a23f5a7022115') in 0.0286845 seconds
Start importing Packages/com.unity.2d.psdimporter/Editor/Assets/Icons/Dark/Layers Separated@1x.png using Guid(9c68e002c59804ee7973df039508cc37) (TextureImporter) -> (artifact id: '4dd3280d917dbbd2d890319dd8f2b269') in 0.0314851 seconds
Start importing Packages/com.unity.collab-proxy/Editor/Assets/Images/step1.png using Guid(9ce84ff0fdeb13d4a83f077d075dd9a5) (TextureImporter) -> (artifact id: 'fb53a70dec0e0305ae0ee5ed50e62260') in 0.0311525 seconds
Start importing Packages/com.unity.2d.animation/Editor/Assets/ComponentIcons/Animation.SpriteLibrary@64.png using Guid(9c7af1d0200fc4bbc8276e459fa2d906) (TextureImporter) -> (artifact id: 'ae987b19f4bdf8c07f6a03c6ffc8535a') in 0.0315248 seconds
Start importing Packages/com.unity.2d.tilemap/Editor/Icons/d_Tilemap.EditPalette@4x.png using Guid(9c4b584fdcc16e84391e2a1f5235a9d3) (TextureImporter) -> (artifact id: '7b4431528cef46b6133622f916af37a0') in 0.0281381 seconds
Start importing Packages/com.unity.2d.tilemap/Editor/Icons/EditorUI.TargetHover@4x.png using Guid(9cdb1d83bdac1554287041973d268c1d) (TextureImporter) -> (artifact id: '55473718e849134f3f7737b476684783') in 0.0304482 seconds
Start importing Packages/com.unity.timeline/Editor/StyleSheets/Images/Icons/d_TrackRecordButtonDisabled.png using Guid(9c6daec86666cbb4b9e558b839a103db) (TextureImporter) -> (artifact id: '3dac7b17a0ecc57f72f5e3fd0a94ed9c') in 0.0068035 seconds
Start importing Packages/com.unity.render-pipelines.core/Editor/LookDev/Icons/d_LayoutHorizontal@2x.png using Guid(9cad92999ddfa304495b735a55c78329) (TextureImporter) -> (artifact id: 'f2d764826396dd8283d35e714550ae52') in 0.0183213 seconds
Start importing Packages/com.unity.collab-proxy/Editor/Assets/Images/d_iconclosebutton.png using Guid(9cadde7a0d5f9024ab3f2cd5f6a740d6) (TextureImporter) -> (artifact id: 'ca1604dfacf2450c36bba31d38e8ea80') in 0.029703 seconds
Start importing Packages/com.unity.timeline/Editor/StyleSheets/Images/Icons/d_TrackMuteButtonEnabled.png using Guid(ac5017dfbeee42347b3b45ecc572674e) (TextureImporter) -> (artifact id: '8edc0f8eddeb19b206c6b35962c099d4') in 0.0171285 seconds
Start importing Packages/com.unity.inputsystem/InputSystem/Editor/Icons/Pen@4x.png using Guid(acf10446fff184bb98db6350c2c43148) (TextureImporter) -> (artifact id: 'c82abe76d7dcdf028c3bad26523bd3b7') in 0.0282577 seconds
Start importing Packages/com.unity.render-pipelines.core/Editor/Icons/MipLevels/d_Volume@64.png using Guid(aca45e74fd5117e499180b8f31d39395) (TextureImporter) -> (artifact id: '4c5a49ac72579c1ea1ad7474224a339c') in 0.0301181 seconds
Start importing Packages/com.unity.2d.animation/Editor/Assets/EditorIcons/Selected/Weight_Slider@4x.png using Guid(ac47ed8ccc79cf04dae198b9cc5b3a6f) (TextureImporter) -> (artifact id: 'b3c711d899ae29180728f990feb6847c') in 0.0290507 seconds
Start importing Packages/com.unity.render-pipelines.core/Editor/Lighting/Icons/LightUnitIcons/d_ExteriorLight.png using Guid(acd8a3fb93bb04b4db467ca2090011ae) (TextureImporter) -> (artifact id: '6621f1bde58f09757b723e2548b46560') in 0.0161402 seconds
Start importing Packages/com.unity.2d.animation/Editor/Assets/EditorIcons/Dark/d_Visibility_Tool.png using Guid(ac4a94776fb2dd74a910bef3649b5c84) (TextureImporter) -> (artifact id: '389892021113e8a5b7e74c47805b9a45') in 0.0223705 seconds
Start importing Packages/com.unity.render-pipelines.core/Editor/Lighting/Icons/LightUnitIcons/DecorativeLight@2x.png using Guid(ac6bd7230f54da84b8ad3a0e2b14b3d9) (TextureImporter) -> (artifact id: 'fe50c29847d99f47b4463f4a602de905') in 0.0176056 seconds
Start importing Packages/com.unity.inputsystem/InputSystem/Editor/Icons/d_Position@4x.png using Guid(ac4c5ccb2785f4460b2dcfe47010c688) (TextureImporter) -> (artifact id: '10f32dff2ec5fed0ec48819e0c6598db') in 0.03011 seconds
Start importing Packages/com.unity.2d.animation/Editor/Assets/ComponentIcons/Animation.SpriteLibraryManager On@64.png using Guid(ac5de94053f294b929e8105eced63bbe) (TextureImporter) -> (artifact id: '05d685618bb8092b2b547c1629ace2cb') in 0.0302658 seconds
Start importing Packages/com.unity.collab-proxy/Editor/Assets/Images/d_inclusionrule@2x.png using Guid(bcc1ec3ffeb1c46f7abd19daa3e05f49) (TextureImporter) -> (artifact id: '5f57c33210d73b818cc7c185f6b495d0') in 0.0300068 seconds
Start importing Packages/com.unity.render-pipelines.core/Editor/Icons/MipLevels/Volume@128.png using Guid(bcac3edca050cd043be3942131c59be3) (TextureImporter) -> (artifact id: '536a4a951d60e6a0d0024f2bc2bdf8f6') in 0.0337612 seconds
Start importing Packages/com.unity.2d.sprite/Editor/ObjectMenuCreation/DefaultAssets/Textures/9-SlicedWithBorder.png using Guid(cc35afd292fc349128b36a291fb3a165) (TextureImporter) -> (artifact id: '0bb7dc55af835fb4992510bef756f14f') in 0.0319933 seconds
Start importing Packages/com.unity.render-pipelines.core/Editor/LookDev/Icons/d_Remove@2x.png using Guid(cc27e95868ab32345b74b8338c01ebed) (TextureImporter) -> (artifact id: '1e1c39a78bbcff8027a8e6ff3057eb91') in 0.0190318 seconds
Start importing Packages/com.unity.2d.psdimporter/Editor/Assets/Icons/Dark/Layers Mixed@16x.png using Guid(cce85e132a43842a09301fd497983f25) (TextureImporter) -> (artifact id: 'efa7c82046e0624a59d69cc23f3f4d5d') in 0.0311875 seconds
Start importing Packages/com.unity.render-pipelines.core/Editor/LookDev/Icons/d_SunPosition.png using Guid(cc99218b39d91f84e9a26fac406c07e7) (TextureImporter) -> (artifact id: '98eafc67c11d9a79f868277297470e56') in 0.0290569 seconds
Start importing Packages/com.unity.2d.animation/Editor/Assets/EditorIcons/Selected/d_Visibility_Tool.png using Guid(cc4d24c10deda874e9f3470976b7d396) (TextureImporter) -> (artifact id: 'b9c44e362942e02c3bf54fb3a02f864b') in 0.0286406 seconds
Start importing Packages/com.unity.2d.animation/Editor/Assets/ComponentIcons/d_Animation.SpriteLibraryVar@256.png using Guid(cc7d2cf7748504544a90f45ddac4dc80) (TextureImporter) -> (artifact id: '02775a4ddf58ea80913c833adbfdb065') in 0.0331193 seconds
Start importing Packages/com.unity.2d.animation/Editor/Assets/ComponentIcons/Animation.IKCCD On@64.png using Guid(cc7e65fd16d39483aa18d865a68e9451) (TextureImporter) -> (artifact id: '4a40a7c18d9263ee55cf026d5b4d944f') in 0.0294707 seconds
Start importing Packages/com.unity.multiplayer.center/Editor/MultiplayerCenterWindow/UI/Icons/CustomNetcode.png using Guid(dce12af736e0a4a1ba35d6424f897dc9) (TextureImporter) -> (artifact id: '19b01a74e71e952a4c9fa2473414ad8e') in 0.030852 seconds
Start importing Packages/com.unity.2d.animation/Editor/Assets/EditorIcons/Dark/d_Weight_Slider.png using Guid(dce15ef65ee3c394cb6cc78d4d70b6d9) (TextureImporter) -> (artifact id: 'e50c49fa680a23d4693a275b210c07b3') in 0.0311017 seconds
Start importing Packages/com.unity.collab-proxy/Editor/Assets/Images/iconplasticview.png using Guid(dcb2ee37925b97e438ae244996d81a55) (TextureImporter) -> (artifact id: 'd8e44eb38e30ac75785d521bba310fa6') in 0.0293882 seconds
Start importing Packages/com.unity.collab-proxy/Editor/Assets/Images/d_iconoutofsyncoverlay.png using Guid(dc633de6e6e7415448c7568418239a9d) (TextureImporter) -> (artifact id: '4a25f50ac392a8a36ee9361b78f35e28') in 0.0257031 seconds
Start importing Packages/com.unity.2d.animation/Editor/Assets/EditorIcons/Selected/character_Mode@3x.png using Guid(dcea51d6065d64246aeec467afeff684) (TextureImporter) -> (artifact id: 'b55bdea8e7256a67c8aea03a091d0aac') in 0.0295073 seconds
Start importing Packages/com.unity.2d.psdimporter/Editor/Assets/Icons/Light/Layers Collapsed@2x.png using Guid(dc4d4d6503a044f85bf2b8b356dfb738) (TextureImporter) -> (artifact id: '5fec10f17c6a23a0243fdd5363522a6b') in 0.0297231 seconds
Start importing Packages/com.unity.2d.animation/Editor/Assets/EditorIcons/Selected/d_Visibility_Hidded@3x.png using Guid(dc1f494fe190bd54bb487d11e639d5fc) (TextureImporter) -> (artifact id: '119d2bb6bfafd9c5915ccf214ee03b47') in 0.0311574 seconds
Start importing Packages/com.unity.2d.animation/Editor/Assets/EditorIcons/Light/Weight_Slider@3x.png using Guid(ec8214d7d416a8746bb342b71e8e4269) (TextureImporter) -> (artifact id: '54eda754d71ab8686b41bf2025a4b0e0') in 0.0308194 seconds
Start importing Packages/com.unity.2d.animation/Editor/Assets/EditorIcons/Light/Visibility_Tool@3x.png using Guid(ec23e33668eecff4aaec16f735dcc204) (TextureImporter) -> (artifact id: 'c007c196a267e3051f4e34eae589405e') in 0.0305664 seconds
Start importing Packages/com.unity.2d.animation/Editor/Assets/EditorIcons/Dark/d_Sprite_Influence.png using Guid(eca47b8e551b04a0e8adc931893c60f4) (TextureImporter) -> (artifact id: '82548482099096a1cea8072e3b6a5aa2') in 0.0336201 seconds
Start importing Packages/com.unity.inputsystem/InputSystem/Editor/Icons/InputControl.png using Guid(ec85de66fa5b64dd984fdcc82f8f92b3) (TextureImporter) -> (artifact id: '490909b7341743aca7cc42eff6d02b00') in 0.0310376 seconds
Start importing Packages/com.unity.collab-proxy/Editor/Assets/Images/d_hideversioncontrol.png using Guid(ec597fbbebec64e4f8725c31ce52fdb7) (TextureImporter) -> (artifact id: '6603ac8345cbe5af56dd55abaa2d74e2') in 0.02831 seconds
Start importing Packages/com.unity.render-pipelines.core/Editor/Icons/RenderGraphViewer/MemorylessTexture@2x.png using Guid(ec3a3173916c141d8962a4466c366be6) (TextureImporter) -> (artifact id: 'ced534d11c8d27b723f363f8c8761142') in 0.0286045 seconds
Start importing Packages/com.unity.ugui/Editor Resources/Gizmos/TMP - Sprite Asset Icon.psd using Guid(ec7c645d93308c04d8840982af12101e) (TextureImporter) -> (artifact id: '5019163a9106cc515f738a0940735ada') in 0.0068979 seconds
Start importing Packages/com.unity.render-pipelines.universal/Editor/2D/Resources/Cinemachine.png using Guid(ec2f01df0bb1bfe459b5562a9e71c8d4) (TextureImporter) -> (artifact id: 'ede13f4d657590daaed474c2d5ae8ae3') in 0.0077533 seconds
Start importing Packages/com.unity.2d.animation/Editor/Assets/EditorIcons/Light/Warning.png using Guid(ecff197e49b7c4a8c8431746d97f9b2d) (TextureImporter) -> (artifact id: '767ee949fba3798febff61466ad60ef9') in 0.0308693 seconds
Start importing Packages/com.unity.render-pipelines.core/Editor/LookDev/Icons/d_CenterLight.png using Guid(fca3bc21b4600e04faaddb69c5fad81e) (TextureImporter) -> (artifact id: 'be3a40468abcb89143c1ad451ca1ee05') in 0.0055341 seconds
Start importing Packages/com.unity.2d.animation/Editor/Assets/ComponentIcons/d_Animation.SpriteLibraryManager@128.png using Guid(fc88c9e07aafe4904bd795a8dfa811f2) (TextureImporter) -> (artifact id: 'a787493cd8f1fb9ef11d867ff12bbe07') in 0.0209436 seconds
Start importing Packages/com.unity.inputsystem/InputSystem/Editor/Icons/d_Joystick@3x.png using Guid(fcaa0d99df7c74f52afaa17a375dd393) (TextureImporter) -> (artifact id: '47718cb61a875ba6d7ba084177b5fc89') in 0.0271911 seconds
Start importing Packages/com.unity.2d.animation/Editor/Assets/EditorIcons/Dark/d_Mesh@2x.png using Guid(fc8dcc4a15d828e4686470389805489c) (TextureImporter) -> (artifact id: '3f9206394a6e5a2f3f68d4892a4819aa') in 0.0286362 seconds
Start importing Packages/com.unity.2d.animation/Editor/Assets/EditorIcons/Dark/d_Bone.png using Guid(fc2eaf4b0441b7645960252182c27446) (TextureImporter) -> (artifact id: '6ad9c5820c556551ad4e02b3e2a57404') in 0.0306826 seconds
Start importing Packages/com.unity.2d.animation/Editor/Assets/EditorIcons/Light/Parent_Bone@2x.png using Guid(fc9e5a25e0610a347b46fd10daa3f0cd) (TextureImporter) -> (artifact id: '573c9e38b4e96e5423fc6bb223b455b4') in 0.0283231 seconds
Start importing Packages/com.unity.collab-proxy/Editor/Assets/Images/iconignoredoverlay@2x.png using Guid(fcbeb36f6ab89fb498ccbbc3bc2ef51c) (TextureImporter) -> (artifact id: '9efcdcdaf363faad5f1d113181e33907') in 0.029999 seconds
Start importing Packages/com.unity.render-pipelines.universal/Textures/BlueNoise16/L/LDR_LLL1_11.png using Guid(fc3fa8f108657e14486697c9a84ccfc5) (TextureImporter) -> (artifact id: '27066f502962f6fbf8c408386fc35a5d') in 0.0310821 seconds
Start importing Packages/com.unity.2d.sprite/Editor/ObjectMenuCreation/DefaultAssets/Textures/IsometricDiamondWithBorder.png using Guid(0d267bc78a0864eb48358689b29ed20a) (TextureImporter) -> (artifact id: '3a9f8a3893e4724d129e0574358b1e2f') in 0.0310901 seconds
Start importing Packages/com.unity.2d.animation/Editor/Assets/EditorIcons/Light/Create_Edge@3x.png using Guid(0da63bf69e254aa4a83c345c3de497c8) (TextureImporter) -> (artifact id: 'c4dcedf7422da82d92b1043263f4fae3') in 0.026897 seconds
Start importing Packages/com.unity.render-pipelines.core/Editor/LookDev/Icons/d_Duplicate.png using Guid(0d692588b1d40e9429620400bd5efe63) (TextureImporter) -> (artifact id: 'a9cad23c49b02ebefffa27cfd2466378') in 0.0238964 seconds
Start importing Packages/com.unity.inputsystem/InputSystem/Editor/Icons/d_ChevronDown@4x.png using Guid(0de917098a5b848b1a371e570928ce10) (TextureImporter) -> (artifact id: '3b95806bde8f2939388c31149dc28377') in 0.0153003 seconds
Start importing Packages/com.unity.ugui/Editor Resources/Textures/btn_AlignCapLine.psd using Guid(0d9a36012a224080966c7b55896aa0f9) (TextureImporter) -> (artifact id: '7d2332acd44796d1b9ff3dff2395ce26') in 0.0054032 seconds
Start importing Packages/com.unity.collab-proxy/Editor/Assets/Images/iconundo@2x.png using Guid(0dfbb2b6ddcdd254da80e3418498b3a6) (TextureImporter) -> (artifact id: '5943074f171f306ea3ec6ef6e48e9fa6') in 0.1874385 seconds
Start importing Packages/com.unity.render-pipelines.core/Editor/Lighting/Icons/d_LightPlacement_Icon On.png using Guid(1d70e8f2a6df91f46a8e5b4f2378c8bc) (TextureImporter) -> (artifact id: '2cdfc6c94d9bc2ad17273fe9a778d9f5') in 0.2035188 seconds
Start importing Packages/com.unity.collab-proxy/Editor/Assets/Images/d_iconpackageupdateavailable.png using Guid(1dc16508006061742a802767b556accc) (TextureImporter) -> (artifact id: 'afc6caa08b26918eaa139eb32cbedeef') in 0.325185 seconds
Start importing Packages/com.unity.2d.animation/Editor/Assets/EditorIcons/Selected/Edit_Pose@2x.png using Guid(1da4b8d35afa8314198e7b69dc383431) (TextureImporter) -> (artifact id: '0b4a426f48c751756ff9c2d3c08ebe24') in 0.3255204 seconds
Start importing Packages/com.unity.render-pipelines.core/Editor/Lighting/Icons/LightUnitIcons/MediumAreaLight@2x.png using Guid(1dea3362fb2f72d46b7e3351a7e12ccf) (TextureImporter) -> (artifact id: '88801d9a248620eaa040c50e3a31b133') in 0.0777795 seconds
Start importing Packages/com.unity.render-pipelines.core/Editor/Lighting/Icons/PresetRim_Right.png using Guid(1deb07c84dc414b4388bf2970d0c9aef) (TextureImporter) -> (artifact id: 'db44af269c92bacbdab772cc58ec1acb') in 0.0413491 seconds
Start importing Packages/com.unity.2d.tilemap/Editor/Icons/d_Tilemap.FocusTilemap@2x.png using Guid(1d8efe8a75b351d4d9aa8b28ddf93196) (TextureImporter) -> (artifact id: 'aef4157eb51f8b2c3f392f70d16c450c') in 0.0238006 seconds
Start importing Packages/com.unity.multiplayer.center/Editor/MultiplayerCenterWindow/UI/Icons/NoNetcode.png using Guid(1daed49eec0f94f7ebb36dfef6159884) (TextureImporter) -> (artifact id: 'e115cffebef4048440cd9d6ae00421f9') in 0.0234118 seconds
Start importing Packages/com.unity.2d.tilemap/Editor/Icons/d_Tilemap.ShowGrid@4x.png using Guid(2d35623559ffd044682af7e09affdcc8) (TextureImporter) -> (artifact id: 'a07fc85cfbafe93c58f027075a1f0416') in 0.0255495 seconds
Start importing Packages/com.unity.2d.animation/Editor/Assets/EditorIcons/Light/Mesh@3x.png using Guid(2d95cf258837ba44896030e25b9f2dd7) (TextureImporter) -> (artifact id: '3f22fe3fe8d470f7491ff08b3bd365d9') in 0.0252701 seconds
Start importing Packages/com.unity.2d.tilemap/Editor/Icons/d_Tilemap.ShowTilePalette@4x.png using Guid(2d8829bed74ac1940856f77a49d02bfb) (TextureImporter) -> (artifact id: '95df51e7e75c4d4915d7d21de52dddd1') in 0.0246428 seconds
Start importing Packages/com.unity.2d.animation/Editor/Assets/EditorIcons/Dark/d_Edit_Geometry@2x.png using Guid(2d2e8c77fdf4f364c83224444f65fb4d) (TextureImporter) -> (artifact id: '13249618419de536fe1a594958cb0a31') in 0.0256998 seconds
Start importing Packages/com.unity.2d.animation/Editor/Assets/EditorIcons/Light/Weight_Brush@4x.png using Guid(3dd5e5c693a816e4f96b869f6465955b) (TextureImporter) -> (artifact id: '7b85216a05390210573350ce9d9c9a59') in 0.0231334 seconds
Start importing Packages/com.unity.timeline/Editor/StyleSheets/Images/DarkSkin/TimelineMarkerItemSelected.png using Guid(3dd65256ca8837544b3e738c0d3ee0e2) (TextureImporter) -> (artifact id: '2016d103322e062d0cd266f8835bd135') in 0.0245384 seconds
Start importing Packages/com.unity.collab-proxy/Editor/Assets/Images/d_icondeletedremoteoverlay.png using Guid(3de8a0634e55df8499c88204001cb0dd) (TextureImporter) -> (artifact id: 'e5790cd9ce54adbef68229e6d2b5e931') in 0.0231013 seconds
Start importing Packages/com.unity.render-pipelines.universal/Editor/ShaderGraph/GraphTemplates/UITKFullTemplate.png using Guid(3d3db9f7026a8344cbbc2353827bbbc0) (TextureImporter) -> (artifact id: '6ce6eec1363f65134996c39cc102bc01') in 0.1146776 seconds
Start importing Packages/com.unity.inputsystem/InputSystem/Editor/Icons/d_Add Binding@2x.png using Guid(3d7dc8d6b9a96490b9aa433645712fdf) (TextureImporter) -> (artifact id: 'e19644a1b02e552f4947f7ff7ffc2830') in 0.0237032 seconds
Start importing Packages/com.unity.2d.animation/Editor/Assets/ComponentIcons/Animation.SpriteLibraryManager@256.png using Guid(3d9fb59c1fa00406ab971588842aa368) (TextureImporter) -> (artifact id: '1ed874c5def4e8c59f462361e166e925') in 0.027786 seconds
Start importing Packages/com.unity.collab-proxy/Editor/Assets/Images/d_icondeletedlocaloverlay.png using Guid(4da274d970a82a943ae3979e7833f3dd) (TextureImporter) -> (artifact id: 'd743f9ff91069543ae2391435fa72d97') in 0.0248509 seconds
Start importing Packages/com.unity.collab-proxy/Editor/Assets/Images/d_iconchangesets.png using Guid(4da398eacd0c045bebf576a9f11339b0) (TextureImporter) -> (artifact id: '8254cede0f36625f143b56ad9f58c961') in 0.0239778 seconds
Start importing Packages/com.unity.2d.animation/Editor/Assets/ComponentIcons/d_Animation.SpriteLibrary.png using Guid(4d3519975d99540eba1637a8a3e58f11) (TextureImporter) -> (artifact id: '2184c9bb738ee823a544b7a2d80ba0dd') in 0.0231962 seconds
Start importing Packages/com.unity.render-pipelines.core/Editor/LookDev/Icons/d_Layout1@2x.png using Guid(4de5e4f3717b2c548bd8b90b6c628b2f) (TextureImporter) -> (artifact id: '2f4c172f73cabbe0f692c6a54786e2b4') in 0.0155039 seconds
Start importing Packages/com.unity.render-pipelines.core/Editor/Lighting/Icons/PresetBounce_Right.png using Guid(4dac1eeb02c481340801b3ac458b2976) (TextureImporter) -> (artifact id: '3ac1ab93fd0faeb746da32fad0dcc1eb') in 0.0259446 seconds
Start importing Packages/com.unity.render-pipelines.universal/Textures/BlueNoise16/L/LDR_LLL1_15.png using Guid(4dcc0502f8586f941b5c4a66717205e8) (TextureImporter) -> (artifact id: '4bafd65f7dc2d9387d4b5a4a5e50f93a') in 0.0247094 seconds
Start importing Packages/com.unity.2d.animation/Editor/Assets/EditorIcons/Light/Split_Edge@3x.png using Guid(4d2d8fb4fc2041441980b4ec253532b0) (TextureImporter) -> (artifact id: '0c219e485320166750e02fa854b85332') in 0.0256466 seconds
Start importing Packages/com.unity.collab-proxy/Editor/Assets/Images/d_iconoutofsyncoverlay@2x.png using Guid(4d7e6e570e9d65a4c9a994783a0652e2) (TextureImporter) -> (artifact id: 'ec4540cfa6e79bbbeab43f68ebd36474') in 0.0247988 seconds
Start importing Packages/com.unity.inputsystem/InputSystem/Editor/Icons/Gamepad@2x.png using Guid(4defb5292901c41f29313d9c9c87a7eb) (TextureImporter) -> (artifact id: 'c95fe90f838e9985638fce5024a8a4f7') in 0.0262146 seconds
Start importing Packages/com.unity.2d.animation/Editor/Assets/EditorIcons/Selected/character_Mode@2x.png using Guid(5d52b20f865aff242bfcb08c3b6f61a5) (TextureImporter) -> (artifact id: '10cef3e8586370a5c58f71bfffd6f21e') in 0.024875 seconds
Start importing Packages/com.unity.2d.tilemap/Editor/Icons/Tilemap.TilePalette@2x.png using Guid(5d83937eb3ca95047b4e0e43aac5e962) (TextureImporter) -> (artifact id: '190a78e5ba29da227772f90759b5f0e0') in 0.0252613 seconds
Start importing Packages/com.unity.2d.animation/Editor/Assets/EditorIcons/Dark/d_Edit_Pose@2x.png using Guid(5df5eccb22181f040836da1ea19743e8) (TextureImporter) -> (artifact id: 'd32f0f443578c0d169f73a2873c91471') in 0.0235648 seconds
Start importing Packages/com.unity.inputsystem/InputSystem/Editor/Icons/d_ChevronDown@3x.png using Guid(5d96795fd770f47d69d997b053532730) (TextureImporter) -> (artifact id: 'a1a6f2acd223ae7dc028ccdecce33081') in 0.0180837 seconds
Start importing Packages/com.unity.collab-proxy/Editor/Assets/Images/d_hideversioncontrol@2x.png using Guid(5de67bf0a3c601f4bab93b4fd3314ab1) (TextureImporter) -> (artifact id: 'e8d21a267a33e18d719a8c49b1424c29') in 0.0239376 seconds
Start importing Packages/com.unity.render-pipelines.core/Editor/Icons/MipLevels/VolumeProfile@256.png using Guid(5d574cebaf0c0a34aa93a406ad65a61b) (TextureImporter) -> (artifact id: '766277821fcd693e3aea646480d976a3') in 0.0163889 seconds
Start importing Packages/com.unity.render-pipelines.core/Editor/Lighting/Icons/LightUnitIcons/Overcast@2x.png using Guid(5db8233d631a83f429153aaeb8f8333a) (TextureImporter) -> (artifact id: 'a0a179c1996b81d1502acc5398264b09') in 0.0274723 seconds
Start importing Packages/com.unity.inputsystem/InputSystem/Editor/Icons/d_Stick@2x.png using Guid(5d0b11389336d4b16b96f147c9f912e2) (TextureImporter) -> (artifact id: 'ec9abde63b8e434f1fc0510096ed80c9') in 0.0245284 seconds
Start importing Packages/com.unity.2d.tilemap/Editor/Icons/d_Tilemap.FocusNone.png using Guid(5dfb96fd1c7a1bf4f9f606597de935cf) (TextureImporter) -> (artifact id: '98049e7ad5528f2d41f54be4f03d9f6e') in 0.0285822 seconds
Start importing Packages/com.unity.collab-proxy/Editor/Assets/Images/loading@2x.png using Guid(5dbc069eb79bd4d43840847264d6d956) (TextureImporter) -> (artifact id: '63bd1e42307ee9e5f9a976ed9d69aa5c') in 0.0158716 seconds
Start importing Packages/com.unity.2d.psdimporter/Editor/Assets/Icons/Light/Layers Collapsed@4x.png using Guid(5dbd5be3ef1574c7e97b880d54c1fa76) (TextureImporter) -> (artifact id: '76c419c9368891d0d344098e2d1a6a9c') in 0.0263318 seconds
Start importing Packages/com.unity.timeline/Editor/StyleSheets/Images/Shared/TimelineSeqEnd.png using Guid(5dfe66e61e0d270468ae75349ff3a3eb) (TextureImporter) -> (artifact id: '917742ca178240be3aac4f17dcf42e65') in 0.018442 seconds
Start importing Packages/com.unity.2d.animation/Editor/Assets/EditorIcons/Selected/Paste@4x.png using Guid(5d4fa2fdecdadcb468baaedc792cc439) (TextureImporter) -> (artifact id: '2a2887f92b7f02b5ef6f8e97fc9a4b55') in 0.0193168 seconds
Start importing Packages/com.unity.collab-proxy/Editor/Assets/Images/d_iconundo@2x.png using Guid(6d6088174bb906b49ad8428526ee337b) (TextureImporter) -> (artifact id: '229f1d72522b36eba9aaf6dfac13d000') in 0.02295 seconds
Start importing Packages/com.unity.inputsystem/InputSystem/Editor/Icons/d_Touch@4x.png using Guid(6db042035460c4167a6ab8d1ac3c2681) (TextureImporter) -> (artifact id: 'f1226fb87e937b43bb1bd925969f8618') in 0.0245188 seconds
Start importing Packages/com.unity.timeline/Editor/StyleSheets/Images/Icons/TimelineEditModeReplaceON.png using Guid(6d41c3e8796a4fd4e80840354039e4ac) (TextureImporter) -> (artifact id: '256214c0ce129bdf407c1ad158f22379') in 0.0243791 seconds
Start importing Packages/com.unity.2d.animation/Editor/Assets/EditorIcons/Dark/d_Paste@2x.png using Guid(6de1e8bb25ebf5c44b02b794de99154c) (TextureImporter) -> (artifact id: '928e777a6ecc243960b41ee337751f19') in 0.0256556 seconds
Start importing Packages/com.unity.2d.animation/Editor/Assets/EditorIcons/Dark/d_Visibility_Hidded@3x.png using Guid(6d082a477f1715f498c6a28543125ec8) (TextureImporter) -> (artifact id: '9fb4adb4c6590add148239f37cd91d8d') in 0.0252192 seconds
Start importing Packages/com.unity.2d.animation/Editor/Assets/ComponentIcons/Animation.IKManager@128.png using Guid(6dfa8a4e449dd46479d1788637b70811) (TextureImporter) -> (artifact id: '411586d87b49b095768fbd21e8af6aae') in 0.0263259 seconds
Start importing Packages/com.unity.collab-proxy/Editor/Assets/Images/iconlock.png using Guid(6d3f95684dd634b18aa9ab45b3e06cfd) (TextureImporter) -> (artifact id: '47261fe324738e4986af02d961c5e146') in 0.0240931 seconds
Start importing Packages/com.unity.shadergraph/Editor/Resources/Icons/sg_graph_icon_gray_light.png using Guid(7d62654fc399cc349a1ed7e0eab44ff0) (TextureImporter) -> (artifact id: 'f314a6b681c2b5e09276c75b9fd9cbd7') in 0.0244378 seconds
Start importing Packages/com.unity.2d.psdimporter/Editor/Assets/Icons/Light/Layers Separated@1x.png using Guid(7d9554fa1b4bb4fe9a5b1248eaa02ad1) (TextureImporter) -> (artifact id: '3bfda7c81f5fbd552eb674f8d500e6ca') in 0.0254345 seconds
Start importing Packages/com.unity.timeline/Editor/StyleSheets/Images/LightSkin/TimelineMarkerItemCollapsed.png using Guid(7d4691eba7565c34ab785c00fbc27ff8) (TextureImporter) -> (artifact id: '3bfe651f16e2eefc97d7cd79a008ee18') in 0.01771 seconds
Start importing Packages/com.unity.inputsystem/InputSystem/Editor/Icons/d_Joystick.png using Guid(7d4638131127c4f4382fb36cf16c52fe) (TextureImporter) -> (artifact id: '57557441740d5b25883d79df78059a55') in 0.0181484 seconds
Start importing Packages/com.unity.2d.animation/Editor/Assets/EditorIcons/Light/False@2x.png using Guid(7d6f3490c59314e8f91123fe30ea8b98) (TextureImporter) -> (artifact id: '41aa288db258826826f08bfc96fc24fa') in 0.0225477 seconds
Start importing Packages/com.unity.collab-proxy/Editor/Assets/Images/iconclipboard.png using Guid(8d91317e8f7610f41a30fcb9c0d99196) (TextureImporter) -> (artifact id: '96a157ddd9d9fd154c707cb67d05d216') in 0.0245951 seconds
Start importing Packages/com.unity.shadergraph/Editor/Resources/GraphView/Nodes/PreviewExpand.png using Guid(8df757582ef08984bb6c3510e3a9fd1e) (TextureImporter) -> (artifact id: '70ee7bf39ea698e8a0cc76d060e0093c') in 0.022378 seconds
Start importing Packages/com.unity.render-pipelines.core/Runtime/Sampling/Textures/SobolBlueNoise/SobolOwenScrambled256.png using Guid(8d786511913a2cb4aacb1f9a188652b4) (TextureImporter) -> (artifact id: '3f1db5662740e6dd5682ab25bf5f79ab') in 0.0273982 seconds
Start importing Packages/com.unity.collab-proxy/Editor/Assets/Images/d_iconcheckedoutlocaloverlay@2x.png using Guid(8d98ab6168c3e91439339f1908b8fe97) (TextureImporter) -> (artifact id: 'aeff14597ca17f8f3ab170b6b36d3bc3') in 0.0217482 seconds
Start importing Packages/com.unity.2d.psdimporter/Editor/Assets/Icons/Dark/Layers Mixed@1x.png using Guid(8dbb9f40df36243efaad92ce7cddfc71) (TextureImporter) -> (artifact id: '9ed976c60c75a02b400898822c65b73b') in 0.0230431 seconds
Start importing Packages/com.unity.2d.animation/Editor/Assets/ComponentIcons/d_Animation.IKFabrik@64.png using Guid(8dfc24821a9794200b8d54e906e4b6da) (TextureImporter) -> (artifact id: '4eb244aa2e0fa37f6e692badae39dc3f') in 0.0248425 seconds
Start importing Packages/com.unity.2d.animation/Editor/Assets/EditorIcons/Light/Weight_Brush.png using Guid(9d026c034cfd40746a436496efe2dd7f) (TextureImporter) -> (artifact id: 'b7502ff56c32c11b013e777d64ac861e') in 0.0239111 seconds
Start importing Packages/com.unity.render-pipelines.universal/Textures/BlueNoise16/L/LDR_LLL1_16.png using Guid(9d92991794bb5864c8085468b97aa067) (TextureImporter) -> (artifact id: 'dc78eac98b29e99b4cd29253d953f971') in 0.0242541 seconds
Start importing Packages/com.unity.multiplayer.center/Editor/MultiplayerCenterWindow/UI/Icons/Package.png using Guid(9d9689eab72c8480c90679f4dcf18820) (TextureImporter) -> (artifact id: '0429ae665011e89ad04f19e35326a1f5') in 0.0171595 seconds
Start importing Packages/com.unity.2d.animation/Editor/Assets/EditorIcons/Dark/d_Create_Edge@3x.png using Guid(9d68cf945428ac2448d4c657f30b31cc) (TextureImporter) -> (artifact id: '54e3cd891e832b5dec19ff951ae4c7c0') in 0.0248802 seconds
Start importing Packages/com.unity.render-pipelines.core/Editor/Lighting/Icons/LightPlacement_Icon@256.png using Guid(9d1f3c50fbb907f4fba5095da15f23dc) (TextureImporter) -> (artifact id: 'f0711657424305188404da2d2e2466a4') in 0.016701 seconds
Start importing Packages/com.unity.render-pipelines.core/Runtime/Sampling/Textures/SobolBlueNoise/RankingTile256SPP.png using Guid(adf003e8db5aef64fa57c155f2e599be) (TextureImporter) -> (artifact id: 'dfdc929abbade6ae803e49754f3ceddb') in 0.0272232 seconds
Start importing Packages/com.unity.render-pipelines.core/Editor/Icons/MipLevels/d_RenderPipelineResources@16.png using Guid(adc1ce28e3842cd46b0a08e5ac86a647) (TextureImporter) -> (artifact id: '3598bedb1973b040c741de0ce0f4e130') in 0.0245386 seconds
Start importing Packages/com.unity.2d.tilemap/Editor/Icons/d_Tilemap.ShowGrid.png using Guid(ad72aefbbd03ec744b3cf61cf766d320) (TextureImporter) -> (artifact id: '3381a4bdb8ee554df3490a080a534fb5') in 0.0248291 seconds
Start importing Packages/com.unity.render-pipelines.core/Editor/Resources/Gizmos/ProbeTouchupVolume.png using Guid(adc48c15b6dfb444b865f111178f02ec) (TextureImporter) -> (artifact id: 'bfbe4a17ba5c23ed290ffae17cf8039a') in 0.0066046 seconds
Start importing Packages/com.unity.shadergraph/Editor/Resources/GraphView/Nodes/PreviewCollapse@2x.png using Guid(adc5cc7a4034e1b41b9341fa124ef43d) (TextureImporter) -> (artifact id: '41eb5f2195e132dd50e72953c10534e2') in 0.0261561 seconds
Start importing Packages/com.unity.2d.animation/Editor/Assets/EditorIcons/Selected/Create_Edge.png using Guid(ad7b296d426713b4593ee1a19fcbf9d1) (TextureImporter) -> (artifact id: '713e196b811626fbc0f93597325c9794') in 0.0234724 seconds
Start importing Packages/com.unity.multiplayer.center/Editor/MultiplayerCenterWindow/UI/Icons/CloudCode.png using Guid(ad1d29f4654194951a3c8bf507914d05) (TextureImporter) -> (artifact id: '360d30d1f1f7004ea8d4d5786a94dc1a') in 0.0252594 seconds
Start importing Packages/com.unity.timeline/Editor/StyleSheets/Images/Icons/d_TimelineSignal.png using Guid(ad2e3e92b00839c4e991ca602ef19822) (TextureImporter) -> (artifact id: 'fc6e07b34c286065763d99ea8e420ca1') in 0.0142157 seconds
Start importing Packages/com.unity.render-pipelines.core/Editor/Lighting/Icons/PresetKick_Right.png using Guid(bdb354565d2d91e48a7ffe02442fe226) (TextureImporter) -> (artifact id: '4292bca22a0a52e21c838ba82068c2ad') in 0.0156355 seconds
Start importing Packages/com.unity.render-pipelines.core/Editor/LookDev/Icons/LookDev@2x.png using Guid(bd76726ffb1eb94429fb8143429bd978) (TextureImporter) -> (artifact id: '21d250aa4a31a93f11781d18e63de546') in 0.0254297 seconds
Start importing Packages/com.unity.render-pipelines.core/Editor/Lighting/Icons/LightUnitIcons/VeryBrightSun.png using Guid(bdc9b1177bc1ad84e8532eec9f2dcc13) (TextureImporter) -> (artifact id: 'b5098543ccde5723a6f67d89228ed069') in 0.0051126 seconds
Start importing Packages/com.unity.timeline/Editor/StyleSheets/Images/Icons/TimelineEditModeRippleOFF.png using Guid(bd7b7cac6eb0c3f469781d9a729a1c94) (TextureImporter) -> (artifact id: '36d0d49e6b3e057a678849bbd1f4e0d3') in 0.015461 seconds
Start importing Packages/com.unity.2d.tilemap/Editor/Icons/d_Tilemap.BrushPicks.png using Guid(bdab342e8f290224dbdbc33dd03605c4) (TextureImporter) -> (artifact id: '0ff47553a8b4308bbf29323de17515a8') in 0.0253233 seconds
Start importing Packages/com.unity.2d.psdimporter/Editor/Assets/Icons/Light/Layers Mixed@2x.png using Guid(bd2c5ec8522954323aba72f213024f60) (TextureImporter) -> (artifact id: '6c992a3cc319b51b96ac12b79e48ecfd') in 0.0254633 seconds
Start importing Packages/com.unity.2d.sprite/Editor/ObjectMenuCreation/DefaultAssets/Textures/Capsule.png using Guid(bd3cb4af8406d4436a2ae8c2aafe1f8d) (TextureImporter) -> (artifact id: '939122b30b3618cabbbabdbac27e965c') in 0.0309401 seconds
Start importing Packages/com.unity.render-pipelines.universal/Textures/FilmGrain/Medium04.png using Guid(bd9e8c758250ef449a4b4bfaad7a2133) (TextureImporter) -> (artifact id: '20b043e007420d315f95b5e412d6d93d') in 0.0302524 seconds
Start importing Packages/com.unity.2d.animation/Editor/Assets/EditorIcons/Selected/Paste@2x.png using Guid(cd0250057a3f07346b60675b355c3e06) (TextureImporter) -> (artifact id: '9d14844994c2fedbc1b2c622744dfaa7') in 0.0275495 seconds
Start importing Packages/com.unity.collab-proxy/Editor/Assets/Images/icondeletedlocaloverlay.png using Guid(cd221d2235472c94491e607ae42942dd) (TextureImporter) -> (artifact id: '7fef1c5a80717d6083056aa9538c8329') in 0.0258829 seconds
Start importing Packages/com.unity.render-pipelines.core/Editor/Icons/RenderGraphViewer/MultipleUsage.png using Guid(cd47f6d5edd2c7541a0baf3774a54fdd) (TextureImporter) -> (artifact id: 'f844aee0abb977c9b9a80e85367688c9') in 0.0156701 seconds
Start importing Packages/com.unity.collab-proxy/Editor/Assets/Images/d_step2@2x.png using Guid(cdb88fdb0cf46b244a667edaff21c7df) (TextureImporter) -> (artifact id: '6f2b888dd27e224f5d2f37e69d874ef7') in 0.0190382 seconds
Start importing Packages/com.unity.visualscripting/Graphics/FlowPorts_12x.psd using Guid(cdd996c0455369d40a3c5c465015834f) (TextureImporter) -> (artifact id: '8af04b8dc7beffece1064a6f5e59a94f') in 0.0201065 seconds
Start importing Packages/com.unity.collab-proxy/Editor/Assets/Images/step2.png using Guid(cd0b17b71a5c498428ee91dee8a78a88) (TextureImporter) -> (artifact id: '5cea4991194dd3efe007a93cd5d9eacd') in 0.0284971 seconds
Start importing Packages/com.unity.2d.tilemap/Editor/Icons/EditorUI.Filter.png using Guid(cdccb0d77f2e841e1bc2c5f367d4df33) (TextureImporter) -> (artifact id: '97c7bbc58ecc32ab4be6f8efb5e7db92') in 0.0181437 seconds
Start importing Packages/com.unity.multiplayer.center/Editor/MultiplayerCenterWindow/UI/Icons/Questionnaire.png using Guid(dd70cd654275d47db807e918055e004f) (TextureImporter) -> (artifact id: '41238994c2a83c5ad5940ae029b4d134') in 0.026726 seconds
Start importing Packages/com.unity.2d.tilemap/Editor/Icons/d_EditorUI.TargetHover@4x.png using Guid(dd81f55787e496249bb4111007562ef5) (TextureImporter) -> (artifact id: '88bb85f402b1a507972ccbd4148c08ec') in 0.0274292 seconds
Start importing Packages/com.unity.2d.tilemap/Editor/Icons/d_Tilemap.FocusTilemap@4x.png using Guid(dd62c99bd1ab0984da092d3ea327b733) (TextureImporter) -> (artifact id: '1bd9a85c89aec41722cea6418bb680e7') in 0.0280425 seconds
Start importing Packages/com.unity.collab-proxy/Editor/Assets/Images/buttonssosigninemail@2x.png using Guid(ddf2e76e8a1f88f46ae1e42277850b48) (TextureImporter) -> (artifact id: 'ec2a1af75711fb0442c5643886ff2ecb') in 0.0283626 seconds
Start importing Packages/com.unity.2d.animation/Editor/Assets/EditorIcons/Selected/Edit_Geometry@3x.png using Guid(dd736f22fa93fe9468b8b8b405413957) (TextureImporter) -> (artifact id: '79b7f3feea3345e95ca3548a16679e30') in 0.0303265 seconds
Start importing Packages/com.unity.2d.psdimporter/Editor/Assets/Icons/Dark/Layers Collapsed@1x.png using Guid(dd04679f252ec40a8b931fbb52bd3f8b) (TextureImporter) -> (artifact id: '901f974d3496ca2b2309e7e9569c0c02') in 0.029428 seconds
Start importing Packages/com.unity.2d.animation/Editor/Assets/EditorIcons/Dark/d_Sprite_Influence@3x.png using Guid(dd74e4fa4aa2947d6a14ab33d32d7c63) (TextureImporter) -> (artifact id: 'e8b6533061200e7024fea3c636801f24') in 0.0304987 seconds
Start importing Packages/com.unity.collab-proxy/Editor/Assets/Images/buttonhome.png using Guid(dda6504e0e7d670488e2fee625f7da02) (TextureImporter) -> (artifact id: 'baa4aba26b65952bf41d21da1de7b2ab') in 0.0286439 seconds
Start importing Packages/com.unity.render-pipelines.universal/Textures/FilmGrain/Thin02.png using Guid(dd77ffd079630404e879388999033049) (TextureImporter) -> (artifact id: '091439425895ce795b2cf0a74a7014f6') in 0.0335642 seconds
Start importing Packages/com.unity.render-pipelines.core/Editor/Lighting/Icons/LightUnitIcons/InteriorLight.png using Guid(ddbb35633e84dde4a93c6662f696ae4c) (TextureImporter) -> (artifact id: 'e27b7148f49017db8971ebc95933f0af') in 0.0188202 seconds
Start importing Packages/com.unity.2d.animation/Editor/Assets/ComponentIcons/Animation.SpriteSkin@64.png using Guid(dd3db1e5b4263437aa298781bd55d726) (TextureImporter) -> (artifact id: 'f58da01f2b0de0b2380e958168050fe8') in 0.0311569 seconds
Start importing Packages/com.unity.timeline/Editor/StyleSheets/Images/DarkSkin/TimelineHold.png using Guid(ddbd45249a133a846b2f20e39b537565) (TextureImporter) -> (artifact id: 'a39cc5e309da044cac2c61d529835af7') in 0.0213621 seconds
Start importing Packages/com.unity.shadergraph/GraphTemplates/default_masks.png using Guid(dd2e21fb358baa649a7ad7d1d6e722f5) (TextureImporter) -> (artifact id: 'df435dafb2bebe3f7cb87ea13569182b') in 0.0211967 seconds
Start importing Packages/com.unity.render-pipelines.core/Editor/Lighting/Icons/LightUnitIcons/Candlelight.png using Guid(eda062bf16e02ef44a7bf24336ddac6c) (TextureImporter) -> (artifact id: '26dc620cfefa20f9fadd696ee09c7eaf') in 0.0292208 seconds
Start importing Packages/com.unity.2d.animation/Editor/Assets/EditorIcons/Dark/d_Split_Edge@4x.png using Guid(ed130aac49764ad4f9d35454c297b75a) (TextureImporter) -> (artifact id: '1165da127d0e24e9aea4cf89a29ef1e8') in 0.0278537 seconds
Start importing Packages/com.unity.ugui/Editor Resources/Textures/btn_AlignTop_Light.psd using Guid(ed041e68439749a69d0efa0e3d896c2e) (TextureImporter) -> (artifact id: '4e8924e1423eeb510721205cb49c111c') in 0.0068451 seconds
Start importing Packages/com.unity.collab-proxy/Editor/Assets/Images/iconrepository.png using Guid(ed64f3a17f2ede646be21ed6edc9161a) (TextureImporter) -> (artifact id: 'e55282156549957cf7436fde9e59cb54') in 0.0284208 seconds
Start importing Packages/com.unity.timeline/Editor/StyleSheets/Images/LightSkin/TimelineTimeCursor.png using Guid(ed665472b4fee2043a5c1cc802beaa8e) (TextureImporter) -> (artifact id: '137a37a5a81d623491d2c5964a91bab5') in 0.0220823 seconds
Start importing Packages/com.unity.render-pipelines.core/Editor/Icons/RenderGraphViewer/d_AccelerationStructure@2x.png using Guid(ed7bb161ec84da2458e0b8730958a76a) (TextureImporter) -> (artifact id: 'f62dddd77687b7d1d66d43f999937541') in 0.0323675 seconds
Start importing Packages/com.unity.2d.animation/Editor/Assets/EditorIcons/Light/Generate_Weights@3x.png using Guid(ed5ce024c84dbdb42ac5037d03e7c039) (TextureImporter) -> (artifact id: 'ebe0a31f248499ab4b8b5a6421435c46') in 0.0297712 seconds
Start importing Packages/com.unity.2d.animation/Editor/Assets/ComponentIcons/d_Animation.IKManager@128.png using Guid(eddc3b652f54848828296504ee94ec04) (TextureImporter) -> (artifact id: '413e0b358a935fb8f55fbb5dfa1d46e0') in 0.0299264 seconds
Start importing Packages/com.unity.render-pipelines.universal/Textures/BlueNoise16/L/LDR_LLL1_8.png using Guid(ed5ea7ce59ca8ec4f9f14bf470a30f35) (TextureImporter) -> (artifact id: '30bc060fa3a2f6c7a0048cc5961b0128') in 0.0264091 seconds
Start importing Packages/com.unity.timeline/Editor/StyleSheets/Images/Icons/d_TrackAvatarButtonEnabled@2x.png using Guid(fd12dbe3b63ae464f824b4a74c0e1766) (TextureImporter) -> (artifact id: '4513625c581063e9d02cd4dcc76d63b6') in 0.01513 seconds
Start importing Packages/com.unity.2d.animation/Editor/Assets/EditorIcons/Dark/d_EditorUI.Filter@2x.png using Guid(fda2e829442ad4c0d875a0f52dd3a487) (TextureImporter) -> (artifact id: '709880e03f39937464494760e8337807') in 0.028606 seconds
Start importing Packages/com.unity.2d.animation/Editor/Assets/EditorIcons/Dark/d_Weight_Brush@2x.png using Guid(fda4344db9f9d794698ed7487ca53957) (TextureImporter) -> (artifact id: '162da6e274ec4ad76d36ef49e267fc4b') in 0.0277755 seconds
Start importing Packages/com.unity.2d.tilemap/Editor/Icons/EditorUI.TargetHover.png using Guid(fdc8bace2b7ef504d91d22cca2a5d905) (TextureImporter) -> (artifact id: '6961275e3f2674d167f027aed226f38c') in 0.0310392 seconds
Start importing Packages/com.unity.timeline/Editor/StyleSheets/Images/Icons/d_TrackAvatarButtonDisabled@2x.png using Guid(fd194f75fe3d7ca4488fa775ae832fd8) (TextureImporter) -> (artifact id: '925be9090f50abf303f355465ffe732a') in 0.0157287 seconds
Start importing Packages/com.unity.render-pipelines.universal/Textures/FilmGrain/Large01.png using Guid(fd2fd78b392986e42a12df2177d3b89c) (TextureImporter) -> (artifact id: 'b43038a5ca651499d9028a01eb30de0f') in 0.0360189 seconds
Start importing Packages/com.unity.collab-proxy/Editor/Assets/Images/d_iconoutofsync.png using Guid(0e80bd0b4a8196f46acf73711b9505ec) (TextureImporter) -> (artifact id: '8d14f61f1a8883f9e10e59c970611247') in 0.0331437 seconds
Start importing Packages/com.unity.2d.psdimporter/Editor/Assets/Icons/Light/Layers Mixed@8x.png using Guid(0e6407347fc834e6a8b46f9528bcf7b3) (TextureImporter) -> (artifact id: 'e06728cbe4956184059fec744283c2ee') in 0.0325279 seconds
Start importing Packages/com.unity.2d.animation/Editor/Assets/EditorIcons/Light/Create Bones.png using Guid(0e5ae7fe3a07e88429a3e90897c6ab82) (TextureImporter) -> (artifact id: 'f51ac90657a638dbbee0088c9286eb29') in 0.0331204 seconds
Start importing Packages/com.unity.timeline/Editor/StyleSheets/Images/Icons/d_TrackRecordButtonEnabled.png using Guid(0e5ba0f04df278944a8f5a62f64f5aa6) (TextureImporter) -> (artifact id: '6026ceabe5eb90a5cc8554acc38421f2') in 0.0185168 seconds
Start importing Packages/com.unity.2d.animation/Editor/Assets/EditorIcons/Light/Sprite_Influence@4x.png using Guid(0e0d5e38f19194a978d2f42b0b806775) (TextureImporter) -> (artifact id: '11d46b64ae38d028c32168f0726e855c') in 0.0302238 seconds
Start importing Packages/com.unity.collab-proxy/Editor/Assets/Images/iconedit@2x.png using Guid(0e3e607c04fbd4d4090157ea31abb634) (TextureImporter) -> (artifact id: 'eafac2465f657bfb38b350b6972a9f5f') in 0.1239508 seconds
Start importing Packages/com.unity.inputsystem/InputSystem/Editor/Icons/d_ChevronUp@3x.png using Guid(0efecba65ae4341a385cd5d39a2af765) (TextureImporter) -> (artifact id: 'ac13c72204093eae7367a7c106379b17') in 0.423054 seconds
Start importing Packages/com.unity.collab-proxy/Editor/Assets/Images/iconzoomout@2x.png using Guid(1e71b422b557b1247aaf914bb6e9c0c5) (TextureImporter) -> (artifact id: 'bdeac43189acb954013e0e9a10b2e39a') in 0.5771638 seconds
Start importing Packages/com.unity.render-pipelines.core/Editor/Lighting/Icons/LightUnitIcons/MediumAreaLight.png using Guid(1eb691390c444f14bac0868bd61fd451) (TextureImporter) -> (artifact id: '56ce30635e6db312bdd9b832ab2835f6') in 0.0534901 seconds
Start importing Packages/com.unity.2d.animation/Editor/Assets/ComponentIcons/d_Animation.SpriteSkin@256.png using Guid(1e7881f6af9ad4c0eb01def7f1b8a31b) (TextureImporter) -> (artifact id: 'e566fe52e56f6e656f6da2f8b04f44ec') in 0.0405924 seconds
Start importing Packages/com.unity.render-pipelines.core/Editor/Lighting/Icons/LightUnitIcons/DecorativeLight.png using Guid(1e2ae1a12a2a1ff498cab6444b9cd394) (TextureImporter) -> (artifact id: '3b1e07832e91657c2a4b21829e8d149e') in 0.0282925 seconds
Start importing Packages/com.unity.collab-proxy/Editor/Assets/Images/iconplasticnotifyincoming.png using Guid(1e6c9635b80f973488d8335a081c905f) (TextureImporter) -> (artifact id: 'f049dd29d1f8a0f4456d9fb547a44f5e') in 0.0272844 seconds
Start importing Packages/com.unity.2d.animation/Editor/Assets/EditorIcons/Light/Visibility_Tool.png using Guid(1e7c59239d2a59140b34f39ea6d4d44c) (TextureImporter) -> (artifact id: '2b6942d5b6584f16234551ea837526c0') in 0.0289688 seconds
Start importing Packages/com.unity.2d.animation/Editor/Assets/EditorIcons/Dark/d_Bone_Influence@4x.png using Guid(1e0f2b45945c8254abd59f40d783c11f) (TextureImporter) -> (artifact id: 'be6d1adfaaa8a3bb00c0ff28afa0630a') in 0.0272528 seconds
Start importing Packages/com.unity.shadergraph/Editor/Resources/GraphView/Nodes/BlackboardFieldExposed.png using Guid(2e8113252e9a1b245a81dc384ae86446) (TextureImporter) -> (artifact id: '77ab2958390e0c0aebf1c35b72c41a50') in 0.029043 seconds
Start importing Packages/com.unity.2d.tilemap/Editor/Icons/EditorUI.TargetHover@2x.png using Guid(2e12ff2cc7983784eab0dfe0bb7ff17e) (TextureImporter) -> (artifact id: '8c330a66f5675a8357cb62d1b0cc61cf') in 0.0303052 seconds
Start importing Packages/com.unity.render-pipelines.core/Editor/LookDev/Icons/Rotation.png using Guid(2ee66e81975377745aaa59fe11ad374d) (TextureImporter) -> (artifact id: 'edaf10e619d975083a7e2b718cb4cc57') in 0.0175402 seconds
Start importing Packages/com.unity.inputsystem/InputSystem/Editor/Icons/Axis@3x.png using Guid(2e27a82b5cc4e4ef98cbef2d0b324aed) (TextureImporter) -> (artifact id: '51ff722839dce92e6fd23043c9455ad6') in 0.0282583 seconds
Start importing Packages/com.unity.render-pipelines.core/Editor/Icons/MipLevels/d_VolumeProfile@16.png using Guid(2e6a4056f58607f4cb9a7430cffd3cf0) (TextureImporter) -> (artifact id: '239757311722152d5043a8dad8e3fd12') in 0.025216 seconds
Start importing Packages/com.unity.2d.animation/Editor/Assets/EditorIcons/Light/Copy@2x.png using Guid(2e0cf451cb3d56742aad87ea75993209) (TextureImporter) -> (artifact id: '9e6251f0274992152826aa3effd88b39') in 0.026847 seconds
Start importing Packages/com.unity.render-pipelines.core/Editor/Icons/MipLevels/Volume@64.png using Guid(3e1119a71344058429824f48f89db02a) (TextureImporter) -> (artifact id: '8bf9806f6990da0c51da607ec842afed') in 0.0152472 seconds
Start importing Packages/com.unity.ugui/Editor Resources/Gizmos/TMP - Input Field Icon.psd using Guid(3ee40aa79cd242a5b53b0b0ca4f13f0f) (TextureImporter) -> (artifact id: '721dd97e9d8da55538e973695f303bc1') in 0.0064902 seconds
Start importing Packages/com.unity.2d.animation/Editor/Assets/EditorIcons/Dark/d_Split Bones.png using Guid(3e98b5bf8fbc84d4bafe25706ebcde8a) (TextureImporter) -> (artifact id: 'c52828b91fc7c4c7223f27287a9f90e9') in 0.0289662 seconds
Start importing Packages/com.unity.render-pipelines.core/Editor/Icons/MipLevels/Volume@16.png using Guid(3e0af3c90ea2a304c8c241c8fbdce6e5) (TextureImporter) -> (artifact id: '9e619d011c3f853f0c74234ec7719519') in 0.0263229 seconds
Start importing Packages/com.unity.2d.animation/Editor/Assets/ComponentIcons/Animation.SpriteLibraryVar@32.png using Guid(3e3d41c162ad74767b66168d4d94b99c) (TextureImporter) -> (artifact id: 'f8ec5588974db04d6703b87392a0de47') in 0.027719 seconds
Start importing Packages/com.unity.2d.animation/Editor/Assets/EditorIcons/Selected/Weight_Brush@3x.png using Guid(3e6e6fbbd946d0541923f45f4eaa2cf1) (TextureImporter) -> (artifact id: 'b7347bbb4d911d6e583ed9a24198d96f') in 0.0293802 seconds
Start importing Packages/com.unity.2d.tilemap/Editor/Icons/d_Tilemap.GridPaint@4x.png using Guid(4e62fa74d1eac074cac268c2997a658c) (TextureImporter) -> (artifact id: 'b70ce20438b369addb5d176fa017afb7') in 0.0283942 seconds
Start importing Packages/com.unity.2d.animation/Editor/Assets/EditorIcons/Light/Weight_Slider@4x.png using Guid(4e494ad3b858ecf4fab63aae9075d43d) (TextureImporter) -> (artifact id: '058eddba9444af911eca6eed4f251298') in 0.0293059 seconds
Start importing Packages/com.unity.2d.tilemap/Editor/Icons/d_Tilemap.BrushPicks@2x.png using Guid(4e2a3d7e5b5b01843a978d90f553b672) (TextureImporter) -> (artifact id: '193d3fcea2fee2a8da797e7ca1436473') in 0.0281526 seconds
Start importing Packages/com.unity.render-pipelines.core/Editor/Icons/RenderGraphViewer/d_PassInspector@2x.png using Guid(4e0d4fae0554052489fc6918c357d43c) (TextureImporter) -> (artifact id: 'bde2cd3389901c14f2f91a9ea770a7e0') in 0.0322761 seconds
Start importing Packages/com.unity.render-pipelines.core/Editor/Icons/RenderGraphViewer/d_ScriptLink@2x.png using Guid(5e032f76278407d46a6a3dc6ff0bdc36) (TextureImporter) -> (artifact id: '3a54e3f24067756b74a7e263005db1ef') in 0.0347766 seconds
Start importing Packages/com.unity.2d.psdimporter/Editor/Assets/Icons/Selected/Layers Separated@16x.png using Guid(5e2b00fc2e687454b8c7dcf6cb8226d7) (TextureImporter) -> (artifact id: '8ee378527243bd0b2c39a6cf824aa361') in 0.0354769 seconds
Start importing Packages/com.unity.shadergraph/GraphTemplates/Cross Pipeline/TerrainStandardTemplateThumbnail.png using Guid(6e413e07ed366984daa954acc11e85e9) (TextureImporter) -> (artifact id: 'a8da5ba8a24a3b98a04283ebf51b39e1') in 0.0508127 seconds
Start importing Packages/com.unity.inputsystem/InputSystem/Editor/Icons/Touch@4x.png using Guid(6e9283a12f5b74afbba696cbb82f5e7f) (TextureImporter) -> (artifact id: 'b4548301c9c15ed14d6247fdfde70b73') in 0.0241064 seconds
Start importing Packages/com.unity.render-pipelines.core/Editor/Icons/RenderGraphViewer/d_Resources@2x.png using Guid(6eb2e156a8a1f8149b02f135509f10ea) (TextureImporter) -> (artifact id: '44509486a8d487f48143a7f7ba05f875') in 0.024745 seconds
Start importing Packages/com.unity.2d.animation/Editor/Assets/EditorIcons/Light/SetPivot128.png using Guid(6e69868210a834182b29ea52c36a0a52) (TextureImporter) -> (artifact id: '82647f663ff1acc292a270bf6c55e7c0') in 0.0267541 seconds
Start importing Assets/_Project/Resources/Characters/evelyn_shaw.png using Guid(6e999a15fb0739142a16846855f72132) (TextureImporter) -> (artifact id: '7f5f92b8fe1009ae605aa6057a03dfe6') in 0.1688141 seconds
Start importing Packages/com.unity.collab-proxy/Editor/Assets/Images/iconplasticnotifyconflict@2x.png using Guid(6e0a54826ffc3ee46b0aa3e1c1575a69) (TextureImporter) -> (artifact id: '73e761cb798dd020c4d9c2df935f9a60') in 0.0245557 seconds
Start importing Packages/com.unity.2d.animation/Editor/Assets/ComponentIcons/Animation.SpriteResolver On@32.png using Guid(6e2a81314a40c43849866fb7490cb521) (TextureImporter) -> (artifact id: 'c7870b153900747574c073dd606463a3') in 0.0263397 seconds
Start importing Packages/com.unity.render-pipelines.core/Editor/Lighting/Icons/LightUnitIcons/MoonlessNight@2x.png using Guid(6e5a98aaa576d99408eeba30eb91eaba) (TextureImporter) -> (artifact id: '6e0a66d50db006a90a099417be3bfd4e') in 0.0225843 seconds
Start importing Packages/com.unity.render-pipelines.universal/Editor/2D/Resources/InspectorIcons/PointLight.png using Guid(6eaa9958d83ec43499e946a21edba283) (TextureImporter) -> (artifact id: '0f361c3e9af15e2a6ca4a596859ac19c') in 0.0166173 seconds
Start importing Packages/com.unity.2d.animation/Editor/Assets/EditorIcons/Dark/d_Create Bones@3x.png using Guid(6e2c347c12b3fe04b94007ad25ace23a) (TextureImporter) -> (artifact id: '3ba3862a99f2fc16432c7300843df536') in 0.0248761 seconds
Start importing Packages/com.unity.render-pipelines.core/Editor/PostProcessing/LensFlareResource/Flare@2x.png using Guid(6e8cc863e4120a341b5e87a5235120c4) (TextureImporter) -> (artifact id: '5efd3b201d5e67151a4a830f8c76005c') in 0.0144836 seconds
Start importing Packages/com.unity.2d.animation/Editor/Assets/EditorIcons/Dark/d_Paste.png using Guid(7e00d2a7fc6d13b49bacb9663abfa3ae) (TextureImporter) -> (artifact id: 'ca711bf71cec1afeb5c2d7a4ae713138') in 0.0246564 seconds
Start importing Packages/com.unity.render-pipelines.core/Editor/Icons/MipLevels/d_RenderPipelineResources@64.png using Guid(7ef0eb993d6c43645b45ffcf1c0a91f0) (TextureImporter) -> (artifact id: '54b98b6df414c86cef2d41ed0875bb71') in 0.0163047 seconds
Start importing Packages/com.unity.2d.animation/Editor/Assets/ComponentIcons/d_Animation.SpriteLibraryManager@2x.png using Guid(7e3251474ee614d5bba6dfa1affe3e86) (TextureImporter) -> (artifact id: '8d2d81375d12c4f35210a11686473443') in 0.0267744 seconds
Start importing Packages/com.unity.collab-proxy/Editor/Assets/Images/d_loading@2x.png using Guid(7ee48c5fba4919649a8a6094cbead669) (TextureImporter) -> (artifact id: '81ddbca5b2706b33cd68747d682e5f11') in 0.0246059 seconds
Start importing Packages/com.unity.inputsystem/InputSystem/Editor/Icons/Axis.png using Guid(7e853779c8fed4ebf917a0de21c79602) (TextureImporter) -> (artifact id: '24e2edc357ecca8b1b32c790bf1d7827') in 0.0228429 seconds
Start importing Packages/com.unity.shadergraph/Editor/Resources/GraphView/Nodes/NodeChevronLeft@2x.png using Guid(7e575e166832cb7478f6d674d896b778) (TextureImporter) -> (artifact id: 'da7c21b3c44049a7ee3941a5b402bc3d') in 0.0156499 seconds
Start importing Packages/com.unity.2d.animation/Editor/Assets/ComponentIcons/d_Animation.SpriteSkin@64.png using Guid(7ed99b178ead940bf9cc24b0b0213517) (TextureImporter) -> (artifact id: 'abe98144891566dbb3b271a36551cee6') in 0.0244702 seconds
Start importing Packages/com.unity.2d.animation/Editor/Assets/EditorIcons/Dark/d_Create Bones@4x.png using Guid(7e1aff9652c0dac418d9aa42f5f24dc2) (TextureImporter) -> (artifact id: 'ba970ec1c75129d1a3bf1b0d06479e2e') in 0.0254469 seconds
Start importing Packages/com.unity.2d.tilemap.extras/Editor/Brushes/LineBrush/LineBrush@4x.png using Guid(7e9a964572b8d49cb8164bd4b62c92f3) (TextureImporter) -> (artifact id: 'd2e1130a4bc915b3d3e3b6aef73a368c') in 0.0245468 seconds
Start importing Packages/com.unity.visualscripting/Editor/VisualScripting.Core/IconMap/VariablesSaver@32x.png using Guid(8ef7c0fbb1fbcd64e954e5eafe1652ad) (TextureImporter) -> (artifact id: 'b386d157306b913959520ef601e8191e') in 0.0122459 seconds
Start importing Packages/com.unity.2d.animation/Editor/Assets/EditorIcons/Dark/d_Generate_Weights@4x.png using Guid(8e88614a5d2aead4998a8c70955662c6) (TextureImporter) -> (artifact id: '55b7d280dd853f979249c7aeb775057c') in 0.0251677 seconds
Start importing Packages/com.unity.timeline/Editor/StyleSheets/Images/DarkSkin/TimelineKeyframe.png using Guid(8eba099eb091faf419fecdcd5cdabfd7) (TextureImporter) -> (artifact id: '0285f48537318540716a85a3e8218c2e') in 0.0249327 seconds
Start importing Packages/com.unity.collab-proxy/Editor/Assets/Images/exclusionrule.png using Guid(8ebb93c64d7a141569a153a9d4fe9ae2) (TextureImporter) -> (artifact id: '0ac1e46223dca5da15682d85b85da0aa') in 0.0242251 seconds
Start importing Packages/com.unity.collab-proxy/Editor/Assets/Images/ArrowCaretLeft@2x.png using Guid(9e60047ccc6b8422193b170d51796ed2) (TextureImporter) -> (artifact id: 'c629be17d7c481cecf514371c9d00a97') in 0.024771 seconds
Start importing Packages/com.unity.inputsystem/InputSystem/Editor/Icons/Mouse.png using Guid(9eb2b64988cb1443cab6da5dc5300d1c) (TextureImporter) -> (artifact id: 'c0e75d7f540a82d2d95feaf7eafeb723') in 0.0294723 seconds
Start importing Packages/com.unity.timeline/Editor/StyleSheets/Images/Icons/TrackCurvesButtonEnabled@2x.png using Guid(9e541b6dcfb77d34481f69b3d62d0343) (TextureImporter) -> (artifact id: 'e65cc4d601da767faf277b34cf2e6e54') in 0.0269029 seconds
Start importing Packages/com.unity.inputsystem/InputSystem/Editor/Icons/d_Keyboard@3x.png using Guid(9ec4e316700da46b88741a8153b33963) (TextureImporter) -> (artifact id: 'abcbbe21095ffcd51bef44d1e486ad8b') in 0.0247702 seconds
Start importing Packages/com.unity.render-pipelines.core/Editor/Lighting/Icons/LightUnitIcons/d_Fluorescent@2x.png using Guid(9ed59abbb45e72140ae72a33b30ea19e) (TextureImporter) -> (artifact id: '9490a4d27b774247cfb1ebbc4b86e878') in 0.0163107 seconds
Start importing Packages/com.unity.2d.spriteshape/Editor/Handles/ss_playhead.png using Guid(9ea72647c24be493ba6f15a9cd2a24ae) (TextureImporter) -> (artifact id: '2e80d823311aeb34bd8cbfbef955ec88') in 0.0314482 seconds
Start importing Packages/com.unity.inputsystem/InputSystem/Editor/Icons/d_Gamepad@3x.png using Guid(9e882b58df0964f5b90ff99cb481ee79) (TextureImporter) -> (artifact id: 'bad1cb4ff535fc00da6dd937a73c8488') in 0.026202 seconds
Start importing Packages/com.unity.2d.animation/Editor/Assets/ComponentIcons/Animation.IKFabrik On.png using Guid(9efb82d91ad0e4fdfbf6a09635f9d78d) (TextureImporter) -> (artifact id: 'fe33ffa03dfc4f735548aa89c89c820e') in 0.0299833 seconds
Start importing Packages/com.unity.inputsystem/InputSystem/Editor/Icons/Interactive Binding@4x.png using Guid(9e6c9e992a2ee4327bce1d6a8189cedb) (TextureImporter) -> (artifact id: '7deed23b54d7d4518dfc26620283d92f') in 0.0289149 seconds
Start importing Packages/com.unity.2d.animation/Editor/Assets/ComponentIcons/d_Animation.IKManager@256.png using Guid(ae40df8c9f7d34e72ac6a5232cb18366) (TextureImporter) -> (artifact id: '8f0cc06defe45da7222e296f95a726ef') in 0.0348576 seconds
Start importing Packages/com.unity.shadergraph/Editor/Resources/Icons/blackboard@2x.png using Guid(aed2175e23cfe426e8678485b004714e) (TextureImporter) -> (artifact id: '27538cc9f15af30309a9800f87dc909a') in 0.0255841 seconds
Start importing Packages/com.unity.collab-proxy/Editor/Assets/Images/d_iconlockedlocaloverlay@2x.png using Guid(ae53a7884da90e94eb5dfeab594b746c) (TextureImporter) -> (artifact id: '5c23f2c2450ed3821d151768c3d93d73') in 0.0268138 seconds
Start importing Packages/com.unity.2d.animation/Editor/Assets/ComponentIcons/d_Animation.IKCCD@128.png using Guid(aee4d1ab3c8e8444aaeb344c96f2dc3a) (TextureImporter) -> (artifact id: '8032b1b030b5de71220f24b621e9c669') in 0.0310716 seconds
Start importing Packages/com.unity.2d.animation/Editor/Assets/ComponentIcons/Animation.SpriteLibraryManager On.png using Guid(aea51f1a175ef466e95835d2787d061f) (TextureImporter) -> (artifact id: '3a1ca65fc6f1e8405ecbb09299a2b010') in 0.0261358 seconds
Start importing Packages/com.unity.collab-proxy/Editor/Assets/Images/iconplasticnotifyincoming@2x.png using Guid(ae869fe6797f4454cbbf417d87ff637c) (TextureImporter) -> (artifact id: '2ae9a8c85b2da4aa8d13108df55873db') in 0.0265432 seconds
Start importing Packages/com.unity.2d.animation/Editor/Assets/EditorIcons/Light/Generate_Geometry@2x.png using Guid(ae5924760c9fbf54d89df9f13435887e) (TextureImporter) -> (artifact id: '737a6f4ccda70d8d6ffdcffe6f88d0e8') in 0.0269754 seconds
Start importing Packages/com.unity.collab-proxy/Editor/Assets/Images/d_stepok.png using Guid(be423a54b981d38428de82ad12534629) (TextureImporter) -> (artifact id: '64d35bf85ad1c0d2f2d04a063879e513') in 0.026815 seconds
Start importing Packages/com.unity.collab-proxy/Editor/Assets/Images/stepok@2x.png using Guid(be340a165cb9c8d4cb50f1deeb51d4ea) (TextureImporter) -> (artifact id: '8dfb0a79bf7abd175f36217d95ea4e3a') in 0.0311647 seconds
Start importing Packages/com.unity.inputsystem/InputSystem/Editor/Icons/d_Gamepad@2x.png using Guid(bed935caee9524e6780614c2055bfd35) (TextureImporter) -> (artifact id: '17a7ef059203061b636fa80f61d3343d') in 0.0272576 seconds
Start importing Packages/com.unity.collab-proxy/Editor/Assets/Images/ArrowCaretRight@2x.png using Guid(be2e0deab40f1478a99038fcbc19219d) (TextureImporter) -> (artifact id: 'ccc3dee082fb3f521be51ff13d36b33e') in 0.0271007 seconds
Start importing Packages/com.unity.2d.animation/Editor/Assets/ComponentIcons/Animation.SpriteResolver@128.png using Guid(ce009ee7a4fb24c1da2f07064894e6c4) (TextureImporter) -> (artifact id: 'df32600b615187d85bb32ac7eebe13b5') in 0.036423 seconds
Start importing Assets/_Project/Resources/Characters/owen_price.png using Guid(ce1012950040b3c40a51a29cbcfad1ec) (TextureImporter) -> (artifact id: '7e5d04d4efc713583ef9a35e5edc6bec') in 0.1974883 seconds
Start importing Packages/com.unity.2d.tilemap/Editor/Icons/Tilemap.ActiveTargetLayers@4x.png using Guid(ce315ea6e6e86a740b10e02dda0d0e9c) (TextureImporter) -> (artifact id: '029b5338b293f08fc17111b2f9b0cf28') in 0.0325735 seconds
Start importing Packages/com.unity.collab-proxy/Editor/Assets/Images/d_iconlabel@2x.png using Guid(ce435fe40bff4da41aadc577ebfb27d7) (TextureImporter) -> (artifact id: 'd058a0f640f5d8973c930f082ad65b22') in 0.0267374 seconds
Start importing Packages/com.unity.render-pipelines.core/Editor/Lighting/Icons/LightPlacement_Icon@64.png using Guid(ce171bd6b515f1647a9a2c608ff705bb) (TextureImporter) -> (artifact id: '2a57d345c5f566b6f4489fe048bcf0c6') in 0.0243185 seconds
Start importing Assets/_Project/Resources/Characters/adrian_vale.png using Guid(ce48ed9ed0f0a644787db95c9a9d1d88) (TextureImporter) -> (artifact id: 'e8f5e61a646298601228f65382c3edb9') in 0.1820001 seconds
Start importing Packages/com.unity.2d.animation/Editor/Assets/EditorIcons/Light/Bone_Influence@3x.png using Guid(cee9dbe90b270c944ae1dabf41c93b10) (TextureImporter) -> (artifact id: '6c92fb6909b404996aca8efb1693c9f8') in 0.025132 seconds
Start importing Packages/com.unity.inputsystem/InputSystem/Editor/Icons/d_Touch@2x.png using Guid(ceaa885da02f84da195f87de12535da6) (TextureImporter) -> (artifact id: 'e34a0d14d0ed1c633b7430d684a08087') in 0.0167821 seconds
Start importing Packages/com.unity.inputsystem/InputSystem/Editor/AssetEditor/PackageResources/personal/actionTreeBackground.png using Guid(ce5f11cd993284c4f9c54f854bdc8c9c) (TextureImporter) -> (artifact id: '643e9b61a492443006a7368c79f3e65f') in 0.0247941 seconds
Start importing Packages/com.unity.inputsystem/InputSystem/Editor/Icons/d_Orientation@4x.png using Guid(de98baf415a2c4d7dbe0de74cb6e171c) (TextureImporter) -> (artifact id: '37c628fa7e567dc9337f2760bc590146') in 0.0227414 seconds
Start importing Packages/com.unity.render-pipelines.universal/Editor/Gizmos/Camera_Overlay.png using Guid(de8dba0dc20209d4086c0dd93ddf0dd4) (TextureImporter) -> (artifact id: '8953ee9bdb9aef26419afbb7412eda8d') in 0.0069958 seconds
Start importing Packages/com.unity.2d.animation/Editor/Assets/EditorIcons/Dark/d_Visibility_Tool@2x.png using Guid(debf043892056974eaec3b42dfdda5b3) (TextureImporter) -> (artifact id: '2b9a0ca64472158dfb53b9ae5e67a8c6') in 0.0179695 seconds
Start importing Packages/com.unity.ugui/Editor Resources/Gizmos/TMP - Font Asset Icon.psd using Guid(ee148e281f3c41c5b4ff5f8a5afe5a6c) (TextureImporter) -> (artifact id: 'ed4e5906c8b52fa8050754598dd6d2c6') in 0.0061191 seconds
Start importing Packages/com.unity.2d.sprite/Editor/ObjectMenuCreation/DefaultAssets/Textures/HexagonPointTop.png using Guid(eed45a33cd08446c8b88325cf82fc52f) (TextureImporter) -> (artifact id: '58f3406b8c0beedcf756ef9acb4dde62') in 0.0279475 seconds
Start importing Packages/com.unity.2d.animation/Editor/Assets/EditorIcons/Dark/d_Edit_Joints@2x.png using Guid(eecbc6949fc2aac40bfe64caade7a594) (TextureImporter) -> (artifact id: '271cafbaee511a04ead396fd49648648') in 0.0251871 seconds
Start importing Packages/com.unity.collab-proxy/Editor/Assets/Images/buttonssosigninunity@2x.png using Guid(ee8ce5cd9c0883f4182b5cfd43cfd7fe) (TextureImporter) -> (artifact id: '81d68b15deda2f612b97dc2d0dd72217') in 0.0253592 seconds
Start importing Packages/com.unity.2d.spriteshape/Editor/Handles/ss_rightrange.png using Guid(ee5df01235032491c8b180741ea820fe) (TextureImporter) -> (artifact id: '3e35df3805b075cd227e3b7081b0ed46') in 0.0223818 seconds
Start importing Packages/com.unity.2d.animation/Editor/Assets/EditorIcons/Dark/d_Bone@3x.png using Guid(fe145a004cb46de488885e70d26cade0) (TextureImporter) -> (artifact id: 'f82f473bbac2b81792dc504125093fbb') in 0.0258773 seconds
Start importing Packages/com.unity.collab-proxy/Editor/Assets/Images/iconclosebutton@2x.png using Guid(fea4bd4d5cc294ea59798fa81207b6d9) (TextureImporter) -> (artifact id: '6d0babec6987a3abaaf6fc01f2933a3e') in 0.0260129 seconds
Start importing Packages/com.unity.2d.common/Path/Editor/Handles/TangentBroken.png using Guid(fe95aee6edcd44a18bb5f5ff8269e300) (TextureImporter) -> (artifact id: '60233e52e9865eb323377192f30162be') in 0.0249793 seconds
Start importing Packages/com.unity.timeline/Editor/StyleSheets/Images/Icons/TrackLockButtonDisabled.png using Guid(fef7487d8b06bba408f70354e2463ce4) (TextureImporter) -> (artifact id: 'a43a5dec8baeb33ca370e4880ba25dfe') in 0.0261785 seconds
Start importing Packages/com.unity.2d.animation/Editor/Assets/EditorIcons/Selected/SetPivot64.png using Guid(fe3852467ea5e4b488f8c7e0006c970b) (TextureImporter) -> (artifact id: '9a8ab2521f356833471abeb854b50118') in 0.0267752 seconds
Start importing Packages/com.unity.2d.animation/Editor/Assets/EditorIcons/Dark/d_Create Bones@2x.png using Guid(fea84712d555ee04a8147088aad76931) (TextureImporter) -> (artifact id: '6b016f569b941b261e58ac099809b078') in 0.024484 seconds
Start importing Packages/com.unity.2d.tilemap.extras/Editor/Brushes/LineBrush/d_LineBrush@4x.png using Guid(0fe20938402424ba6bc9ee476ff7514e) (TextureImporter) -> (artifact id: '95b8151a910c30e16d6445e7d95cf193') in 0.0250881 seconds
Start importing Packages/com.unity.2d.animation/Editor/Assets/ComponentIcons/d_Animation.SpriteLibraryVar.png using Guid(0f23e3a5939b544a695891ff91d452b7) (TextureImporter) -> (artifact id: '7017acb0e3f7f5474118555eec7cd981') in 0.0225087 seconds
Start importing Packages/com.unity.collab-proxy/Editor/Assets/Images/iconclipboard@2x.png using Guid(0ff35d4ec6d381941bdbe1fb4b6dbceb) (TextureImporter) -> (artifact id: 'ef457ef0663ed738a52c09a858dc5114') in 0.0243601 seconds
Start importing Packages/com.unity.2d.animation/Editor/Assets/EditorIcons/Dark/d_Sprite_Influence@2x.png using Guid(0f26b0f71c3344e8b8838eb64eb7d9e9) (TextureImporter) -> (artifact id: '1c0d4459a10710731b29c8885b7265e4') in 0.2873575 seconds
Start importing Packages/com.unity.2d.animation/Editor/Assets/EditorIcons/Dark/d_Edit_Geometry@3x.png using Guid(0ff8fd73a1ad1284eb30ab319560b4c7) (TextureImporter) -> (artifact id: 'e1e50fdff9c6a8042524b3257df33b29') in 0.3957684 seconds
Start importing Packages/com.unity.shadergraph/GraphTemplates/Cross Pipeline/LitParticleTemplateThumbnail.png using Guid(0f0c228bd0a3835428c403a8d1568ef5) (TextureImporter) -> (artifact id: '7c2272571170bd157733514df8df9677') in 0.5520684 seconds
Start importing Packages/com.unity.timeline/Editor/StyleSheets/Images/Icons/d_TrackRecordButtonEnabled@2x.png using Guid(0f1c9a12872a30f45bab34f536332bb3) (TextureImporter) -> (artifact id: '9683c50c23d37939c0b757f271a8fdb4') in 0.0243994 seconds
Start importing Packages/com.unity.render-pipelines.core/Editor/Lighting/Icons/LightUnitIcons/Shade@2x.png using Guid(1f20ae185bcb2254a844ed304955beb3) (TextureImporter) -> (artifact id: 'e5b64a48e819cb7dd656a33e3c4862e5') in 0.029361 seconds
Start importing Packages/com.unity.2d.sprite/Editor/Assets/SpriteEditorOn@2x.png using Guid(1fb0e05a5ca5a42ba8ffafe439520b8e) (TextureImporter) -> (artifact id: '5fb0636e78878eff513004499c5db581') in 0.0290972 seconds
Start importing Packages/com.unity.2d.animation/Editor/Assets/EditorIcons/Light/Create_Edge@4x.png using Guid(1f21190ca9d1e8540b2a3a2e46002685) (TextureImporter) -> (artifact id: '4acb473ffa3aea0d5b56a08f495ce0b0') in 0.0303 seconds
Start importing Packages/com.unity.2d.psdimporter/Editor/Assets/Icons/Dark/Layers Separated@16x.png using Guid(1f3420e9f7420411a8aac27743b35e29) (TextureImporter) -> (artifact id: 'c376f883f93c6208e4b48b500377f3c7') in 0.032727 seconds
Start importing Packages/com.unity.2d.tilemap/Editor/Icons/d_Grid.FlipX@2x.png using Guid(1f26945e970839e41ba35badd04237ef) (TextureImporter) -> (artifact id: '850deb9dcb29d0139b3825761235bba2') in 0.0290986 seconds
Start importing Packages/com.unity.2d.animation/Editor/Assets/EditorIcons/Dark/d_False@2x.png using Guid(1fa6ee9de92b645ecbf1f64c60b79880) (TextureImporter) -> (artifact id: '861c3b46fcf06e2969ac9927bcee36bd') in 0.0302869 seconds
Start importing Packages/com.unity.timeline/Editor/StyleSheets/Images/Icons/d_TrackCurvesButtonDisabled@2x.png using Guid(1f3ea4caa6e0ec74388e4d7d16690e68) (TextureImporter) -> (artifact id: '4402ff549db72c3dddf198ffb83dd019') in 0.0181 seconds
Start importing Packages/com.unity.2d.animation/Editor/Assets/EditorIcons/Selected/d_Mesh.png using Guid(1f9ef263156323d4dbaab5a1b41a61e6) (TextureImporter) -> (artifact id: 'ca0c086c41cfeac4d5b4f72a4ed65423') in 0.0261672 seconds
Start importing Packages/com.unity.2d.animation/Editor/Assets/EditorIcons/Selected/Split_Edge@2x.png using Guid(2f12c9758dad4e34ea8bc886f1fdb0dd) (TextureImporter) -> (artifact id: '868fe78f90906a4cef8b94a689d8b906') in 0.0272499 seconds
Start importing Packages/com.unity.shadergraph/GraphTemplates/Subgraphs/SmallNoiseMask.tga using Guid(2fe31a8312ab8524ebd8601be367f0c8) (TextureImporter) -> (artifact id: '0541a656c4437c6999a98076c1d665a2') in 0.0293549 seconds
Start importing Packages/com.unity.2d.common/Path/Editor/Handles/ShapeTool.png using Guid(2fd4f13c38edc483ba5fce64269a434a) (TextureImporter) -> (artifact id: 'df0c1d8d961f3c90471e8711fb601eae') in 0.0286401 seconds
Start importing Packages/com.unity.render-pipelines.core/Editor/LookDev/Icons/SunPosition@2x.png using Guid(2f75c34a5bc525545916fb8367422dd0) (TextureImporter) -> (artifact id: '2cb033bd95de7b97f5460130b80f8320') in 0.0181013 seconds
Start importing Packages/com.unity.2d.animation/Editor/Assets/EditorIcons/Dark/d_Visibility_Tool@3x 1.png using Guid(2fe54232a3d87784e804d41060f1cd8e) (TextureImporter) -> (artifact id: '56e353bfebabd2cae8c131fcffa55e2c') in 0.0176556 seconds
Start importing Packages/com.unity.ugui/Editor Resources/Gizmos/TMP - Text Component Icon.psd using Guid(2fd6421f253b4ef1a19526541f9ffc0c) (TextureImporter) -> (artifact id: 'f7b6f73ea6c33c228f602d9b619bad42') in 0.0056679 seconds
Start importing Packages/com.unity.2d.animation/Editor/Assets/EditorIcons/Light/Edit_Joints@2x.png using Guid(2fc7298673dedaa4a9f850a8ca46e299) (TextureImporter) -> (artifact id: '02cc885b17ee149a8ac4c69f8daede9e') in 0.0274513 seconds
Start importing Packages/com.unity.shadergraph/Editor/Resources/Icons/sg_subgraph_icon.png using Guid(2f2e2190c36a7b54295d734e567b3e44) (TextureImporter) -> (artifact id: '2bddc6fe38c16b7034f486224b03fb31') in 0.0154223 seconds
Start importing Packages/com.unity.render-pipelines.core/Editor/LookDev/Icons/LayoutCustom@2x.png using Guid(2fffe801f98fb314484382ea4affcf94) (TextureImporter) -> (artifact id: '082bcf48d481f8b042fef61e7b6a63b4') in 0.0166978 seconds
Start importing Packages/com.unity.collab-proxy/Editor/Assets/Images/d_iconclipboard.png using Guid(3f65802f2a170a145bd30ab3801b8d80) (TextureImporter) -> (artifact id: 'cb4773a03337ae02e7d140b623d7d27b') in 0.0279244 seconds
Start importing Packages/com.unity.multiplayer.center/Editor/MultiplayerCenterWindow/UI/Icons/DedicatedServer.png using Guid(3fe892784421e47f5aa40c2784a6cb3e) (TextureImporter) -> (artifact id: '5def4e19adbe5618860ea6ffdece5e3d') in 0.0271723 seconds
Start importing Packages/com.unity.render-pipelines.core/Editor/Lighting/Icons/LightUnitIcons/d_Candlelight.png using Guid(3f9a63faecec9a34c9ffbfedd9ac5c3b) (TextureImporter) -> (artifact id: 'b77196644e05328c79cfe07ef2249d87') in 0.0272695 seconds
Start importing Packages/com.unity.2d.animation/Editor/Assets/ComponentIcons/d_WarningIcon_Small@2x.png using Guid(3f2d8e263d8314a48a35859e01318f35) (TextureImporter) -> (artifact id: 'ebb23672ce08938dfb2f72e70ac0ec37') in 0.0299295 seconds
Start importing Packages/com.unity.2d.animation/Editor/Assets/ComponentIcons/Animation.IKLimb On.png using Guid(4f5364a9fe7e04741862d2af49136835) (TextureImporter) -> (artifact id: 'd2d2419e8faf5ac707e6e4b46c655630') in 0.0301295 seconds
Start importing Packages/com.unity.render-pipelines.core/Editor/LookDev/Icons/d_Remove.png using Guid(4ff71d806d58fd041be6e55d1d1ca70e) (TextureImporter) -> (artifact id: '7fbcac9eff7daf6e2a0ea8c3784f2a86') in 0.028845 seconds
Start importing Packages/com.unity.multiplayer.center/Editor/MultiplayerCenterWindow/UI/Icons/Check.png using Guid(4f78a544322c742b89e63fb68557b1d2) (TextureImporter) -> (artifact id: '69a7c3cf9d8e0c6926db3a5afe7f881b') in 0.0179592 seconds
Start importing Packages/com.unity.2d.animation/Editor/Assets/EditorIcons/Dark/d_Edit_Pose@4x.png using Guid(4f3a106299767d146975053c7be09b97) (TextureImporter) -> (artifact id: 'a1b985a5666970efc9e2928e7e6e73c0') in 0.0269842 seconds
Start importing Packages/com.unity.timeline/Editor/StyleSheets/Images/Icons/d_TimelineHeaderMarkerIcon.png using Guid(4f8d98ef7dbbe3d469e14c04722cbeed) (TextureImporter) -> (artifact id: '7b41df5c157adf099cfab1b9e382965b') in 0.0195434 seconds
Start importing Packages/com.unity.inputsystem/InputSystem/Editor/Icons/Orientation@3x.png using Guid(5f09d534eb1414449a2758696bd4dd11) (TextureImporter) -> (artifact id: 'e5e02676faf726e8d4c8c162a6c644af') in 0.0353827 seconds
Start importing Packages/com.unity.2d.animation/Editor/Assets/EditorIcons/Selected/Parent_Bone@3x.png using Guid(6f4409ce938bf9447a36e531f7755ca7) (TextureImporter) -> (artifact id: 'f545d8778c84f27162d113cf4be63ed2') in 0.034185 seconds
Start importing Packages/com.unity.timeline/Editor/StyleSheets/Images/Icons/TrackLockButtonDisabled@2x.png using Guid(6fb5cabb85ba3794682b16eba19440cb) (TextureImporter) -> (artifact id: 'ff336b3b3e3c5f6e412a0acca9ae86e5') in 0.030169 seconds
Start importing Packages/com.unity.2d.animation/Editor/Assets/EditorIcons/Selected/Edit_Joints.png using Guid(6fd5a08a269c8544095b5c02ab57696b) (TextureImporter) -> (artifact id: '114f6675f422349236fd957a17722368') in 0.0316665 seconds
Start importing Packages/com.unity.collab-proxy/Editor/Assets/Images/refresh.png using Guid(6f6a4c6bd7cdc654d9d91f7de72afcb6) (TextureImporter) -> (artifact id: '0ac8b708b4de3b2131577c8088e4b557') in 0.0306129 seconds
Start importing Packages/com.unity.timeline/Editor/StyleSheets/Images/Icons/d_TrackLockButtonDisabled@2x.png using Guid(6f0b77e050cdb12478ed9514b3a0e40e) (TextureImporter) -> (artifact id: '434e99ce3c594f03e37a1c363c46ab84') in 0.0149659 seconds
Start importing Packages/com.unity.inputsystem/InputSystem/Editor/Icons/Keyboard@4x.png using Guid(7fc0926499f7a4500b152d45397c44a4) (TextureImporter) -> (artifact id: '8c42c38126d5c94ed92233a97ab7b07f') in 0.028289 seconds
Start importing Packages/com.unity.render-pipelines.universal/Editor/2D/Resources/SceneViewIcons/GlobalLight.png using Guid(7f923c32ff8dfab40b5673135ddb6cd4) (TextureImporter) -> (artifact id: '2f0d77fcdb1d54e6ca47838aa63ca9a8') in 0.0068557 seconds
Start importing Packages/com.unity.2d.animation/Editor/Assets/EditorIcons/Selected/Weight_Slider@2x.png using Guid(7f64a6e091143c0458506b559165cf72) (TextureImporter) -> (artifact id: '56f4a64bf89b56f7984dfc4ed78fca93') in 0.0290185 seconds
Start importing Packages/com.unity.inputsystem/InputSystem/Editor/Icons/Orientation.png using Guid(7fb7b46a8c63948d2b28dc394281bf5a) (TextureImporter) -> (artifact id: '6ada2cd545df3925141c7b77cd8cd84b') in 0.0277641 seconds
Start importing Packages/com.unity.2d.psdimporter/Editor/Assets/Icons/Selected/Layers Collapsed@16x.png using Guid(7ffc8f310c89c47679285e29d8583529) (TextureImporter) -> (artifact id: '519615b787742ffa837f032b1bc30a73') in 0.0291372 seconds
Start importing Packages/com.unity.inputsystem/InputSystem/Editor/Icons/d_ChevronUp.png using Guid(7fad89501bb5c408e956934bf2eb8ae3) (TextureImporter) -> (artifact id: '0418524ced6fdc5b1c152cb5f01e845a') in 0.0191816 seconds
Start importing Packages/com.unity.2d.animation/Editor/Assets/ComponentIcons/Animation.SpriteResolver@256.png using Guid(8f526fff3bebe4808b05f8ae127482f0) (TextureImporter) -> (artifact id: '798779d94c463f47a3d9eed027ea980d') in 0.0323849 seconds
Start importing Packages/com.unity.2d.animation/Editor/Assets/ComponentIcons/Animation.IKLimb@128.png using Guid(8f03a52015a57491094416b25e8e9c18) (TextureImporter) -> (artifact id: '89b49b58ebadbc3da4884d1a1c76576c') in 0.0282052 seconds
Start importing Packages/com.unity.timeline/Editor/StyleSheets/Images/Icons/TimelineEditModeMixOFF.png using Guid(8fca5ed160cdc5440a4c7561db4082b2) (TextureImporter) -> (artifact id: '3e6f2aa9fdc0bce4788ca207e13f7fb2') in 0.027728 seconds
Start importing Packages/com.unity.timeline/Editor/StyleSheets/Images/Icons/TrackRecordButtonEnabled@2x.png using Guid(8fdae4ac756ed6047b01021ff0cc3ebb) (TextureImporter) -> (artifact id: '9791f86f71e7d3a89242368b9bec8c90') in 0.0180408 seconds
Start importing Packages/com.unity.collab-proxy/Editor/Assets/Images/secondarytabclosehover.png using Guid(8fac55fff4ce5fa40a7b2efefc0e617a) (TextureImporter) -> (artifact id: '8c7d3bc95df820e44d2bae4715122ef6') in 0.02723 seconds
Start importing Packages/com.unity.render-pipelines.universal/Editor/2D/Resources/InspectorIcons/GlobalLight.png using Guid(8f5dd14b314efbe4684329d8a14bbe38) (TextureImporter) -> (artifact id: '87693cdce29de9a9dddf69380e7b30ce') in 0.005094 seconds
Start importing Packages/com.unity.2d.animation/Editor/Assets/ComponentIcons/d_Animation.IKCCD.png using Guid(9fa9bae87905c44afb14ac13c8e481d1) (TextureImporter) -> (artifact id: '577e191f8b4d9cee57cf2c9325703d34') in 0.0294449 seconds
Start importing Packages/com.unity.2d.psdimporter/Editor/Assets/Icons/Selected/Layers Mixed@16x.png using Guid(9f3e8a7a640b640feac66da51cc078c5) (TextureImporter) -> (artifact id: '322421e764f8073cfc9feb82c725e550') in 0.0297844 seconds
Start importing Packages/com.unity.2d.animation/Editor/Assets/EditorIcons/Selected/Weight_Slider@3x.png using Guid(af73899d5803d99448134360f184f348) (TextureImporter) -> (artifact id: '6336307ed9a903a047759eb5dd0a0f4a') in 0.0279585 seconds
Start importing Packages/com.unity.2d.animation/Editor/Assets/ComponentIcons/Animation.SpriteLibraryVar@256.png using Guid(af04f3196abef440b94c03fbe3dab00f) (TextureImporter) -> (artifact id: '11523c1ad76f7aaf770ae2614877b741') in 0.0349266 seconds
Start importing Packages/com.unity.timeline/Editor/StyleSheets/Images/DarkSkin/TimelineAutokey@2x.png using Guid(af24c542434a025448222d576f61a956) (TextureImporter) -> (artifact id: '4aae454ce6fea47445acceec92e427b5') in 0.0193803 seconds
Start importing Packages/com.unity.2d.animation/Editor/Assets/ComponentIcons/d_Animation.IKFabrik@128.png using Guid(af77273b34edb4bacbace0efd118bf1a) (TextureImporter) -> (artifact id: 'cd82bf52fba2b77dbb63682b9f46fcc5') in 0.0287667 seconds
Start importing Packages/com.unity.2d.animation/Editor/Assets/EditorIcons/Dark/d_Split Bones@2x.png using Guid(afe7d261eb308984e95ffa8d883fc998) (TextureImporter) -> (artifact id: '6c7ebf6b1eeaaf056b799925709be21f') in 0.0327721 seconds
Start importing Packages/com.unity.2d.animation/Editor/Assets/ComponentIcons/Animation.SpriteSkin On@64.png using Guid(af48269279273434687aeac541f87ca8) (TextureImporter) -> (artifact id: 'ebc353dc4c07f2975cf8fe530bbc6a34') in 0.031884 seconds
Start importing Packages/com.coplaydev.unity-mcp/package-icon.png using Guid(af1923bd273b4ca7b09fab223b543f69) (TextureImporter) -> (artifact id: '4c4e99f78319669bfaaaf27f5f5275de') in 0.029592 seconds
Start importing Packages/com.unity.2d.tilemap.extras/Editor/Brushes/GroupBrush/GroupBrush@4x.png using Guid(af6919a8e471b413bb139793dde211a1) (TextureImporter) -> (artifact id: 'b503bb7da388074471d5c9f2d2b1efe8') in 0.029582 seconds
Start importing Packages/com.unity.timeline/Editor/StyleSheets/Images/LightSkin/TimelineAutokey.png using Guid(af3aec622aef40c45813b39e405966a3) (TextureImporter) -> (artifact id: 'f55289f76eb7aee0b6c719dfe0d4d49d') in 0.0190928 seconds
Start importing Packages/com.unity.collab-proxy/Editor/Assets/Images/ArrowCaretRight.png using Guid(af5dbec545ddf41e7b15fef8a3cfb75b) (TextureImporter) -> (artifact id: 'e03933e676c6983b9c93459a2499f903') in 0.0301024 seconds
Start importing Packages/com.unity.2d.animation/Editor/Assets/ComponentIcons/Animation.IKCCD.png using Guid(affd7e74f3f7b465ea861fbf1651b73b) (TextureImporter) -> (artifact id: 'bc9c419e4fcae89b33b91fbd5beb028c') in 0.0293505 seconds
Start importing Packages/com.unity.collab-proxy/Editor/Assets/Images/step1@2x.png using Guid(affeade9874cf2347abb155e8d0db4d8) (TextureImporter) -> (artifact id: 'ba90965ec17049f42149aae39bafa5f0') in 0.0284522 seconds
Start importing Packages/com.unity.2d.animation/Editor/Assets/EditorIcons/Selected/Weight_Brush.png using Guid(bf734b7184825b040837040cb93a8dc7) (TextureImporter) -> (artifact id: '4a85c459ae545b00df8270ae89916a9f') in 0.0325429 seconds
Start importing Packages/com.unity.collab-proxy/Editor/Assets/Images/iconzoomin.png using Guid(bf9a3e542f66af64a80a6631aa93e516) (TextureImporter) -> (artifact id: 'c34c35e811d7d35b229309086d01ecac') in 0.0306401 seconds
Start importing Packages/com.unity.timeline/Editor/StyleSheets/Images/Icons/TimelineHeaderMarkerIcon.png using Guid(bf1debab21103154b99778ba6e074175) (TextureImporter) -> (artifact id: 'bec8fdec7dde1bba2c00b6afb422d3c9') in 0.0188044 seconds
Start importing Packages/com.unity.render-pipelines.universal/Textures/BlueNoise16/L/LDR_LLL1_12.png using Guid(bfed3e498947fcb4890b7f40f54d85b9) (TextureImporter) -> (artifact id: 'd2400d0dd0c275653b286c092244a768') in 0.0319763 seconds
Start importing Assets/_Project/Resources/Characters/claire_hawthorne.png using Guid(cf30023870b591c4a902a125dd27b549) (TextureImporter) -> (artifact id: '3e5518ebeb461d6c3892489fd0ba2e94') in 0.1809792 seconds
Start importing Packages/com.unity.2d.animation/Editor/Assets/ComponentIcons/Animation.IKLimb.png using Guid(cf11b38b95bcf4dac8b48952d4fd11b8) (TextureImporter) -> (artifact id: '619e007dac9d27fd6f396c0a246df6fe') in 0.0285486 seconds
Start importing Packages/com.unity.render-pipelines.core/Editor/LookDev/Icons/renderdoc.png using Guid(cf13fb90f91d2a545a00591d75b43bd8) (TextureImporter) -> (artifact id: '426d3177cf74c26833dcd719e34a998b') in 0.0318068 seconds
Start importing Packages/com.unity.inputsystem/InputSystem/Editor/AssetEditor/PackageResources/personal/actionTreeBackgroundWithoutBorder.png using Guid(cf632ed80bf1f46c980de6b1b8b903ef) (TextureImporter) -> (artifact id: '786c1aa7ea5cc1ae67251a8de93bf531') in 0.0269315 seconds
Start importing Packages/com.unity.2d.tilemap/Editor/Icons/EditorUI.Target.png using Guid(cf94b5ae9bca88f4a97ce96847235ba3) (TextureImporter) -> (artifact id: '162dd48836b1388d7d893d9160b920a0') in 0.0258924 seconds
Start importing Packages/com.unity.2d.animation/Editor/Assets/ComponentIcons/d_Animation.SpriteLibraryManager@256.png using Guid(cf27adadd6b1f42eebc0e8ab8f0d091d) (TextureImporter) -> (artifact id: '67af7d0a9389a07c3356af870d787a70') in 0.0307445 seconds
Start importing Packages/com.unity.timeline/Editor/StyleSheets/Images/Icons/TrackLockButtonEnabled.png using Guid(cf575301f1e76c4478de0e77db15eba0) (TextureImporter) -> (artifact id: '30922fded22650d781443495c2520588') in 0.0293763 seconds
Start importing Packages/com.unity.2d.animation/Editor/Assets/EditorIcons/Selected/SetPivot256.png using Guid(cf571779d45114b29b2641744a545123) (TextureImporter) -> (artifact id: 'f58da0e93ace63855d0ada5d1e7938a8') in 0.0297445 seconds
Start importing Packages/com.unity.2d.psdimporter/Editor/Assets/Icons/Light/Layers Collapsed@16x.png using Guid(cf195ec1f698d488fb3fdeebc2b3ad33) (TextureImporter) -> (artifact id: 'ec37b5f2150f0fac8e89e831b4efb765') in 0.0288656 seconds
Start importing Packages/com.unity.2d.animation/Editor/Assets/EditorIcons/Light/Sprite_Mode@2x.png using Guid(cfe99a1afb609b4488d6fc9224a62f74) (TextureImporter) -> (artifact id: '8e5b9b8e4021e2326588d50151d7782b') in 0.0285652 seconds
Start importing Packages/com.unity.timeline/Editor/StyleSheets/Images/LightSkin/TimelineAutokey@2x.png using Guid(cf3fbf98d5c3f1941bd9c0256918a4c8) (TextureImporter) -> (artifact id: 'bb3a12fde77bd097496b62d81885a426') in 0.0272808 seconds
Start importing Packages/com.unity.render-pipelines.core/Editor/Lighting/Icons/LightAnchor_Icon.png using Guid(df491817340312f439c32f95902ddee7) (TextureImporter) -> (artifact id: '8de785f65b5e8864624b2043636dc2bb') in 0.0256809 seconds
Start importing Packages/com.unity.render-pipelines.core/Editor/LookDev/Icons/RightArrow.png using Guid(df4dc708bd8692446a6d5c3531ac377b) (TextureImporter) -> (artifact id: '1148846db74d12453ccce2c70922b786') in 0.0291661 seconds
Start importing Assets/TextMesh Pro/Sprites/EmojiOne.png using Guid(dffef66376be4fa480fb02b19edbe903) (TextureImporter) -> (artifact id: '63edc7c2bd1ddba6ab1813c58c9a415c') in 0.0167205 seconds
Start importing Packages/com.unity.2d.animation/Editor/Assets/ComponentIcons/Animation.SpriteLibrary@128.png using Guid(efb08993e46994800a736d1f88e89019) (TextureImporter) -> (artifact id: '123ad8c80a821c8de3a48337c694ce26') in 0.0306855 seconds
Start importing Packages/com.unity.2d.animation/Editor/Assets/EditorIcons/Dark/d_Create_Vertex.png using Guid(efe4b927ec825b242bf70d64c4258c1e) (TextureImporter) -> (artifact id: '749d5e45c624f1dfaeeba6db3e452c43') in 0.0257679 seconds
Start importing Packages/com.unity.render-pipelines.core/Editor/Lighting/Icons/LightPlacement_Icon@16.png using Guid(ef06ba4eb3daf484f8b1a9e1ac266945) (TextureImporter) -> (artifact id: '8639d42c03a6017c3131123a6a18c96a') in 0.0147131 seconds
Start importing Packages/com.unity.2d.animation/Editor/Assets/EditorIcons/Light/Generate_Weights@2x.png using Guid(ef3672bed7321e34da872e8c2e205209) (TextureImporter) -> (artifact id: '7449e05ebba9ddc9e19c523c78dd845a') in 0.0276776 seconds
Start importing Packages/com.unity.collab-proxy/Editor/Assets/Images/iconadd@2x.png using Guid(efa87fc6a7693ac48844726c5391e3ab) (TextureImporter) -> (artifact id: 'e497a7d6b8462594d8100b1b2b3c4880') in 0.0266102 seconds
Start importing Packages/com.unity.2d.animation/Editor/Assets/EditorIcons/Selected/Visibility_Tool@2x.png using Guid(ef9977ed07c438845a52c577f4ffcc3a) (TextureImporter) -> (artifact id: '130fa85b1bfe82b940ca50a908dbdf2d') in 0.0275338 seconds
Start importing Packages/com.unity.2d.tilemap/Editor/Icons/d_EditorUI.Target@2x.png using Guid(efae8c209fe26f541b3d560f2034287d) (TextureImporter) -> (artifact id: '7abc182d43c0d47cf7d1ed1bce3a8094') in 0.0255384 seconds
Start importing Packages/com.unity.2d.animation/Editor/Assets/EditorIcons/Selected/Bone_Influence.png using Guid(ff00345da0563d641903c5bd5bb748a4) (TextureImporter) -> (artifact id: '5dae220d48a2bc5140321d4f1ea7d78b') in 0.0321913 seconds
Start importing Packages/com.unity.2d.tilemap/Editor/Icons/Tilemap.BrushSettings@4x.png using Guid(ff827e3a021bd1b4493ddbcd90ed460f) (TextureImporter) -> (artifact id: '9b7f38997df3634e30500981ce6b8040') in 0.0295494 seconds
Start importing Packages/com.unity.inputsystem/InputSystem/Editor/Icons/TrackedPoseDriver@2x.png using Guid(ff8479815905ce84e9ef610d926f28c8) (TextureImporter) -> (artifact id: 'd72ee9350cfda1b778cb60d4ecc1a919') in 0.0261179 seconds
Start importing Packages/com.unity.2d.tilemap/Editor/Icons/d_Tilemap.FocusGrid@4x.png using Guid(ffc58b5d1d8a6ed489be30f7a1291b1e) (TextureImporter) -> (artifact id: 'f328602582538561a82c543fed310881') in 0.0268903 seconds
Start importing Packages/com.unity.render-pipelines.universal/Textures/BlueNoise16/L/LDR_LLL1_28.png using Guid(ff47e5a0f105eb34883b973e51f4db62) (TextureImporter) -> (artifact id: 'f9f7a55539069605276f2bdb21414d87') in 0.0225223 seconds
Start importing Packages/com.unity.2d.animation/Editor/Assets/EditorIcons/Selected/Sprite_Mode@2x.png using Guid(ff2aa9ebc8aee604caa5f8459ac4ae43) (TextureImporter) -> (artifact id: 'f60b1d5ae2114475be0a569dca476412') in 0.0260264 seconds
Start importing Packages/com.unity.inputsystem/InputSystem/Editor/AssetEditor/PackageResources/green.png using Guid(ffeba93637e654de6a5906b48520dc94) (TextureImporter) -> (artifact id: '3845629d5b871aa39254897ea641b6c0') in 0.0249305 seconds
Start importing Packages/com.unity.render-pipelines.core/Editor/LookDev/Icons/d_LookDev@2x.png using Guid(ffdf80dc342e69344b2dccafe04c30ee) (TextureImporter) -> (artifact id: '125a3a775e74c68897a6af6dbcee42d1') in 0.0240266 seconds
Start importing Packages/com.unity.render-pipelines.core/Runtime/GPUDriven/OcclusionCullingDebugShaderVariables.cs.hlsl using Guid(00f96d87bb315084d89b58bd90c5304a) (ShaderIncludeImporter) -> (artifact id: '200b9e60b9d1347961ff2f9d0d5909f1') in 0.0293034 seconds
Start importing Packages/com.unity.render-pipelines.core/Runtime/GPUDriven/OcclusionTestCommon.hlsl using Guid(1024f2cfcd9723443be47989a040394e) (ShaderIncludeImporter) -> (artifact id: '4fbd482f007b8daccf1511048446913b') in 0.0273578 seconds
Start importing Packages/com.unity.render-pipelines.universal/ShaderLibrary/NormalReconstruction.hlsl using Guid(20013f01a8cbaef4c9545926c27b8d73) (ShaderIncludeImporter) -> (artifact id: '9f4a81eccee92a059d041ae960bd07f1') in 0.0280214 seconds
Start importing Packages/com.unity.render-pipelines.universal/Editor/ShaderGraph/Includes/Varyings.hlsl using Guid(2085a40153652db43a116297c1924476) (ShaderIncludeImporter) -> (artifact id: 'd0003ba4e16dd5dc29a9a311023b8ca1') in 0.0062098 seconds
Start importing Packages/com.unity.render-pipelines.core/ShaderLibrary/API/Validate.hlsl using Guid(30ba55673585a6e4f9afd796eb8b170e) (ShaderIncludeImporter) -> (artifact id: '7ff7c9773558a7df2eae3c89b7be433f') in 0.0302339 seconds
Start importing Assets/TextMesh Pro/Shaders/TMPro.cginc using Guid(407bc68d299748449bbf7f48ee690f8d) (ShaderIncludeImporter) -> (artifact id: '4fb8ed6f82425838084852e59c24c398') in 0.0044299 seconds
Start importing Packages/com.unity.render-pipelines.core/Runtime/ShaderLibrary/Sampling/Hammersley.cs.hlsl using Guid(5060b04656b69294cb1c5d9dc7185ad2) (ShaderIncludeImporter) -> (artifact id: '19f208623878e4987fae8626ec1df2db') in 0.01709 seconds
Start importing Packages/com.unity.shadergraph/Editor/Generation/Targets/BuiltIn/ShaderLibrary/DeclareDepthTexture.hlsl using Guid(5080cbd4eecd4a74b849da7f9b53632b) (ShaderIncludeImporter) -> (artifact id: '707058c823c0f5060dca12b2828c9ba1') in 0.0318584 seconds
Start importing Packages/com.unity.shadergraph/Editor/Generation/Targets/BuiltIn/Editor/ShaderGraph/Includes/UnlitPass.hlsl using Guid(50370b309724a0440808e87f08aed757) (ShaderIncludeImporter) -> (artifact id: 'a902870d79012a924e376fe6a959101c') in 0.018029 seconds
Start importing Packages/com.unity.render-pipelines.core/Runtime/UnifiedRayTracing/Compute/RadeonRays/kernels/aabb.hlsl using Guid(6065e50fcb17cf247938a4f5ed300176) (ShaderIncludeImporter) -> (artifact id: 'de4cb0bac77e1dc33d5153fc181888ca') in 0.1204919 seconds
Start importing Packages/com.unity.render-pipelines.core/Runtime/GPUDriven/InstanceOcclusionCullerShaderVariables.cs.hlsl using Guid(60581e86aa47d834785ca132fc385273) (ShaderIncludeImporter) -> (artifact id: 'ba711ec29549438de294187ede08dd2c') in 0.3746806 seconds
Start importing Packages/com.unity.render-pipelines.universal/Shaders/BakedLitForwardPass.hlsl using Guid(70003ec87ea6481a920369a377c1b623) (ShaderIncludeImporter) -> (artifact id: '43fd09ad54edddb1fb3da29c39dc660e') in 0.5015993 seconds
Start importing Packages/com.unity.shadergraph/ShaderGraphLibrary/ShaderVariablesFunctions.hlsl using Guid(7084c0669cdb2af4ab8c669b3139e0df) (ShaderIncludeImporter) -> (artifact id: '99b6d4961571c1f382558e570b862e11') in 0.0891094 seconds
Start importing Packages/com.unity.render-pipelines.universal/Runtime/RendererFeatures/SurfaceCacheGI/SurfaceCacheCore/PatchUtil.hlsl using Guid(804415e4b1bf68147a30546faefeeb0b) (ShaderIncludeImporter) -> (artifact id: '3409782ff82f50f9dca1350510d6f207') in 0.0165763 seconds
Start importing Packages/com.unity.render-pipelines.core/Runtime/UnifiedRayTracing/FetchGeometry.hlsl using Guid(8089a70b4819c714295530d5e01d5d36) (ShaderIncludeImporter) -> (artifact id: 'f2d72e8002ea7f79091a66ed7472a26b') in 0.0467394 seconds
Start importing Packages/com.unity.render-pipelines.universal/ShaderLibrary/DBuffer.hlsl using Guid(9041fd6e0797cf74a8f08340e6157c0d) (ShaderIncludeImporter) -> (artifact id: 'b029d5fd438e295b17378139da4d3437') in 0.0259582 seconds
Start importing Packages/com.unity.shadergraph/Editor/Generation/Targets/BuiltIn/ShaderLibrary/ShaderTypes.cs.hlsl using Guid(90c38a95e899f254f984aef093366e94) (ShaderIncludeImporter) -> (artifact id: '7b1037aa0564bb1c4f8c1e8b0e0135e3') in 0.0244581 seconds
Start importing Packages/com.unity.render-pipelines.core/ShaderLibrary/Debug.hlsl using Guid(90f3145f58b7eb44cb4252ac2a3ab258) (ShaderIncludeImporter) -> (artifact id: 'f5b988e0707d4b932ffda7e1ccaea7b5') in 0.0253679 seconds
Start importing Packages/com.unity.render-pipelines.core/ShaderLibrary/HDROutput.hlsl using Guid(b06473c622f844540bd141fc0efae169) (ShaderIncludeImporter) -> (artifact id: 'a35aac64096c91582a6e290b0cceb13b') in 0.028023 seconds
Start importing Packages/com.unity.render-pipelines.universal/Shaders/Particles/ParticlesSimpleLitForwardPass.hlsl using Guid(d0ccc42c5a0934462a0ff237772dceff) (ShaderIncludeImporter) -> (artifact id: 'dac9702cdf65791bfb6764afa8e18713') in 0.0283951 seconds
Start importing Packages/com.unity.render-pipelines.universal/Shaders/Terrain/TerrainLitMetaPass.hlsl using Guid(d00e32bd7638d40538d108b4e2581147) (ShaderIncludeImporter) -> (artifact id: '51a6e1daa4a4233f6b3f8fad6c694116') in 0.0222435 seconds
Start importing Packages/com.unity.render-pipelines.core/ShaderLibrary/API/WebGPU.hlsl using Guid(e0badbba7ccb42748817520dc250e720) (ShaderIncludeImporter) -> (artifact id: 'd88fb2f2d9e2be463ba910494a604db1') in 0.0258413 seconds
Start importing Packages/com.unity.shadergraph/Editor/Generation/Targets/BuiltIn/ShaderLibrary/Core.hlsl using Guid(e01bb373f731e2946bb996c6b980c1ab) (ShaderIncludeImporter) -> (artifact id: '2f1c7a85fdc1aafb620ae74c7404aef3') in 0.0142037 seconds
Start importing Packages/com.unity.render-pipelines.universal/Shaders/Utils/FogDeferred.hlsl using Guid(0172f7cbd9e44e8b844a485dbd8e8349) (ShaderIncludeImporter) -> (artifact id: 'd0300505a4d2770e052cc4c51fc8ffc6') in 0.0273032 seconds
Start importing Packages/com.unity.render-pipelines.core/ShaderLibrary/Sampling/SampleUVMappingInternal.hlsl using Guid(01b8f0e33ff01164da19412b5fbdc7d4) (ShaderIncludeImporter) -> (artifact id: 'b3db4251ee50bf482427683d81dfdcec') in 0.0242672 seconds
Start importing Packages/com.unity.render-pipelines.universal/Shaders/Particles/ParticlesSimpleLitInput.hlsl using Guid(01fa3f8c89aa44160b9a735fc22362d0) (ShaderIncludeImporter) -> (artifact id: '2f8c803136dd9b49e9b2aaefa0f69b6f') in 0.025146 seconds
Start importing Packages/com.unity.render-pipelines.core/ShaderLibrary/Random.hlsl using Guid(11914c30949383848ab39385375eff34) (ShaderIncludeImporter) -> (artifact id: '782f9f9e5b2e03acb2bb674d2417edcd') in 0.0265244 seconds
Start importing Packages/com.unity.render-pipelines.universal/Shaders/LitForwardPass.hlsl using Guid(116bd973269b9f741b7177c8523b9e50) (ShaderIncludeImporter) -> (artifact id: 'db0dd0e8869b68637c022675d96e785e') in 0.0254031 seconds
Start importing Packages/com.unity.render-pipelines.core/Runtime/STP/StpCommon.hlsl using Guid(11eb6b38eb2cd494cb1ccc8742453265) (ShaderIncludeImporter) -> (artifact id: 'a9c9ddbcbf7226166ea74236f0376546') in 0.0306212 seconds
Start importing Packages/com.unity.shadergraph/Editor/Generation/Targets/BuiltIn/ShaderLibrary/SurfaceInput.hlsl using Guid(114d56cbf65e5a94ca8aaf64e35d43a9) (ShaderIncludeImporter) -> (artifact id: 'cd9e08cfcc4b5a5a8d39f4c542f7831e') in 0.0274649 seconds
Start importing Packages/com.unity.render-pipelines.universal/ShaderLibrary/Fog.hlsl using Guid(31a96610f8f1dce418026fb1dec1be06) (ShaderIncludeImporter) -> (artifact id: 'e5054d761a88c0a8df13c10c09922c6c') in 0.023164 seconds
Start importing Packages/com.unity.render-pipelines.universal/Shaders/2D/Include/ShapeLightShared.hlsl using Guid(4151cfb2494f10243a255c8a553306e3) (ShaderIncludeImporter) -> (artifact id: '142d7ee5133d1abc9674f8626acd9469') in 0.0273236 seconds
Start importing Packages/com.unity.render-pipelines.universal/ShaderLibrary/ProbeVolumeVariants.hlsl using Guid(4156fde60711cfd4c9cc05a737bd013e) (ShaderIncludeImporter) -> (artifact id: 'b10cf71e97bf2606cc882f73c0903caf') in 0.0260566 seconds
Start importing Packages/com.unity.render-pipelines.universal/ShaderLibrary/VisualEffectVertex.hlsl using Guid(41a9ae1971520f84c89225b0e84299ec) (ShaderIncludeImporter) -> (artifact id: 'bb53964fb9d20a2f4c01189c020a3adb') in 0.0213978 seconds
Start importing Packages/com.unity.render-pipelines.core/Runtime/PostProcessing/HDROutputDefines.cs.hlsl using Guid(413c288ef05043d4285cf0407f8188b9) (ShaderIncludeImporter) -> (artifact id: '627e8592984465763508acb45f33b07a') in 0.0278838 seconds
Start importing Packages/com.unity.render-pipelines.universal/Shaders/Nature/SpeedTree7Input.hlsl using Guid(519469e5f151ddb40a650b66f48175cb) (ShaderIncludeImporter) -> (artifact id: '3bae4d32591754dcf53381557daeef5b') in 0.0276973 seconds
Start importing Packages/com.unity.render-pipelines.universal/ShaderLibrary/Shadows.deprecated.hlsl using Guid(51fae96488b3f402a8abcda4217b37e1) (ShaderIncludeImporter) -> (artifact id: 'b293d4e8ee14b25b7c1dd0bd5a68ba08') in 0.0220657 seconds
Start importing Packages/com.unity.shadergraph/Editor/Generation/Targets/BuiltIn/ShaderLibrary/MetaInput.hlsl using Guid(51db4cfe7bc15d249a840d3643e41b7a) (ShaderIncludeImporter) -> (artifact id: 'e117fe6074bf7eefa199014ec97dddb3') in 0.0259361 seconds
Start importing Packages/com.unity.render-pipelines.core/ShaderLibrary/ThreadingSM6Impl.hlsl using Guid(517e6b6a28d958f4d957127836465b2e) (ShaderIncludeImporter) -> (artifact id: 'cb520658b743619e44daa91015a5f0dc') in 0.0261189 seconds
Start importing Packages/com.unity.render-pipelines.core/ShaderLibrary/Refraction.hlsl using Guid(61125f624d229884d8cff04fc0fceab7) (ShaderIncludeImporter) -> (artifact id: 'ec51dc7961a914dbb702f56003c51c6d') in 0.0237767 seconds
Start importing Packages/com.unity.render-pipelines.universal/ShaderLibrary/DOTS.hlsl using Guid(71338c4661f9c40249e1fdb27df62e92) (ShaderIncludeImporter) -> (artifact id: 'fb071ccf5881156df1b413098a64ede7') in 0.0248417 seconds
Start importing Packages/com.unity.render-pipelines.core/Runtime/UnifiedRayTracing/Compute/ComputeRaygenShader.hlsl using Guid(7176b7aa19c704f439cdab57ccf4bceb) (ShaderIncludeImporter) -> (artifact id: '3b8b03abc6020eb91950649506995728') in 0.0248184 seconds
Start importing Packages/com.unity.render-pipelines.universal/Editor/ShaderGraph/Includes/Terrain/PBRForwardPass.hlsl using Guid(713d6952dfc661f44b856f1bfc9a4880) (ShaderIncludeImporter) -> (artifact id: '7529ed13cdd73ff6b73b931959ce436e') in 0.0050279 seconds
Start importing Packages/com.unity.render-pipelines.core/Runtime/PostProcessing/LensFlareOcclusionPermutation.cs.hlsl using Guid(81fe9e8731660404b8d68e384d6c03a9) (ShaderIncludeImporter) -> (artifact id: '117c192bc1ebf39adffd68d625745dae') in 0.0211028 seconds
Start importing Packages/com.unity.render-pipelines.core/Runtime/Sampling/Common.hlsl using Guid(91796a9618276ff42930ee05801207aa) (ShaderIncludeImporter) -> (artifact id: 'b85205fcbe0b78e3391fab41ffc501a8') in 0.0263959 seconds
Start importing Packages/com.unity.render-pipelines.universal/ShaderLibrary/UniversalDOTSInstancing.hlsl using Guid(91bd1404255c4cb28a6c81f20300308f) (ShaderIncludeImporter) -> (artifact id: 'cbc46a1be732a58c87f4106e707f2bc0') in 0.0171557 seconds
Start importing Packages/com.unity.render-pipelines.core/ShaderLibrary/AmbientProbe.hlsl using Guid(a1a94b80a0038af4484e8122c5df419e) (ShaderIncludeImporter) -> (artifact id: 'cb8f629343b1a24ab991c72e064c4fc1') in 0.0289872 seconds
Start importing Packages/com.unity.render-pipelines.core/ShaderLibrary/VertexCubeSlicing.hlsl using Guid(b19e52fd23b5c7549b05da06be1b1614) (ShaderIncludeImporter) -> (artifact id: 'd3c11a4c2f9c2d7930f38a990c273b6c') in 0.0267547 seconds
Start importing Packages/com.unity.shadergraph/Editor/Generation/Targets/Fullscreen/Includes/FullscreenBlit.hlsl using Guid(c1931467a12255f489f3c72e4aa99ade) (ShaderIncludeImporter) -> (artifact id: '3dcd8326fa90636cf818d82c46fb1928') in 0.021225 seconds
Start importing Packages/com.unity.shadergraph/Editor/Generation/Targets/BuiltIn/Editor/ShaderGraph/Templates/SharedCode.template.hlsl using Guid(d1c01b917a304614daf4994f4ca27e6d) (ShaderIncludeImporter) -> (artifact id: '0bf7a13027de60fa871fdd0015ba89db') in 0.0279246 seconds
Start importing Packages/com.unity.render-pipelines.core/ShaderLibrary/UnityInstancing.hlsl using Guid(e1cfc5ca61db3d448825f316ff92cb0b) (ShaderIncludeImporter) -> (artifact id: 'a8fb22e0b3f07d881a64078d4b66a813') in 0.028481 seconds
Start importing Packages/com.unity.shadergraph/Editor/Generation/Targets/BuiltIn/Editor/ShaderGraph/Includes/BuildInputData.hlsl using Guid(f1a1da3eef3aa834d9c94eb0a5c04358) (ShaderIncludeImporter) -> (artifact id: '45864237a931476765752a829de100f1') in 0.0276444 seconds
Start importing Packages/com.unity.render-pipelines.core/Runtime/UnifiedRayTracing/Common.hlsl using Guid(f1fa02d2f89398244bd06abebd7e1840) (ShaderIncludeImporter) -> (artifact id: '2e6cc6c1656d9ea9b857a522cc1348b1') in 0.026177 seconds
Start importing Packages/com.unity.render-pipelines.core/ShaderLibrary/DynamicScaling.hlsl using Guid(024209fcf73c38243ae3b71c8955f187) (ShaderIncludeImporter) -> (artifact id: '3d8dedb1f92ea079235990bbf993a3e9') in 0.0268948 seconds
Start importing Packages/com.unity.shadergraph/Editor/Generation/Targets/BuiltIn/Editor/ShaderGraph/Includes/PBRDeferredPass.hlsl using Guid(12263a5b80a209c44ae6188994252ecd) (ShaderIncludeImporter) -> (artifact id: '39906155d6c2a3d344fac87d9b8adc28') in 0.0306485 seconds
Start importing Packages/com.unity.shadergraph/Editor/Generation/Targets/BuiltIn/ShaderLibrary/SSAO.hlsl using Guid(225d6e653df7a2440a907ddd6d2dd1fc) (ShaderIncludeImporter) -> (artifact id: 'e8da4dc2e3583508d48729630af05f67') in 0.0297743 seconds
Start importing Packages/com.unity.shadergraph/Editor/Generation/Targets/BuiltIn/Editor/ShaderGraph/Includes/PBRForwardAddPass.hlsl using Guid(32b23321ec58ddc4e88879d693256c3a) (ShaderIncludeImporter) -> (artifact id: '78fa21cd7e095dd1e39b74c0b280a710') in 0.0307409 seconds
Start importing Packages/com.unity.render-pipelines.core/ShaderLibrary/SDF2D.hlsl using Guid(325b1a823e35d84478e89669f808ecb9) (ShaderIncludeImporter) -> (artifact id: '8e7abacd98b635045657d550b80af0ac') in 0.0296837 seconds
Start importing Packages/com.unity.render-pipelines.universal/ShaderLibrary/Debug/DebuggingFullscreen.hlsl using Guid(4203f0a40f114a18a614d8fa38c29be9) (ShaderIncludeImporter) -> (artifact id: 'a7952aa8b25986bd598716f03f5f9ffc') in 0.0384343 seconds
Start importing Packages/com.unity.shadergraph/Editor/Generation/Targets/BuiltIn/ShaderLibrary/Particles.hlsl using Guid(4273cde13e0f6f9428ee53ed68036d6a) (ShaderIncludeImporter) -> (artifact id: '07c80900ea7d55a752cc8555ea18a8a2') in 0.0284289 seconds
Start importing Packages/com.unity.render-pipelines.universal/Editor/2D/ShaderGraph/Includes/MeshNormalPass.hlsl using Guid(523042f52a938dd469d367936b00da21) (ShaderIncludeImporter) -> (artifact id: '8938139760ce25804f666acbb6178698') in 0.0052873 seconds
Start importing Packages/com.unity.shadergraph/ShaderGraphLibrary/LODDitheringTransition.hlsl using Guid(5248225944112fb418a213fa587fe10d) (ShaderIncludeImporter) -> (artifact id: '5a7c107ad0e8807ef6c3b8f56123a85b') in 0.0326687 seconds
Start importing Packages/com.unity.render-pipelines.core/Runtime/STP/STP.cs.hlsl using Guid(62ccbd1f548f598418c8662d9f7da3ee) (ShaderIncludeImporter) -> (artifact id: 'df9c346b77d143586b9418f3d074489d') in 0.0154291 seconds
Start importing Packages/com.unity.render-pipelines.universal/ShaderLibrary/UnityGBuffer.deprecated.hlsl using Guid(726f208616c14aa6a29cfa28e9f028dd) (ShaderIncludeImporter) -> (artifact id: 'acb87652b4d5b36c1b3ed85c6c49acaa') in 0.0279376 seconds
Start importing Packages/com.unity.render-pipelines.universal/ShaderLibrary/Unlit.hlsl using Guid(823e07282e194f119e8032f1555676ee) (ShaderIncludeImporter) -> (artifact id: '4492947ff33d0fb8f3d0ee416f791683') in 0.0387375 seconds
Start importing Packages/com.unity.render-pipelines.universal/Shaders/LitGBufferPass.hlsl using Guid(92673cbb58cac8e4d8b5d044ce912dd8) (ShaderIncludeImporter) -> (artifact id: 'da94a980b7f0a979d657269f6769b25b') in 0.0312751 seconds
Start importing Packages/com.unity.render-pipelines.universal/ShaderLibrary/DeclareNormalsTexture.hlsl using Guid(92a8a2733f9d18a44aad998449c6ee51) (ShaderIncludeImporter) -> (artifact id: '330219838c2d22ff78774201555f24c4') in 0.0287533 seconds
Start importing Packages/com.unity.render-pipelines.universal/ShaderLibrary/MotionVectorsCommon.hlsl using Guid(a20568904d9c412459181938be987e12) (ShaderIncludeImporter) -> (artifact id: '3d88cfd1699bf9bfb464e46fbf1a64da') in 0.0302571 seconds
Start importing Packages/com.unity.render-pipelines.core/Runtime/PostProcessing/Shaders/LensFlareCommon.hlsl using Guid(a279154a65cb87e46a9922aeaf9b7bc4) (ShaderIncludeImporter) -> (artifact id: '3226eacfd8eda349d090cc16516b9082') in 0.0311284 seconds
Start importing Packages/com.unity.render-pipelines.universal/ShaderLibrary/Input.hlsl using Guid(b2555155ead696140913bef1ec93adf0) (ShaderIncludeImporter) -> (artifact id: 'f7d99524e37c67feebc9894512a9553d') in 0.0319047 seconds
Start importing Packages/com.unity.render-pipelines.universal/Shaders/Nature/SpeedTreeUtility.hlsl using Guid(c245162389fbe944dbc0d721bee26fe0) (ShaderIncludeImporter) -> (artifact id: '7e9da17f72b50f17948a72ff0169c1a4') in 0.0161886 seconds
Start importing Packages/com.unity.render-pipelines.core/Runtime/GPUDriven/InstanceData/InstanceWindDataUpdateDefs.cs.hlsl using Guid(f267e53cd6dfdee4c820be8c35548ffe) (ShaderIncludeImporter) -> (artifact id: '425137d45b59e7a8d86cb555cc1d7e5c') in 0.0278285 seconds
Start importing Packages/com.unity.render-pipelines.core/Runtime/UnifiedRayTracing/Compute/RadeonRays/kernels/intersect_structures.hlsl using Guid(f20cb86c2d6c414d9ff78df5fc04cd1d) (ShaderIncludeImporter) -> (artifact id: 'fe354a97d7673ddb942b5c5a66941454') in 0.0301717 seconds
Start importing Packages/com.unity.render-pipelines.core/ShaderLibrary/EntityLighting.hlsl using Guid(0303be75670325342b4bf5697686e77b) (ShaderIncludeImporter) -> (artifact id: 'b1dae7f1bd7ca9dcb96bd9220d49564d') in 0.0323903 seconds
Start importing Packages/com.unity.render-pipelines.universal/Editor/Terrain/TerrainBaseMapGenPass.hlsl using Guid(038de1c4d210733429acda9d6f95d183) (ShaderIncludeImporter) -> (artifact id: '2bc6ef567f3ba5599a1096f0dc394936') in 0.004622 seconds
Start importing Packages/com.unity.render-pipelines.core/Runtime/GPUDriven/OcclusionCullingCommon.hlsl using Guid(13f1cda4ab8412041ac157181fa6e421) (ShaderIncludeImporter) -> (artifact id: '9508e71b0e339780597973dd9a9582a6') in 0.0284842 seconds
Start importing Packages/com.unity.render-pipelines.universal/Shaders/UnlitMetaPass.hlsl using Guid(138efaf7fb432134da44d5a4981a62ad) (ShaderIncludeImporter) -> (artifact id: '27c03322e925e28021de970d5d5008c2') in 0.0286873 seconds
Start importing Packages/com.unity.render-pipelines.universal/Editor/ShaderGraph/Includes/ShaderPassDecal.hlsl using Guid(131f64991fbd3cb4286f7fbc05dcf29e) (ShaderIncludeImporter) -> (artifact id: '0cd75daeb71a568e565cf195bc4e71c1') in 0.0046302 seconds
Start importing Packages/com.unity.render-pipelines.core/ShaderLibrary/Color.hlsl using Guid(23284bbc36146a94995a8a08e61f4e73) (ShaderIncludeImporter) -> (artifact id: '015cd738248042058fd6ee734aee60b0') in 0.0330675 seconds
Start importing Packages/com.unity.render-pipelines.core/Runtime/Vrs/Shaders/VrsTileSize.hlsl using Guid(234c0613ab6043a7852e6ab1a268352a) (ShaderIncludeImporter) -> (artifact id: 'e099b766c6a28593e25302ed78116b05') in 0.0408055 seconds
Start importing Packages/com.unity.render-pipelines.core/ShaderLibrary/TextureXR.hlsl using Guid(33098eef498723540b0b7705cf69a338) (ShaderIncludeImporter) -> (artifact id: '02f327cfded0cf12eb10ca5c2b88e256') in 0.0307828 seconds
Start importing Packages/com.unity.shadergraph/ShaderGraphLibrary/Nature/SpeedTreeCommon.hlsl using Guid(33eafb83c6bce0842b6887eebaf95436) (ShaderIncludeImporter) -> (artifact id: '0c90e2270419636f447db87e4559bb7c') in 0.0194079 seconds
Start importing Packages/com.unity.shadergraph/Editor/Generation/Templates/BuildVertexDescriptionInputs.template.hlsl using Guid(430a733c64a5c474787ac95203c2056b) (ShaderIncludeImporter) -> (artifact id: '632e7b0be9eb0285bfb6ca5e144f6648') in 0.0395917 seconds
Start importing Packages/com.unity.render-pipelines.core/ShaderLibrary/ScreenCoordOverride.hlsl using Guid(435c74ddc7b1fd744b934a196d6d3d82) (ShaderIncludeImporter) -> (artifact id: '3c801ef6f5a5fc5018b9d8ba96c9a3fb') in 0.0295501 seconds
Start importing Packages/com.unity.render-pipelines.core/Editor/Lighting/ProbeVolume/ProbePlacement.cs.hlsl using Guid(53a7b15acf3ceaf41b7f56dbca27f6c8) (ShaderIncludeImporter) -> (artifact id: '08db22b4bfa26ac4b7a01b4502685e2b') in 0.0162368 seconds
Start importing Packages/com.unity.render-pipelines.universal/ShaderLibrary/Core.hlsl using Guid(53686bf58189656459fca4c6ab04ebe5) (ShaderIncludeImporter) -> (artifact id: 'c2a256c307b5782ec860ef8f8ca4dcd6') in 0.0298925 seconds
Start importing Packages/com.unity.render-pipelines.core/ShaderLibrary/Macros.hlsl using Guid(6300b0e79f5d15e499b9d6b5d23ca01b) (ShaderIncludeImporter) -> (artifact id: '89c1ea0ea21c7eca6fbf3a2fdd2209c1') in 0.0418265 seconds
Start importing Packages/com.unity.render-pipelines.core/ShaderLibrary/Sampling/Fibonacci.hlsl using Guid(63275e6ba7e477f43a376217dc2e147f) (ShaderIncludeImporter) -> (artifact id: '67b0d854f445c108f2686ff5563325a2') in 0.0272193 seconds
Start importing Packages/com.unity.render-pipelines.universal/Shaders/Particles/ParticlesDepthNormalsPass.hlsl using Guid(637c27b6fe6224a06b2b066769d0a6e6) (ShaderIncludeImporter) -> (artifact id: 'ce3976ce067acbfa6db18e48d95f1f27') in 0.0287467 seconds
Start importing Packages/com.unity.render-pipelines.core/ShaderLibrary/MostRepresentativePoint.hlsl using Guid(73b08ea164ce48f382a510231156102f) (ShaderIncludeImporter) -> (artifact id: 'c27c07d654ffbc3e8d081c64ce49b649') in 0.0332781 seconds
Start importing Packages/com.unity.render-pipelines.universal/Editor/ShaderGraph/Includes/UnlitGBufferPass.hlsl using Guid(73b8a22390b7d43f7803cb609e674fe6) (ShaderIncludeImporter) -> (artifact id: '6212ed7d88f11bc2cada00cb4474faf9') in 0.0043122 seconds
Start importing Packages/com.unity.render-pipelines.universal/Runtime/VFXGraph/Shaders/VFXDefines.hlsl using Guid(730c9c8a21ae0a64aba043694dfacca7) (ShaderIncludeImporter) -> (artifact id: 'd7e5c7930f9b3f2a8524a57c28e40bf1') in 0.0273688 seconds
Start importing Packages/com.unity.render-pipelines.universal/Shaders/Utils/StencilDeferred.hlsl using Guid(83384e2d6206c8649ba879ec271c4254) (ShaderIncludeImporter) -> (artifact id: 'c1741e4057de1bf64c03aadb353fa034') in 0.0288246 seconds
Start importing Packages/com.unity.render-pipelines.core/Runtime/UnifiedRayTracing/Common/GeometryPool/GeometryPool.hlsl using Guid(839bff092489da0498be737d665c0665) (ShaderIncludeImporter) -> (artifact id: '0f747fb3b49abea30d27dae0e425e445') in 0.0308389 seconds
Start importing Packages/com.unity.render-pipelines.universal/Editor/Terrain/BuildTerrainVertexDescriptionInputs.template.hlsl using Guid(93d037989b854c24d8f2a8284a46acf3) (ShaderIncludeImporter) -> (artifact id: 'fff04758706545f29a29e6aa3b4f29ae') in 0.0045728 seconds
Start importing Packages/com.unity.render-pipelines.universal/ShaderLibrary/SSAO.hlsl using Guid(930a5f40803cb414b84db9a1889f890c) (ShaderIncludeImporter) -> (artifact id: '07aa601dd1b5fa522ae19095c9ec731b') in 0.0300289 seconds
Start importing Packages/com.unity.render-pipelines.core/ShaderLibrary/CommonLighting.hlsl using Guid(93bbf250faa37d446990b9501e7fb7e8) (ShaderIncludeImporter) -> (artifact id: '456184ffa1aac50844df96c27470d6f5') in 0.035898 seconds
Start importing Packages/com.unity.render-pipelines.universal/Shaders/2D/Include/LightingUtility.hlsl using Guid(931e5ffca47cea54783e99bf989216b5) (ShaderIncludeImporter) -> (artifact id: 'de11e4cf930f153bed4eb851bdd12e74') in 0.0272035 seconds
Start importing Packages/com.unity.render-pipelines.universal/Shaders/Particles/ParticlesUnlitForwardPass.hlsl using Guid(a361552991159403bbd785132d5cb812) (ShaderIncludeImporter) -> (artifact id: '52a85ab96af1c284fa587292ab9c5139') in 0.0197918 seconds
Start importing Packages/com.unity.render-pipelines.universal/Shaders/Particles/ParticlesLitInput.hlsl using Guid(a3129e299d0744bb7bd42c2cea7cea2b) (ShaderIncludeImporter) -> (artifact id: '07cd3142f6a328b4dd50dca631586f08') in 0.0262337 seconds
Start importing Packages/com.unity.render-pipelines.universal/Runtime/RendererFeatures/SurfaceCacheGI/SurfaceCacheCore/PathTracing.hlsl using Guid(a30369464edbd71488d5d8fdb678695f) (ShaderIncludeImporter) -> (artifact id: 'f7ebf7be920621d9b1a23202f85aceea') in 0.0144565 seconds
Start importing Assets/TextMesh Pro/Shaders/TMPro_Mobile.cginc using Guid(c334973cef89a9840b0b0c507e0377ab) (ShaderIncludeImporter) -> (artifact id: 'f01f7c4e0ef9f1081d13d9c049823e22') in 0.0035921 seconds
Start importing Packages/com.unity.render-pipelines.core/ShaderLibrary/FoveatedRenderingKeywords.hlsl using Guid(c32bc6ee3c5a47b5829b4db408c79d3b) (ShaderIncludeImporter) -> (artifact id: '3636aebe82927ae6c83865486e890237') in 0.0286973 seconds
Start importing Packages/com.unity.render-pipelines.core/Runtime/Sampling/PathTracingSampler.hlsl using Guid(d330e4a95eccc4eb9bb75e79bc736ce7) (ShaderIncludeImporter) -> (artifact id: '07ed77f5cb47022daf0b7b3903f04cef') in 0.0289283 seconds
Start importing Packages/com.unity.shadergraph/Editor/Generation/Templates/BuildSurfaceDescriptionInputs.template.hlsl using Guid(d3b47ff860a51904395688d633cb1018) (ShaderIncludeImporter) -> (artifact id: '7b9ae673321c46b5d652b213150448c3') in 0.0317755 seconds
Start importing Packages/com.unity.render-pipelines.core/Runtime/PostProcessing/Shaders/ffx/ffx_a.hlsl using Guid(e3711cae0eaec834eb4ae197be7dd569) (ShaderIncludeImporter) -> (artifact id: '5b2d0e34acc18bb27ea8115aac26ccf0') in 0.0360695 seconds
Start importing Packages/com.unity.render-pipelines.universal/ShaderLibrary/BRDF.hlsl using Guid(e325eaafb90d419598a94581ba3335a4) (ShaderIncludeImporter) -> (artifact id: '64658394d846b3e15fbc50a1c8b404f2') in 0.0445121 seconds
Start importing Packages/com.unity.render-pipelines.core/ShaderLibrary/Sampling/SampleUVMapping.hlsl using Guid(f3e4d64dcf820e040a738f576d8d1f79) (ShaderIncludeImporter) -> (artifact id: '5f21f15e095bbfcfbbc9a03fb99f9c84') in 0.042572 seconds
Start importing Packages/com.unity.render-pipelines.universal/Shaders/Nature/SpeedTree7Passes.hlsl using Guid(f3f941933e171854386001194281536f) (ShaderIncludeImporter) -> (artifact id: '2ccf47dc516883e7023e9e85554447d0') in 0.0366256 seconds
Start importing Packages/com.unity.render-pipelines.universal/Shaders/BakedLitMetaPass.hlsl using Guid(f31bf343921b848fa8e5cde15f1dbaab) (ShaderIncludeImporter) -> (artifact id: '0b1fdd55f93155bd1a35dadc29a47b5e') in 0.0328403 seconds
Start importing Packages/com.unity.render-pipelines.core/ShaderLibrary/FoveatedRendering.hlsl using Guid(f36f5598be293c04db2a21f9e7463518) (ShaderIncludeImporter) -> (artifact id: '2bf3bec41aed5f0138582dd0cd46c47b') in 0.0271718 seconds
Start importing Packages/com.unity.render-pipelines.core/Runtime/UnifiedRayTracing/Bindings.hlsl using Guid(047623a35563f0e45bbfce747454416c) (ShaderIncludeImporter) -> (artifact id: 'd6dcf6cadb62096fa0d104f4fe471e03') in 0.0248803 seconds
Start importing Packages/com.unity.render-pipelines.universal/Runtime/VFXGraph/Shaders/VFXLit.hlsl using Guid(045a06f7c76196a43a929d2a916c7d95) (ShaderIncludeImporter) -> (artifact id: 'a62bcb0fc43aff1f72f08bdee603d4d7') in 0.0239661 seconds
Start importing Packages/com.unity.render-pipelines.core/ShaderLibrary/API/GLES3.hlsl using Guid(14a46e0dac04a0245b3f95359167b663) (ShaderIncludeImporter) -> (artifact id: '242e3876f0e365494e69183dc91034c2') in 0.0179136 seconds
Start importing Packages/com.unity.shadergraph/Editor/Generation/Targets/BuiltIn/ShaderLibrary/Lighting.hlsl using Guid(14bcae32932007341a82b552c24738fd) (ShaderIncludeImporter) -> (artifact id: '2afdc64e829e49fb80339ef9779adc96') in 0.0237766 seconds
Start importing Packages/com.unity.render-pipelines.universal/ShaderLibrary/Debug/DebugViewEnums.cs.hlsl using Guid(448811f26ae38ae4cbb2edb0d2b9186c) (ShaderIncludeImporter) -> (artifact id: '74c95890c202779f329cf6bb5229bca2') in 0.0248567 seconds
Start importing Packages/com.unity.render-pipelines.core/ShaderLibrary/CommonMaterial.hlsl using Guid(540178d5ddc29e74da771e38536aee22) (ShaderIncludeImporter) -> (artifact id: '465a2d9ca56f9557477c6a98f7ba65ad') in 0.0271258 seconds
Start importing Packages/com.unity.shadergraph/Editor/Generation/Targets/BuiltIn/Editor/ShaderGraph/Includes/LegacySurfaceVertex.hlsl using Guid(5461cde96a0881146aed77bccd1c72ec) (ShaderIncludeImporter) -> (artifact id: 'f89c2729cfa7c8f942d4ef3738c784b5') in 0.0146308 seconds
Start importing Packages/com.unity.shadergraph/Editor/Generation/Targets/Fullscreen/Includes/FullscreenCommon.hlsl using Guid(54f14acd1960c2a459a0fcd6c959938d) (ShaderIncludeImporter) -> (artifact id: '4703562ff5bd660eeb6a579fc33512e9') in 0.027167 seconds
Start importing Packages/com.unity.render-pipelines.core/ShaderLibrary/Filtering.hlsl using Guid(54ca0b3b7814f804aac1450b38477c74) (ShaderIncludeImporter) -> (artifact id: '9b44bad3b320edabad789b8a955d3ae6') in 0.0266311 seconds
Start importing Packages/com.unity.render-pipelines.universal/ShaderLibrary/SurfaceInput.hlsl using Guid(546b9685ee7cc0941afd734baa08db2a) (ShaderIncludeImporter) -> (artifact id: 'e01ecd216b69a380356a94dfa1bd697a') in 0.0245877 seconds
Start importing Packages/com.unity.render-pipelines.universal/Editor/ShaderGraph/Includes/DecalMeshBiasTypeEnum.cs.hlsl using Guid(6483447b285419e4b89f8a853712e1ab) (ShaderIncludeImporter) -> (artifact id: '13788609ee3e530eb7e386fe3a5522e2') in 0.0037384 seconds
Start importing Packages/com.unity.render-pipelines.core/ShaderLibrary/ShaderDebugPrint.hlsl using Guid(6487e82b005541789deacb92eaa88bed) (ShaderIncludeImporter) -> (artifact id: '9df46d4723211796452a6ff53f434039') in 0.0278579 seconds
Start importing Packages/com.unity.render-pipelines.universal/Shaders/Terrain/TerrainDetailLitPasses.hlsl using Guid(749e1c2d203942319da1fdb1d94c5f2a) (ShaderIncludeImporter) -> (artifact id: 'b6111819b6b00b4ce7c3a41816d653d7') in 0.0294209 seconds
Start importing Packages/com.unity.render-pipelines.universal/Runtime/RendererFeatures/SurfaceCacheGI/SurfaceCacheCore/PathTracingMaterials.hlsl using Guid(8441f2d912ff46d418f324f16d4540c1) (ShaderIncludeImporter) -> (artifact id: 'a60375c41e2fe300bde942c4ca6e875d') in 0.0335415 seconds
Start importing Packages/com.unity.render-pipelines.core/Runtime/Sampling/SamplingResources.hlsl using Guid(a4f17041120a6f24c8d78d484c813aec) (ShaderIncludeImporter) -> (artifact id: '11c2293da77393bb0ff38da578dad87b') in 0.4000664 seconds
Start importing Packages/com.unity.render-pipelines.universal/ShaderLibrary/Debug/DebuggingCommon.hlsl using Guid(a419d344c87843af8e1ce2e8c571fcb6) (ShaderIncludeImporter) -> (artifact id: 'cbdbce475911215b7ad04a065144a717') in 0.5030552 seconds
Start importing Packages/com.unity.render-pipelines.universal/Shaders/Terrain/WavingGrassPasses.hlsl using Guid(b4bc78a1364154f15b718a412e9710b6) (ShaderIncludeImporter) -> (artifact id: '059c9cdb36269e647e1851718c299aeb') in 0.1415976 seconds
Start importing Packages/com.unity.render-pipelines.universal/Shaders/LitInput.hlsl using Guid(c46f85bf266d7496d9b3659acfbdc711) (ShaderIncludeImporter) -> (artifact id: '79d9d667344da248ee273844adaeb685') in 0.0689042 seconds
Start importing Packages/com.unity.render-pipelines.universal/Runtime/RendererFeatures/SurfaceCacheGI/SurfaceCacheCore/VectorLogic.hlsl using Guid(d4da391a9b2648a980105cdee7aba311) (ShaderIncludeImporter) -> (artifact id: '6e649a2e8a9f823321447110317b2ead') in 0.0086816 seconds
Start importing Packages/com.unity.render-pipelines.core/Runtime/Lighting/ProbeVolume/ProbeVolumeBlendStates.hlsl using Guid(e478f7f7b57c7ab46a2933b408f63161) (ShaderIncludeImporter) -> (artifact id: '826b28742c9d4e4aa3b575afc0abd720') in 0.0316005 seconds
Start importing Packages/com.unity.render-pipelines.core/ShaderLibrary/API/Metal.hlsl using Guid(f4d51e77f119d4dc8899ff02b46bb621) (ShaderIncludeImporter) -> (artifact id: 'a7452f5faa5f394b0cbc174e56ed4abf') in 0.0260809 seconds
Start importing Packages/com.unity.render-pipelines.core/ShaderLibrary/Sampling/Sampling.hlsl using Guid(f4c850bea2c5d45449ba8e228333c82c) (ShaderIncludeImporter) -> (artifact id: 'c6f22666467a1913aa7a5ee000d91863') in 0.0245103 seconds
Start importing Packages/com.unity.render-pipelines.core/ShaderLibrary/API/Vulkan.hlsl using Guid(05a00b34d7740a643a8a6de19c6d9aa6) (ShaderIncludeImporter) -> (artifact id: 'cf4a9f0ea85774ab6ef81e18e330be34') in 0.0240105 seconds
Start importing Packages/com.unity.render-pipelines.universal/Shaders/2D/Include/InputData2D.hlsl using Guid(15c09e9f82634f5881e6676d62f25bcb) (ShaderIncludeImporter) -> (artifact id: '161e1a2c6929b3c12a52882f37b2aba7') in 0.0207168 seconds
Start importing Packages/com.unity.render-pipelines.core/ShaderLibrary/PhysicalCamera.hlsl using Guid(259e4e1d42f9302459819d218966a11c) (ShaderIncludeImporter) -> (artifact id: '58657bcef39ca300673eb76a02080f96') in 0.0250969 seconds
Start importing Packages/com.unity.shadergraph/Editor/Generation/Targets/BuiltIn/Editor/ShaderGraph/Includes/ShadowCasterPass.hlsl using Guid(35c8158e574671d43b32c60a61df1b0f) (ShaderIncludeImporter) -> (artifact id: '8b917fc134770d558a385ec32822a173') in 0.0243902 seconds
Start importing Packages/com.unity.render-pipelines.core/Runtime/UnifiedRayTracing/Compute/RadeonRays/kernels/bvh2il.hlsl using Guid(4541f1bb75b10ac4597809e3016f3026) (ShaderIncludeImporter) -> (artifact id: '22fe95e476e1e01e84b9ff3148fcf0e1') in 0.0245811 seconds
Start importing Packages/com.unity.render-pipelines.universal/Shaders/Nature/SpeedTree7CommonInput.hlsl using Guid(55e6929e00a20d64eadff49d59e097db) (ShaderIncludeImporter) -> (artifact id: '9cdca858a44dc82e77a68cb26686201b') in 0.0273506 seconds
Start importing Packages/com.unity.shadergraph/Editor/Generation/Targets/BuiltIn/Editor/ShaderGraph/Includes/ShaderPass.hlsl using Guid(65e35b38e39fde248977f1e9a8ec2e10) (ShaderIncludeImporter) -> (artifact id: 'ced89eb0a1e8cb8214937d7b8bef88ac') in 0.0263016 seconds
Start importing Packages/com.unity.render-pipelines.universal/ShaderLibrary/UnityInput.hlsl using Guid(6564342aa7c6ca44a86b97323a311d74) (ShaderIncludeImporter) -> (artifact id: '4beb49bad9e4a7b77fccd4f5f2959f2d') in 0.0261639 seconds
Start importing Packages/com.unity.render-pipelines.core/Editor/Lighting/ProbeVolume/VoxelizeScene.hlsl using Guid(7530ec596e48f41e2bc1cc954be9b805) (ShaderIncludeImporter) -> (artifact id: '78635e517d88ad23ae60c4c31f083bfd') in 0.0151102 seconds
Start importing Packages/com.unity.render-pipelines.universal/Shaders/Nature/SpeedTree7CommonPasses.hlsl using Guid(85f7860cf76171b438c51eb5fcd238ce) (ShaderIncludeImporter) -> (artifact id: '92b982b93debc4638ec9e430cb9e430e') in 0.0281968 seconds
Start importing Packages/com.unity.shadergraph/Editor/Generation/Targets/BuiltIn/ShaderLibrary/UnityGBuffer.hlsl using Guid(951755fce4d8bae4ca6cfbe7908e1149) (ShaderIncludeImporter) -> (artifact id: '459df165b451296ddff8c058b9a6e419') in 0.0252526 seconds
Start importing Packages/com.unity.render-pipelines.universal-config/Runtime/ShaderConfig.cs.hlsl using Guid(956ff25f08f5e1d4a9ffc96f5803d5a1) (ShaderIncludeImporter) -> (artifact id: 'eb27e6ad7306f78a0c98f9bc6ba90697') in 0.0049064 seconds
Start importing Packages/com.unity.render-pipelines.core/Runtime/GPUDriven/OcclusionCullingCommonShaderVariables.cs.hlsl using Guid(a5ea6c3e82289ce4d8ea0b60a96b1ee2) (ShaderIncludeImporter) -> (artifact id: 'a112cb6144114d3626072cc17f68ef36') in 0.0248839 seconds
Start importing Packages/com.unity.render-pipelines.core/ShaderLibrary/Common.hlsl using Guid(a57f9f83ea626ae45b402953fe637268) (ShaderIncludeImporter) -> (artifact id: 'cd3174d94281f8cd36f910f78ba427f4') in 0.0235573 seconds
Start importing Packages/com.unity.render-pipelines.core/ShaderLibrary/ACES.hlsl using Guid(b52d68e305b98a94bac88855d8ea5936) (ShaderIncludeImporter) -> (artifact id: '176191ae28163d3f27e89e384a1a2175') in 0.0248283 seconds
Start importing Packages/com.unity.render-pipelines.core/ShaderLibrary/GraniteShaderLibBase.hlsl using Guid(c5520328ccc5d6c4e8a923677cbb21cf) (ShaderIncludeImporter) -> (artifact id: '77ad9bcb2cac851a8bc6fa599cac3bdc') in 0.0259053 seconds
Start importing Packages/com.unity.render-pipelines.core/Runtime/Utilities/Blit.hlsl using Guid(d55706914cfa84431bb4f9277ebd1054) (ShaderIncludeImporter) -> (artifact id: '180c9211917b736bb830a0291e538622') in 0.0166541 seconds
Start importing Packages/com.unity.render-pipelines.universal/ShaderLibrary/SixWayLighting.hlsl using Guid(d5c9d8a733254102b894def0429c24c4) (ShaderIncludeImporter) -> (artifact id: 'ee38984d55f64f406d0e83a9ffa0fc91') in 0.0283417 seconds
Start importing Packages/com.unity.render-pipelines.universal/Editor/ShaderGraph/Includes/PBRGBufferPass.hlsl using Guid(f562fc45f8fc5434a96065e20892eff9) (ShaderIncludeImporter) -> (artifact id: '9bb6c226b3dce4afa3131cc130b894c9') in 0.0144158 seconds
Start importing Packages/com.unity.render-pipelines.core/ShaderLibrary/SpaceFillingCurves.hlsl using Guid(063144fddd2c1be41b9d09dec6314fc7) (ShaderIncludeImporter) -> (artifact id: '1004bb81984830596d8a0d55d3c9d2f0') in 0.0259978 seconds
Start importing Packages/com.unity.render-pipelines.universal/Shaders/Nature/SpeedTree8Passes.hlsl using Guid(0613a5abac2db2247bdcd7380e98bba1) (ShaderIncludeImporter) -> (artifact id: 'f01dfdecdba3b147a5f99358b7c7410a') in 0.0255669 seconds
Start importing Packages/com.unity.render-pipelines.universal/Editor/ShaderGraph/Includes/CanvasPass.hlsl using Guid(0618e9bb046736646afe2346a3813db4) (ShaderIncludeImporter) -> (artifact id: '65f0473640811a64b01f1649ca38074d') in 0.0043811 seconds
Start importing Packages/com.unity.shadergraph/Editor/Generation/Targets/BuiltIn/ShaderLibrary/Shim/InputsShim.hlsl using Guid(160030f5e9c5e9b43bfd7646d5712b8a) (ShaderIncludeImporter) -> (artifact id: 'e38ec1e66ac41dcddb426c539467f8bf') in 0.0229357 seconds
Start importing Packages/com.unity.shadergraph/Editor/Generation/Targets/Fullscreen/Templates/SharedCode.template.hlsl using Guid(16201fed0715efa48a8908fedb361bf0) (ShaderIncludeImporter) -> (artifact id: '39ae7fb5e44edae5c7e1f09fd31f5f2d') in 0.01477 seconds
Start importing Packages/com.unity.shadergraph/ShaderGraphLibrary/PreviewVaryings.hlsl using Guid(1634e4cba986f4a4aabc82c280e09d13) (ShaderIncludeImporter) -> (artifact id: '517b420a32138be80a6e1c29cd3e2712') in 0.0250145 seconds
Start importing Packages/com.unity.render-pipelines.universal/Runtime/RendererFeatures/SurfaceCacheGI/SurfaceCacheCore/PathTracingCommon.hlsl using Guid(26c202ba0499aad4387888eff3a31187) (ShaderIncludeImporter) -> (artifact id: '05c5871e32fe28834855ff1eaadf3961') in 0.0038216 seconds
Start importing Packages/com.unity.render-pipelines.core/Runtime/Lighting/ProbeVolume/ProbeReferenceVolume.Streaming.cs.hlsl using Guid(2675e3c7f72788145b4a5bc872a75211) (ShaderIncludeImporter) -> (artifact id: 'c6e477d10269b138a098bd1a257da760') in 0.022682 seconds
Start importing Packages/com.unity.render-pipelines.core/ShaderLibrary/DebugMipmapStreaming.hlsl using Guid(369a40fd4db19d048ad2cf161cc89fcd) (ShaderIncludeImporter) -> (artifact id: '9347a9d4488ea9c341dfbc0a4ec9c80e') in 0.0222468 seconds
Start importing Packages/com.unity.render-pipelines.universal/Shaders/BakedLitInput.hlsl using Guid(463a8185744c2459f8e621f4e4eb74d3) (ShaderIncludeImporter) -> (artifact id: 'a3214aec7f08536da6900203e44668cb') in 0.0240515 seconds
Start importing Packages/com.unity.render-pipelines.core/Runtime/Sampling/SobolBluenoiseSampling.hlsl using Guid(563a0665ce2f07e419c80acd1ad6e1f0) (ShaderIncludeImporter) -> (artifact id: '67fbdf27158d955fe6bd3935d3f13bf0') in 0.0233617 seconds
Start importing Packages/com.unity.render-pipelines.core/Runtime/Utilities/GPUPrefixSum/GPUPrefixSum.Data.cs.hlsl using Guid(56dcfb5655d6cc74cb661e531de4bbdf) (ShaderIncludeImporter) -> (artifact id: '7b4cd810376705b9c6f3462f803389e4') in 0.0223554 seconds
Start importing Packages/com.unity.render-pipelines.universal/Runtime/RendererFeatures/SurfaceCacheGI/SurfaceCacheCore/RestirEstimation.hlsl using Guid(66f41beb195ccdf408b955566b037e9d) (ShaderIncludeImporter) -> (artifact id: '142cc5be793a105686b8d4e49387a668') in 0.0051109 seconds
Start importing Packages/com.unity.render-pipelines.core/Runtime/Lighting/ProbeVolume/DecodeSH.hlsl using Guid(6646f462aeb8278489c25fda24fd2db8) (ShaderIncludeImporter) -> (artifact id: 'e26a71bb6ee3037948c69b64e5154cc4') in 0.0212465 seconds
Start importing Packages/com.unity.render-pipelines.core/Runtime/UnifiedRayTracing/Compute/RadeonRays/kernels/triangle_mesh.hlsl using Guid(76757b5514dd6404dafc9fbe2566522d) (ShaderIncludeImporter) -> (artifact id: 'bba26e1a14001342016a3a6b62be9a97') in 0.0256327 seconds
Start importing Packages/com.unity.shadergraph/ShaderGraphLibrary/Functions.hlsl using Guid(76c5c0b7561134f0ca526e50f239a4a2) (ShaderIncludeImporter) -> (artifact id: 'fb9f2e7280bcbc323bec5c790618b27b') in 0.0263642 seconds
Start importing Packages/com.unity.render-pipelines.core/ShaderLibrary/VolumeRendering.hlsl using Guid(76b6dbce57ad3e647a01b5ad36f737a5) (ShaderIncludeImporter) -> (artifact id: 'f4c05a7ccb57a236c85a94925f7babe2') in 0.0247265 seconds
Start importing Packages/com.unity.render-pipelines.universal/ShaderLibrary/Lighting.hlsl using Guid(762f0a4829f44584ba01e2f0661150d9) (ShaderIncludeImporter) -> (artifact id: '6c63dfe35c19474719b92ec91d194832') in 0.0287887 seconds
Start importing Packages/com.unity.render-pipelines.universal/Shaders/BakedLitDepthNormalsPass.hlsl using Guid(9604e389528d04ae39fe05a7b4212172) (ShaderIncludeImporter) -> (artifact id: 'f008c16ae36e3177446511a4cbfe4522') in 0.0263154 seconds
Start importing Packages/com.unity.shadergraph/Editor/Generation/Targets/CustomRenderTexture/CustomTextureGraph.hlsl using Guid(96a8b300b2dfb474bb4fd8118749fdec) (ShaderIncludeImporter) -> (artifact id: '044b3165fda609191102d2a1ba89c728') in 0.0270658 seconds
Start importing Packages/com.unity.render-pipelines.core/ShaderLibrary/Version.hlsl using Guid(96eb0e7285e8ec64b9b711f1e6b78dea) (ShaderIncludeImporter) -> (artifact id: '433b9e977a90d01e871a0133898c81c4') in 0.0231309 seconds
Start importing Assets/TextMesh Pro/Shaders/SDFFunctions.hlsl using Guid(96de908384869cd409c75efa351d5edf) (ShaderIncludeImporter) -> (artifact id: '435e9b8de8c49c218567e4388ff5ec27') in 0.0037939 seconds
Start importing Packages/com.unity.render-pipelines.universal/Shaders/SimpleLitDepthNormalsPass.hlsl using Guid(a63ccbef6bed14464a35b8a62ee9b775) (ShaderIncludeImporter) -> (artifact id: '7875d8d6c72e46e2bf55e059e7d3fa9a') in 0.0256901 seconds
Start importing Packages/com.unity.render-pipelines.core/ShaderLibrary/NormalSurfaceGradient.hlsl using Guid(b6ff088bebec9f941ae19a0086e4f097) (ShaderIncludeImporter) -> (artifact id: 'd006626f4b3a9fd9eb807ca6957e945e') in 0.0277799 seconds
Start importing Packages/com.unity.render-pipelines.core/ShaderLibrary/ParallaxMapping.hlsl using Guid(c6976b17260ed7d4ca3810ae8488f67f) (ShaderIncludeImporter) -> (artifact id: '4df7e0a7a01c4de0060eacf032a77323') in 0.0225524 seconds
Start importing Packages/com.unity.render-pipelines.universal/Shaders/LitDepthNormalsPass.hlsl using Guid(d6641dcdedd1f422aa58ffec746e5342) (ShaderIncludeImporter) -> (artifact id: 'f2c5341c5662c090bdac34f72cda4f2c') in 0.0241063 seconds
Start importing Packages/com.unity.render-pipelines.core/Runtime/Lighting/ProbeVolume/ProbeReferenceVolume.Debug.cs.hlsl using Guid(f6e06ceb4cc6a38458f4b614e8000dc8) (ShaderIncludeImporter) -> (artifact id: '86ecbcc56dc6ecc8002d61715141c556') in 0.0247216 seconds
Start importing Packages/com.unity.render-pipelines.universal/Runtime/RendererFeatures/SurfaceCacheGI/SurfaceCacheCore/RingBuffer.hlsl using Guid(f6915963f3bd8724b9def69a1ecdd73d) (ShaderIncludeImporter) -> (artifact id: '3985b6105dd117fe1b8811a24902927c') in 0.003961 seconds
Start importing Packages/com.unity.render-pipelines.core/ShaderLibrary/SpaceTransforms.hlsl using Guid(07d22e3065efb5a489e5e2644df19bc7) (ShaderIncludeImporter) -> (artifact id: '62e85ed44f808449abeb8d83da45b386') in 0.0249023 seconds
Start importing Packages/com.unity.shadergraph/ShaderGraphLibrary/GeometricTools.hlsl using Guid(07d3f5482ecfe425f91b12cd32be4cbe) (ShaderIncludeImporter) -> (artifact id: 'f7dae6aa20f4d2735b653bbd8d01a834') in 0.0257345 seconds
Start importing Packages/com.unity.render-pipelines.universal/Editor/ShaderGraph/Includes/UnlitPass.hlsl using Guid(07da8e9cacb587246ade02755c273666) (ShaderIncludeImporter) -> (artifact id: 'aa34c9e08173dc9f65f41d6ed27a3652') in 0.0033286 seconds
Start importing Packages/com.unity.render-pipelines.core/ShaderLibrary/API/GLCore.hlsl using Guid(17e9ff94ac9e8aa4e81b23222a4dc205) (ShaderIncludeImporter) -> (artifact id: '30e6a1f4e483a770bcddf68b66356f67') in 0.0258943 seconds
Start importing Packages/com.unity.render-pipelines.universal/Editor/2D/ShaderGraph/Includes/SpriteUnlitPass.hlsl using Guid(172e304acf14e434e967133e7ee67273) (ShaderIncludeImporter) -> (artifact id: '138301af7ca03afdaff24b6fd89eb6f9') in 0.0042503 seconds
Start importing Packages/com.unity.render-pipelines.universal/Editor/ShaderGraph/Includes/PBRForwardPass.hlsl using Guid(2774e65a956f7428a9ba09fe1098e1eb) (ShaderIncludeImporter) -> (artifact id: 'd9f575aa5db2e3a8ac267f74a31c8ba3') in 0.0035205 seconds
Start importing Packages/com.unity.render-pipelines.core/ShaderLibrary/BC6H.hlsl using Guid(27d419a4917d0ea49978c236e058d464) (ShaderIncludeImporter) -> (artifact id: 'b175b05405675d4c79fefa46f7c8c385') in 0.0241425 seconds
Start importing Packages/com.unity.render-pipelines.core/ShaderLibrary/API/Switch2.hlsl using Guid(27b804a87c546b2429017809b12cd1c9) (ShaderIncludeImporter) -> (artifact id: '51b06e7383592489e5e1ce3e433c1888') in 0.0243583 seconds
Start importing Packages/com.unity.render-pipelines.core/Runtime/Sampling/PseudoRandom.hlsl using Guid(270be7a3bca5b4e038d7e90c1ca0f18c) (ShaderIncludeImporter) -> (artifact id: '5f053e747597ed078b37d9983fa9481f') in 0.0238369 seconds
Start importing Packages/com.unity.render-pipelines.core/ShaderLibrary/GlobalSamplers.hlsl using Guid(47ecc1e1971024be4a44aa322690660e) (ShaderIncludeImporter) -> (artifact id: '2b7d4275608c06d377e802691a801385') in 0.0236215 seconds
Start importing Packages/com.unity.render-pipelines.universal/Shaders/UnlitForwardPass.hlsl using Guid(574332cc54d34b3b96cd214f5febe833) (ShaderIncludeImporter) -> (artifact id: 'e2cf2bb16ada96214aa61ae8779b6a99') in 0.0294477 seconds
Start importing Packages/com.unity.render-pipelines.universal/ShaderLibrary/UniversalMetaPass.hlsl using Guid(573542356fb54fe4583ff78639189cf8) (ShaderIncludeImporter) -> (artifact id: '055eed10ded5189fad8e37cb5f71138d') in 0.0275409 seconds
Start importing Packages/com.unity.render-pipelines.universal/Shaders/Utils/Universal2D.hlsl using Guid(67e3e0cfa0204244683a6c506307f311) (ShaderIncludeImporter) -> (artifact id: '27910d759c79e21b1086472e8168fe91') in 0.0231763 seconds
Start importing Packages/com.unity.render-pipelines.universal/ShaderLibrary/ShaderVariablesFunctions.deprecated.hlsl using Guid(77a6d2810aa974e0bad8b56aec6e87f4) (ShaderIncludeImporter) -> (artifact id: '42db13cb2bc5fdfdf6c2cc63243c279d') in 0.0155861 seconds
Start importing Packages/com.unity.render-pipelines.universal/ShaderLibrary/GBufferOutputFormat.hlsl using Guid(87322610c9b88a64e8bce40c056d8116) (ShaderIncludeImporter) -> (artifact id: '1b24a2ef63c47cec4ce5844d25b21eb2') in 0.0234634 seconds
Start importing Packages/com.unity.shadergraph/Editor/Generation/Targets/BuiltIn/ShaderLibrary/Shadows.hlsl using Guid(87c2af44d69c0194687e11c33c85f6c2) (ShaderIncludeImporter) -> (artifact id: 'ffb46551ea43c0d8ebcca6f556893ff9') in 0.024711 seconds
Start importing Packages/com.unity.render-pipelines.universal/Runtime/RendererFeatures/SurfaceCacheGI/SurfaceCacheCore/UniformEstimation.hlsl using Guid(87f25dcc02b54e84ab16e783d04d72d8) (ShaderIncludeImporter) -> (artifact id: 'a756107819a89a5065c22ef9a18e994b') in 0.0042475 seconds
Start importing Packages/com.unity.render-pipelines.universal/Shaders/2D/Include/ShadowProjectVertex.hlsl using Guid(97832dc646b4fb4498bf5aa61e366c13) (ShaderIncludeImporter) -> (artifact id: '459f1430ddf09488d8dc88d6cacc66ac') in 0.0149876 seconds
Start importing Packages/com.unity.render-pipelines.universal/Shaders/Utils/CopyDepthPass.hlsl using Guid(971e7c84ed6bc40fc95bdbb2e008013f) (ShaderIncludeImporter) -> (artifact id: 'de0a052fb66c901b2d52dc2b8f7a35b7') in 0.0241917 seconds
Start importing Packages/com.unity.render-pipelines.universal/Shaders/Terrain/WavingGrassDepthNormalsPass.hlsl using Guid(97ce72d5527034cbca1d95b53d583472) (ShaderIncludeImporter) -> (artifact id: 'e78287aad14f526aa0813ae0b335a763') in 0.0265623 seconds
Start importing Packages/com.unity.render-pipelines.universal/ShaderLibrary/LightCookie/LightCookieInput.hlsl using Guid(a70b6c101edaa442a80370b0d514fb3c) (ShaderIncludeImporter) -> (artifact id: '353d2f218d28b217bf609620cc16ba98') in 0.0289144 seconds
Start importing Packages/com.unity.render-pipelines.core/Runtime/GPUDriven/InstanceOcclusionCuller.cs.hlsl using Guid(a71fe447aa3034341b4a16245852e2f5) (ShaderIncludeImporter) -> (artifact id: 'ae6d0ccdd602a3e984bbc027db9920c8') in 0.0261395 seconds
Start importing Packages/com.unity.render-pipelines.universal/Shaders/Particles/ParticlesEditorPass.hlsl using Guid(b75058dfffdae7a41bf0373f3d2f264c) (ShaderIncludeImporter) -> (artifact id: '73354632a7b762bdb1c9bc491c24ccf3') in 0.0278752 seconds
Start importing Packages/com.unity.render-pipelines.universal/Shaders/DepthNormalsPass.hlsl using Guid(b76d45ea333b2a049bc45c5328ef3e7c) (ShaderIncludeImporter) -> (artifact id: '434a8f2cc616b035f762404cbdf64bcd') in 0.029286 seconds
Start importing Packages/com.unity.render-pipelines.universal/ShaderLibrary/ParticlesInstancing.hlsl using Guid(c70398529f54bc44ca6a3ed0211e039f) (ShaderIncludeImporter) -> (artifact id: 'f2c6f48416aa0fb3a17f2cb8dc3911ff') in 0.0270034 seconds
Start importing Packages/com.unity.shadergraph/Editor/Generation/Targets/BuiltIn/Editor/ShaderGraph/Includes/BuiltInCanvasPass.hlsl using Guid(c79cdcb9c21d4339a577df76710eafd5) (ShaderIncludeImporter) -> (artifact id: 'ddc469c07568d2f8bc73e51f059d5722') in 0.0287015 seconds
Start importing Packages/com.unity.render-pipelines.core/Runtime/GPUDriven/InstanceData/InstanceTransformUpdateDefs.cs.hlsl using Guid(d73035ddef2bea3469c6784cf7f2e865) (ShaderIncludeImporter) -> (artifact id: '7180160fa486d9297f406d93ab6c562f') in 0.0284388 seconds
Start importing Packages/com.unity.render-pipelines.core/ShaderLibrary/MetaPass.hlsl using Guid(d7414e735eb09cd40855d8142a1c2e18) (ShaderIncludeImporter) -> (artifact id: 'ccf81b0c96107306ceaf5e8a8130d3ec') in 0.0281037 seconds
Start importing Packages/com.unity.render-pipelines.universal/Shaders/2D/Include/2DCommon.hlsl using Guid(e707208f874722b45a81cf2f59f81458) (ShaderIncludeImporter) -> (artifact id: 'af421ba3779dc22cbb1fcd7c75ee6bfe') in 0.0253568 seconds
Start importing Packages/com.unity.render-pipelines.core/ShaderLibrary/SphericalHarmonics.hlsl using Guid(e7990b191f2f28e4884a439c088c4fe0) (ShaderIncludeImporter) -> (artifact id: '1f77ab63705fcaa53a92eddd0fbed2fc') in 0.0291553 seconds
Start importing Packages/com.unity.render-pipelines.universal/Runtime/RendererFeatures/SurfaceCacheGI/SurfaceCacheCore/RestirCandidateTemporal.hlsl using Guid(e78ab4c515da1e442a19a4905ed03844) (ShaderIncludeImporter) -> (artifact id: '11fc3476bcaa23f79c206ce3b78329d1') in 0.0048546 seconds
Start importing Packages/com.unity.render-pipelines.universal/Shaders/UnlitInput.hlsl using Guid(e7ba75cc852b14b7f934978b5697bf1b) (ShaderIncludeImporter) -> (artifact id: '65bcba20103aa1eef9f02fa0531e0706') in 0.0277459 seconds
Start importing Packages/com.unity.shadergraph/Editor/Generation/Targets/BuiltIn/ShaderLibrary/ShaderGraphFunctions.hlsl using Guid(e74b0f1b5e52c5642a66b47b7fc87799) (ShaderIncludeImporter) -> (artifact id: 'cedc005a6f9016efa19b90ca196354f8') in 0.0295957 seconds
Start importing Packages/com.unity.render-pipelines.universal/Shaders/2D/Include/CombinedShapeLightShared.hlsl using Guid(e7ee44e4db2311b428e6f789318838f8) (ShaderIncludeImporter) -> (artifact id: '901ae6325472d5b24ab84042ba63ceef') in 0.027565 seconds
Start importing Packages/com.unity.render-pipelines.universal/Editor/Terrain/TerrainPassUtils.hlsl using Guid(08f4bc71ad275bc4b90168fda29f36b5) (ShaderIncludeImporter) -> (artifact id: 'a89468ce7502d2657aab55fbdb73ca5b') in 0.0037687 seconds
Start importing Packages/com.unity.shadergraph/Editor/Generation/Targets/BuiltIn/ShaderLibrary/Shim/UIShim.hlsl using Guid(0807df336df54b879e1b97aa9306c0da) (ShaderIncludeImporter) -> (artifact id: '9668ecd58101c9bb3c930e4adbfba771') in 0.0171593 seconds
Start importing Packages/com.unity.render-pipelines.core/Runtime/Vrs/Shaders/VrsMainTex.hlsl using Guid(08b9525dab8d497cb640174e593275d1) (ShaderIncludeImporter) -> (artifact id: 'b23941fcd6468d20d32d8b51af6bea7e') in 0.0410772 seconds
Start importing Packages/com.unity.render-pipelines.universal/ShaderLibrary/SurfaceData.hlsl using Guid(181b211e2007bd4478d853b8964457ab) (ShaderIncludeImporter) -> (artifact id: '4928f064fafbcb6a0a4c7b33795105d2') in 0.026569 seconds
Start importing Packages/com.unity.render-pipelines.universal/Shaders/2D/Include/SurfaceData2D.hlsl using Guid(2861459260b14a2481f8f8e7f6637d8f) (ShaderIncludeImporter) -> (artifact id: '95037b5ee209f753458e26780603f1ea') in 0.0328914 seconds
Start importing Packages/com.unity.render-pipelines.universal/Shaders/UnlitGBufferPass.hlsl using Guid(28fcbf208a4c04495b93bb6d554908e0) (ShaderIncludeImporter) -> (artifact id: '237bb0529b6e41ac413c5ec0c5ffbb6f') in 0.0249689 seconds
Start importing Packages/com.unity.render-pipelines.universal/Runtime/VFXGraph/Shaders/VFXCommon.hlsl using Guid(385bc181e02fb7549a92fc001133ad46) (ShaderIncludeImporter) -> (artifact id: '026338b7c786d277ed5cd87f00f42141') in 0.0290958 seconds
Start importing Packages/com.unity.shadergraph/Editor/Generation/Targets/BuiltIn/Editor/ShaderGraph/Includes/Varyings.hlsl using Guid(48ba7a8ce29978c4690d3d53549a5a4c) (ShaderIncludeImporter) -> (artifact id: '1cb66669934fced0d9d6f3f14c16059f') in 0.0182227 seconds
Start importing Packages/com.unity.render-pipelines.universal/ShaderLibrary/Particles.hlsl using Guid(58997c4bd657ad848919e91029ee01eb) (ShaderIncludeImporter) -> (artifact id: '587a5a8772c68e570548f6b6e0189cb2') in 0.0290154 seconds
Start importing Packages/com.unity.render-pipelines.core/Runtime/Lighting/ProbeVolume/ProbeVolume.hlsl using Guid(688129ab15b222340a2c7fa427269889) (ShaderIncludeImporter) -> (artifact id: '285f9beafc2d2e596de0dd87d5bce0d2') in 0.0285536 seconds
Start importing Packages/com.unity.render-pipelines.universal/ShaderLibrary/UnityGBuffer.hlsl using Guid(688ed6f8ef8246529e7fdd721e43d639) (ShaderIncludeImporter) -> (artifact id: 'd628a2a222c8401e8640fd94c8d0eef3') in 0.0154799 seconds
Start importing Packages/com.unity.render-pipelines.universal/Editor/ShaderGraph/Includes/Terrain/DepthNormalsOnlyPass.hlsl using Guid(78121747aa974234f94f7fda667dbbe1) (ShaderIncludeImporter) -> (artifact id: '2126eba93685ac21e3223f098a9654a8') in 0.0175701 seconds
Start importing Packages/com.unity.shadergraph/Editor/Generation/Targets/BuiltIn/ShaderLibrary/SurfaceData.hlsl using Guid(88329a10539cce1418e6aa8c8b62c896) (ShaderIncludeImporter) -> (artifact id: '422b404fe6880f18e30978b2b7a8475a') in 0.0158188 seconds
Start importing Packages/com.unity.render-pipelines.universal/ShaderLibrary/LightCookie/LightCookie.hlsl using Guid(8878828335bd847b493e10211fcbf825) (ShaderIncludeImporter) -> (artifact id: '8386f0f52bfe2f88bbdb4ef48b3d2d80') in 0.030093 seconds
Start importing Packages/com.unity.render-pipelines.universal/Shaders/2D/Include/Core2D.hlsl using Guid(882f88039036f6c49a8df5ce3d214444) (ShaderIncludeImporter) -> (artifact id: 'c1f3a6afaad2f1b10b83fa39bfb77795') in 0.029198 seconds
Start importing Packages/com.unity.render-pipelines.universal/ShaderLibrary/Deprecated.hlsl using Guid(9802e36ef1c38064d9bcd7bf2e01cccb) (ShaderIncludeImporter) -> (artifact id: 'a2dbff075d600e0c8c86aeb0006f6c93') in 0.0265085 seconds
Start importing Packages/com.unity.render-pipelines.universal/Shaders/Particles/ParticlesLitForwardPass.hlsl using Guid(a8d5c97876fe84413b2f630e2debf75b) (ShaderIncludeImporter) -> (artifact id: 'c186d5fa8e308c171c0ae7cbc2ba05a5') in 0.0284225 seconds
Start importing Packages/com.unity.render-pipelines.universal/Shaders/Terrain/TerrainLitInput.hlsl using Guid(a817cb90496894b368593402e13b040c) (ShaderIncludeImporter) -> (artifact id: '1d1df1164648d3a52340f5783c1c404b') in 0.0183677 seconds
Start importing Packages/com.unity.render-pipelines.universal/ShaderLibrary/ShaderVariablesFunctions.hlsl using Guid(a8db2eae5ac4548a683f17e8c528c05c) (ShaderIncludeImporter) -> (artifact id: '8a218ea6749e5251f3e3be7f1352b822') in 0.0308755 seconds
Start importing Packages/com.unity.render-pipelines.core/ShaderLibrary/CommonShadow.hlsl using Guid(a85db80be6def144e938df4cbf0d1aa6) (ShaderIncludeImporter) -> (artifact id: '21f3864ee28d3beb7f4f0f95f04e534f') in 0.0281369 seconds
Start importing Packages/com.unity.render-pipelines.core/Runtime/UnifiedRayTracing/TraceRay.hlsl using Guid(d89584fc78a387b4b89d50da624e2695) (ShaderIncludeImporter) -> (artifact id: 'b5d835f9178e3b10893ac9cc25706194') in 0.0201042 seconds
Start importing Packages/com.unity.render-pipelines.universal/Editor/ShaderGraph/Includes/MotionVectorPass.hlsl using Guid(d8b8f4c97d2074ea9a54a1d0dbefb62c) (ShaderIncludeImporter) -> (artifact id: '6427f194c201df6beec740b13b78285f') in 0.0042334 seconds
Start importing Packages/com.unity.shadergraph/Editor/Generation/Targets/Terrain/Includes/TerrainTextureVariables.hlsl using Guid(d85c65f9f4934f44bfa653df1ef8875c) (ShaderIncludeImporter) -> (artifact id: '10e7c612f28d8fac67bece28c50cc108') in 0.0292925 seconds
Start importing Packages/com.unity.render-pipelines.universal/ShaderLibrary/Debug/Debugging3D.hlsl using Guid(d8ae717b647341719f2a89f20faaf51b) (ShaderIncludeImporter) -> (artifact id: 'b250aaa4b46afdd33101915572e06a31') in 0.0402114 seconds
Start importing Packages/com.unity.render-pipelines.core/ShaderLibrary/API/Switch.hlsl using Guid(e81335bf0a3c45c4fa81ed2fe67eeba0) (ShaderIncludeImporter) -> (artifact id: '099ffeeb79a282bb7b3b465dfabae3ba') in 0.0289591 seconds
Start importing Packages/com.unity.render-pipelines.core/ShaderLibrary/API/FoveatedRendering_Metal.hlsl using Guid(e885d2d1e5bc4382b9f742451fef9b1f) (ShaderIncludeImporter) -> (artifact id: 'b41dc7b3b492d9a58f635740d346e0d9') in 0.0314344 seconds
Start importing Packages/com.unity.render-pipelines.core/ShaderLibrary/DebugMipmapStreamingMacros.hlsl using Guid(0986d558af63ed0418f7eb24eeaa2308) (ShaderIncludeImporter) -> (artifact id: '58c8883caf2dceff7aad099d56cbfbc3') in 0.0309721 seconds
Start importing Packages/com.unity.render-pipelines.core/ShaderLibrary/ThreadingEmuImpl.hlsl using Guid(093f86242d8d4e64187076599c7f708e) (ShaderIncludeImporter) -> (artifact id: 'ddf7373b89c73c9984e46f7ab5f5f6d1') in 0.0307048 seconds
Start importing Packages/com.unity.render-pipelines.universal/Editor/2D/ShaderGraph/Includes/Mesh2DLitPass.hlsl using Guid(19a7eabf161c29846b42f73a2965d39b) (ShaderIncludeImporter) -> (artifact id: 'd8edf7ef35f963fcd12f4c9aab0d2071') in 0.0050349 seconds
Start importing Packages/com.unity.render-pipelines.universal/ShaderLibrary/DeclareOpaqueTexture.hlsl using Guid(29619926ce55c944aa978fe5e07cc3db) (ShaderIncludeImporter) -> (artifact id: '19efa1e356eb1829e5f13d63d96fa3d8') in 0.0275918 seconds
Start importing Assets/TextMesh Pro/Shaders/TMPro_Properties.cginc using Guid(3997e2241185407d80309a82f9148466) (ShaderIncludeImporter) -> (artifact id: '4d14005c770ea83201df61513d861ddf') in 0.0042021 seconds
Start importing Packages/com.unity.render-pipelines.universal/ShaderLibrary/LightCookie/LightCookieTypes.hlsl using Guid(394c5e9a352f74e998cb797d7aa461d4) (ShaderIncludeImporter) -> (artifact id: '2a84f2e6c5da24832eb2e00745c488ad') in 0.0323145 seconds
Start importing Packages/com.unity.shadergraph/Editor/Generation/Targets/BuiltIn/Editor/ShaderGraph/Includes/LightingMetaPass.hlsl using Guid(395ef430db5747842b555e50b3c7b330) (ShaderIncludeImporter) -> (artifact id: 'f05d1e1dffbff550d2ac2fb193b69f73') in 0.0313909 seconds
Start importing Packages/com.unity.render-pipelines.universal/Editor/2D/ShaderGraph/Includes/SpriteNormalPass.hlsl using Guid(39ce338156d9f6b40b4702eb2d26d40d) (ShaderIncludeImporter) -> (artifact id: '2504f78fe2be176a3622cac90a5dbae4') in 0.0166857 seconds
Start importing Packages/com.unity.render-pipelines.core/ShaderLibrary/DynamicScalingClamping.hlsl using Guid(49883cc3d16fa0241a1c9114ce9a1f64) (ShaderIncludeImporter) -> (artifact id: 'ea16145742966e9fadde08c89d0148f7') in 0.029783 seconds
Start importing Packages/com.unity.render-pipelines.universal/Editor/ShaderGraph/Includes/Terrain/PBRGBufferPass.hlsl using Guid(6970aba7f3c314f4fa5d5b93188b6de3) (ShaderIncludeImporter) -> (artifact id: '3a035531728d55069700e785b4f2b4e5') in 0.0039721 seconds
Start importing Packages/com.unity.render-pipelines.universal/Shaders/Nature/SpeedTree7BillboardInput.hlsl using Guid(693515911c7346d448c10a3cfc4acf45) (ShaderIncludeImporter) -> (artifact id: '4a3c5298593c0d9080bde6762c9b571e') in 0.0283155 seconds
Start importing Packages/com.unity.render-pipelines.universal/Shaders/PostProcessing/FXAA3_11.hlsl using Guid(691e950f7acb24df5be4c31303d0991a) (ShaderIncludeImporter) -> (artifact id: 'e39da946d857f0bd1081c434ce05ae39') in 0.0278373 seconds
Start importing Packages/com.unity.render-pipelines.universal/Shaders/2D/Include/Normals2DCommon.hlsl using Guid(694e01e6361351641bfb5cc5fc69f087) (ShaderIncludeImporter) -> (artifact id: '975ea5731aa68088ae3e537fd312a094') in 0.0253307 seconds
Start importing Packages/com.unity.render-pipelines.core/ShaderLibrary/TextureStack.hlsl using Guid(79641ba14fe04324b8905bafbf3e82ed) (ShaderIncludeImporter) -> (artifact id: '6d8e8fd32d6eb517e11c5fcd81c412bd') in 0.0316383 seconds
Start importing Packages/com.unity.render-pipelines.core/ShaderLibrary/Texture.hlsl using Guid(79062f3c36657da4e9a366000411cf78) (ShaderIncludeImporter) -> (artifact id: '4ed13b885b612beff99adfda35180eec') in 0.2705823 seconds
Start importing Packages/com.unity.render-pipelines.core/ShaderLibrary/UnityDOTSInstancing.hlsl using Guid(89aebf2868d41e34abc02aae1d41b4cd) (ShaderIncludeImporter) -> (artifact id: '206ef8e74915f45ad1928a06851633c0') in 0.5377639 seconds
Start importing Packages/com.unity.shadergraph/Editor/Generation/Targets/BuiltIn/ShaderLibrary/ParticlesInstancing.hlsl using Guid(9989d64681f299941b8d598b04007e82) (ShaderIncludeImporter) -> (artifact id: '9515c287c90104789ff90bb331019f0f') in 0.2671252 seconds
Start importing Packages/com.unity.render-pipelines.universal/Shaders/2D/Include/NormalsRenderingShared.hlsl using Guid(b9c3f97797bd9374cb2607614554fe54) (ShaderIncludeImporter) -> (artifact id: '964108ef758d3bb5c3cbf05a728ac841') in 0.0802115 seconds
Start importing Packages/com.unity.render-pipelines.universal/Shaders/2D/Include/SpriteMaskShared.hlsl using Guid(c9ac51d204bc24b118ec6bc5ab6c29c6) (ShaderIncludeImporter) -> (artifact id: '85cda7298d7b113dad2ac3211911a190') in 0.0379057 seconds
Start importing Assets/TextMesh Pro/Shaders/TMPro_Surface.cginc using Guid(d930090c0cd643c7b55f19a38538c162) (ShaderIncludeImporter) -> (artifact id: '1a80f3a439dc1f145e3d2ea1bc724495') in 0.0035727 seconds
Start importing Packages/com.unity.render-pipelines.universal/Shaders/Particles/ParticlesDepthOnlyPass.hlsl using Guid(e9795406c7fc049d2b125cce47405fa9) (ShaderIncludeImporter) -> (artifact id: 'd3aac80a75ed727432a6382af10d94b9') in 0.0284213 seconds
Start importing Packages/com.unity.render-pipelines.universal/Shaders/Nature/SpeedTree8Input.hlsl using Guid(e9fc1df17be32ac41a7186d571c669d5) (ShaderIncludeImporter) -> (artifact id: '9b55297ed0b55f74375e138f8f8e8fbb') in 0.0256245 seconds
Start importing Packages/com.unity.render-pipelines.core/ShaderLibrary/Sampling/SampleUVMappingNormalInternal.hlsl using Guid(f941b2119184e624a8ecd126735c5ed0) (ShaderIncludeImporter) -> (artifact id: '0739d0bfe6dceb4f097db5a8bda17840') in 0.0281465 seconds
Start importing Packages/com.unity.render-pipelines.core/ShaderLibrary/PerPixelDisplacement.hlsl using Guid(0a40799d368cbbd4982d2f423cdd8595) (ShaderIncludeImporter) -> (artifact id: '070e3623439d682ef60d77206dc8b3be') in 0.029002 seconds
Start importing Packages/com.unity.render-pipelines.universal/Shaders/DepthOnlyPass.hlsl using Guid(0acd4fdbcf0cf654a9cdf3e9ccc2edce) (ShaderIncludeImporter) -> (artifact id: 'b280b4b5e8cc228db0b137874f5e30df') in 0.0290541 seconds
Start importing Packages/com.unity.render-pipelines.core/Runtime/UnifiedRayTracing/Hardware/HardwareRaygenShader.hlsl using Guid(1ad0a9c8f99bbe642b782fd45551c0a1) (ShaderIncludeImporter) -> (artifact id: '958da1402d9052569a7b5cdad7b73cef') in 0.0289649 seconds
Start importing Packages/com.unity.render-pipelines.core/ShaderLibrary/SixWayLighting.hlsl using Guid(1a3c09fe584943f9ba43ae5a5cf0700d) (ShaderIncludeImporter) -> (artifact id: '1e62a34d33fe0a11938ea3dad0d8b0d1') in 0.0331432 seconds
Start importing Packages/com.unity.render-pipelines.universal/Shaders/Particles/ParticlesInput.hlsl using Guid(1acd75ff24dbc43cca235408192130b7) (ShaderIncludeImporter) -> (artifact id: 'dad2be42c763cbe716144c7d30add102') in 0.0285819 seconds
Start importing Packages/com.unity.shadergraph/Editor/Generation/Targets/BuiltIn/ShaderLibrary/Input.hlsl using Guid(1a6eb37d2c834244cbdd9d92ce6a52ed) (ShaderIncludeImporter) -> (artifact id: '2b7a5b869fc43cf27c6cd6ba6ee3f1bb') in 0.0307636 seconds
Start importing Packages/com.unity.render-pipelines.core/ShaderLibrary/AreaLighting.hlsl using Guid(2af09bb13e6547242913c40dfb0e50f9) (ShaderIncludeImporter) -> (artifact id: 'ac99518b93f15ed63264b0ff1c90f73e') in 0.030036 seconds
Start importing Packages/com.unity.render-pipelines.core/Runtime/PostProcessing/Shaders/ffx/ffx_fsr1.hlsl using Guid(2a92c8c54bb0f63458be93b670c77c3b) (ShaderIncludeImporter) -> (artifact id: '6989396144e5a5d744b1c88aa7e6a263') in 0.0269718 seconds
Start importing Packages/com.unity.render-pipelines.core/Runtime/PostProcessing/Shaders/ffx/ffx_cas.hlsl using Guid(2a9d148fab2695346824a766e925a31f) (ShaderIncludeImporter) -> (artifact id: 'ef91aba14c4f3df843890077e5064398') in 0.0265102 seconds
Start importing Packages/com.unity.render-pipelines.universal/Editor/ShaderGraph/Includes/Terrain/TerrainVert.hlsl using Guid(3a737aafdc720423fac5e90590a0f05f) (ShaderIncludeImporter) -> (artifact id: '72ea5de27719a9f2ab689bed22b57242') in 0.0045233 seconds
Start importing Packages/com.unity.shadergraph/Editor/Generation/Targets/BuiltIn/ShaderLibrary/Shim/SurfaceShaderProxy.hlsl using Guid(3a5c1c06341ec0448a21f4659568cf1b) (ShaderIncludeImporter) -> (artifact id: 'c0340d6e3180b98956b32f3931d1a312') in 0.0081126 seconds
Start importing Packages/com.unity.render-pipelines.universal/Editor/2D/ShaderGraph/Includes/SpriteForwardPass.hlsl using Guid(4ad8b54817d9f5441910014b5ceb8583) (ShaderIncludeImporter) -> (artifact id: 'e106572f87333e5dab431eada03c1082') in 0.0040217 seconds
Start importing Packages/com.unity.render-pipelines.core/Editor/Lighting/ProbeVolume/ProbeGIBaking.Dilate.cs.hlsl using Guid(5a1695d093636284ca9487c8124775c5) (ShaderIncludeImporter) -> (artifact id: '707395630ce0061195951be162d9164e') in 0.0133818 seconds
Start importing Packages/com.unity.render-pipelines.universal/Shaders/Terrain/TerrainDetailLitInput.hlsl using Guid(6aa45ba0b4524671ae57fb74652592f3) (ShaderIncludeImporter) -> (artifact id: 'ebccc54c5cf2f3e92dd0d50a993c2ed5') in 0.0304943 seconds
Start importing Packages/com.unity.shadergraph/GraphTemplates/Cross Pipeline/GetSceneNormal.hlsl using Guid(7a885bf8770318b4f97d51502ba92b06) (ShaderIncludeImporter) -> (artifact id: 'e5bc4ed74fec9cda4bc199258189653e') in 0.022359 seconds
Start importing Packages/com.unity.render-pipelines.core/Runtime/GPUDriven/GeometryUtilities.hlsl using Guid(8ae16c27ed16096458605a6fc56994c8) (ShaderIncludeImporter) -> (artifact id: 'b6db79811fb5f4fc65f2227cf811591c') in 0.0286611 seconds
Start importing Packages/com.unity.render-pipelines.core/Runtime/Sampling/SobolSampling.hlsl using Guid(8a9360b3acf7c304cbcb5a54b9b89409) (ShaderIncludeImporter) -> (artifact id: '9fec6968a90cfd86257e6ad74b8a32fd') in 0.0263891 seconds
Start importing Packages/com.unity.shadergraph/Editor/Generation/Targets/BuiltIn/ShaderLibrary/Deprecated.hlsl using Guid(8ac4c7f9b9937b64885ce949fc6d6525) (ShaderIncludeImporter) -> (artifact id: '5db671767109b4023286e16313efabb7') in 0.0235761 seconds
Start importing Packages/com.unity.render-pipelines.core/Runtime/UnifiedRayTracing/Compute/RadeonRays/kernels/math.hlsl using Guid(8a988affc98dd434aadd71fe6be1061f) (ShaderIncludeImporter) -> (artifact id: 'c3b14f68cfb9d29208f0eaf0bdbcda15') in 0.0240479 seconds
Start importing Packages/com.unity.render-pipelines.universal/Shaders/ShadowCasterPass.hlsl using Guid(9a48a2987a0e11645adf07fe4a8d5ec9) (ShaderIncludeImporter) -> (artifact id: '4914621493ad915d73763580e02abf8d') in 0.0153296 seconds
Start importing Packages/com.unity.render-pipelines.universal/ShaderLibrary/ShaderGraphFunctions.hlsl using Guid(9adc879d74aec4400bbdce89ff664a05) (ShaderIncludeImporter) -> (artifact id: '6c5d6959ff3faafad850ffe164f65a06') in 0.0225116 seconds
Start importing Packages/com.unity.render-pipelines.universal/Shaders/Terrain/TerrainTextureNode.hlsl using Guid(aa602bf7da734370bdb394a751f56555) (ShaderIncludeImporter) -> (artifact id: '774cfd93fbc62b5d8e48f7820d9cc3e1') in 0.0218244 seconds
Start importing Packages/com.unity.render-pipelines.universal/Editor/ShaderGraph/Includes/ShaderVariablesDecal.hlsl using Guid(aa80e1eae2080d849a7ab1ccfbd6953c) (ShaderIncludeImporter) -> (artifact id: '94825bbab25d398be20f2a374049f2d2') in 0.0047779 seconds
Start importing Packages/com.unity.render-pipelines.core/ShaderLibrary/Sampling/Hammersley.hlsl using Guid(aa5e319c8b8499f4fba1c3ecdd133545) (ShaderIncludeImporter) -> (artifact id: '6a1709bbfb29ed7eabf912afe0389cf2') in 0.0237743 seconds
Start importing Packages/com.unity.render-pipelines.core/Runtime/Sampling/Hashes.hlsl using Guid(ba9242b5d88ccf2489a51d94185a1300) (ShaderIncludeImporter) -> (artifact id: '31f5c40bfb69a442f9ab5488d9928265') in 0.025302 seconds
Start importing Packages/com.unity.render-pipelines.universal/Editor/ShaderGraph/Includes/ShaderPass.hlsl using Guid(ba78d2682f9fed14fb0827a24fb5a1f0) (ShaderIncludeImporter) -> (artifact id: '25de83565803fe2a60273b7d4cb12ab0') in 0.0035199 seconds
Start importing Packages/com.unity.render-pipelines.universal/Shaders/Terrain/WavingGrassInput.hlsl using Guid(ca55f7593a02f4c1ab1bdbc03282d7af) (ShaderIncludeImporter) -> (artifact id: '8e989f84f4bc3b00186ca23ff34101e6') in 0.0234736 seconds
Start importing Packages/com.unity.render-pipelines.core/ShaderLibrary/CommonDeprecated.hlsl using Guid(ca3a5025616550a40816a5272a4f7631) (ShaderIncludeImporter) -> (artifact id: '881ac63173bade2af9d980430fb92aa7') in 0.0237343 seconds
Start importing Packages/com.unity.render-pipelines.universal/Shaders/Particles/ParticlesSimpleLitGBufferPass.hlsl using Guid(ca0e14e5bf6ac934086f42ca329f4ef1) (ShaderIncludeImporter) -> (artifact id: '7476a5a6593dc97da5711399448dd067') in 0.0249351 seconds
Start importing Packages/com.unity.render-pipelines.universal/Editor/ShaderGraph/Includes/SixWayForwardPass.hlsl using Guid(ea5e0c2b753f4b5287a5a23f0e61407e) (ShaderIncludeImporter) -> (artifact id: '0b74420d2f281cc4ff600a691116e309') in 0.0042741 seconds
Start importing Packages/com.unity.render-pipelines.universal/Shaders/PostProcessing/Common.hlsl using Guid(eaaf2a45502c59c4e907088b5f034c0c) (ShaderIncludeImporter) -> (artifact id: '3305029b37f535b8f3646a049e0b7ffc') in 0.024271 seconds
Start importing Packages/com.unity.shadergraph/Editor/Generation/Targets/Fullscreen/Includes/FullscreenDrawProcedural.hlsl using Guid(fa5319f2d61c4df44b77220af2406147) (ShaderIncludeImporter) -> (artifact id: '211238989735b95e21be8f156fc7047d') in 0.0262029 seconds
Start importing Packages/com.unity.shadergraph/Editor/Generation/Targets/BuiltIn/ShaderLibrary/Shim/Shims.hlsl using Guid(fa48edec2a3839b41a62407f4a233b81) (ShaderIncludeImporter) -> (artifact id: '14622bf70258c6a94665c2a21de29ffc') in 0.0155249 seconds
Start importing Packages/com.unity.shadergraph/Editor/Generation/Targets/Fullscreen/Includes/FullscreenShaderPass.cs.hlsl using Guid(fa6980c25ec2f164ba4a6fcb040eb870) (ShaderIncludeImporter) -> (artifact id: '405d5b02fcc0a37f940e2aad662910ee') in 0.0234416 seconds
Start importing Packages/com.unity.render-pipelines.core/ShaderLibrary/Hashes.hlsl using Guid(0bf6c7395c05c624d92ebdff0dcc1a61) (ShaderIncludeImporter) -> (artifact id: '0b03e84146c06948d7fc5c819dacd6cc') in 0.0266587 seconds
Start importing Packages/com.unity.render-pipelines.universal/ShaderLibrary/GlobalIllumination.hlsl using Guid(1be91b057dbe43239a838d9e45a42a32) (ShaderIncludeImporter) -> (artifact id: '2c3a82360d822c7ba5a1a46618c5decc') in 0.0146865 seconds
Start importing Packages/com.unity.render-pipelines.universal/ShaderLibrary/GBufferInput.hlsl using Guid(2b30f99b47dd40adaf41fd8e6573daa4) (ShaderIncludeImporter) -> (artifact id: 'eb297eaaf004492137af85c7cbc9e98e') in 0.0223197 seconds
Start importing Packages/com.unity.shadergraph/ShaderGraphLibrary/ShaderVariables.hlsl using Guid(2bc64066748469e48861ed835a8b806d) (ShaderIncludeImporter) -> (artifact id: '8c2d056e439d9efee6956df966f74eb5') in 0.0260762 seconds
Start importing Packages/com.unity.render-pipelines.universal/Editor/Terrain/TerrainPassDefine.template.hlsl using Guid(3b77405e9fadb4c408bbf830f615ce99) (ShaderIncludeImporter) -> (artifact id: '5a4363b6464fde387f3d12ea89221e42') in 0.0039892 seconds
Start importing Packages/com.unity.render-pipelines.universal/Editor/ShaderGraph/Includes/ShadowCasterPass.hlsl using Guid(3beb91c1958c67d47bb580c465e22f29) (ShaderIncludeImporter) -> (artifact id: '051fcc12ffda9ba1e413f152b0cdf778') in 0.0030451 seconds
Start importing Packages/com.unity.render-pipelines.universal/Shaders/2D/Include/Lit2DCommon.hlsl using Guid(4b0b97f5510f6a34681068f902b725d5) (ShaderIncludeImporter) -> (artifact id: '1dcdf719b116eae4e2b5c84f815de6bb') in 0.0241046 seconds
Start importing Packages/com.unity.render-pipelines.universal/ShaderLibrary/ShaderTypes.cs.hlsl using Guid(6be8cfeb6b34eca43b000cb7bad7255e) (ShaderIncludeImporter) -> (artifact id: '7546dd7a9dd0cb06b6058e81f97c4b57') in 0.0235456 seconds
Start importing Packages/com.unity.render-pipelines.universal/Shaders/Terrain/TerrainLitDepthNormalsPass.hlsl using Guid(7b6328a4b0ed14a9ea5e0629d7c7966c) (ShaderIncludeImporter) -> (artifact id: '887bf77b7942e666e8cb20ec929963f3') in 0.027911 seconds
Start importing Packages/com.unity.render-pipelines.universal/Runtime/RendererFeatures/SurfaceCacheGI/SurfaceCacheCore/IrradianceCompression.hlsl using Guid(7be701552a7670148a7c948d2b363156) (ShaderIncludeImporter) -> (artifact id: 'e90cb52cee3c7ffdb2f23afc61786d9f') in 0.0076113 seconds
Start importing Packages/com.unity.render-pipelines.core/Runtime/UnifiedRayTracing/Compute/RadeonRays/kernels/transform.hlsl using Guid(7b4dd253adea58d49a8347c5bcc08904) (ShaderIncludeImporter) -> (artifact id: 'c8bf28ac88e10a525eb9c7610fd1b4a8') in 0.0327891 seconds
Start importing Packages/com.unity.render-pipelines.core/Runtime/Debug/ProbeVolumeDebugFunctions.hlsl using Guid(7b7fb68bec939a04791463e4b8734f38) (ShaderIncludeImporter) -> (artifact id: '8e27f3d824c988d69bac8a283fd1d5e4') in 0.0062331 seconds
Start importing Packages/com.unity.render-pipelines.core/Runtime/PostProcessing/Shaders/ffx/ffx_lpm.hlsl using Guid(8b2264ffe26ac3e42b4077bfbc35941b) (ShaderIncludeImporter) -> (artifact id: 'd42535a58c7decfd10eed5f81499ac98') in 0.0274506 seconds
Start importing Packages/com.unity.render-pipelines.universal/Shaders/Nature/SpeedTree7BillboardPasses.hlsl using Guid(8ba36b6596e931145bbad992032afb1a) (ShaderIncludeImporter) -> (artifact id: '05994983ef5a2c10f3e64b979c2eaccb') in 0.0269112 seconds
Start importing Packages/com.unity.shadergraph/ShaderGraphLibrary/Nature/SpeedTree8Wind.hlsl using Guid(8b4aa8c48881d4142b1c30e408b503d8) (ShaderIncludeImporter) -> (artifact id: 'b6af647fc11f1a0d184d72822288c6cf') in 0.0265926 seconds
Start importing Packages/com.unity.shadergraph/Editor/Generation/Targets/BuiltIn/ShaderLibrary/ShaderVariablesFunctions.hlsl using Guid(9b185d0244daaf94894ec0689c057a42) (ShaderIncludeImporter) -> (artifact id: 'eb71e81c066192cc09d26b5191ca254c') in 0.0240374 seconds
Start importing Packages/com.unity.render-pipelines.universal/Editor/ShaderGraph/Includes/LightingMetaPass.hlsl using Guid(9b897418a23a04642a054cf9daa3bf54) (ShaderIncludeImporter) -> (artifact id: '7b147c10677afb4e4c3f65d440636eba') in 0.0035889 seconds
Start importing Packages/com.unity.render-pipelines.universal/Runtime/RendererFeatures/SurfaceCacheGI/SurfaceCacheCore/Common.hlsl using Guid(9bdf70d328f46724a8d2a29eacb6e8d7) (ShaderIncludeImporter) -> (artifact id: '12e3d072b256b2c9613a225f0a08822d') in 0.0033773 seconds
Start importing Packages/com.unity.ugui/Editor Resources/Shaders/TMP_SDF_SSD.cginc using Guid(abe6991365a27d341a10580f3b7c0f44) (ShaderIncludeImporter) -> (artifact id: '6210c9b75bcff879a66d3acd3c6dd96f') in 0.0191611 seconds
Start importing Packages/com.unity.render-pipelines.core/Runtime/UnifiedRayTracing/Compute/RadeonRays/kernels/trace_ray.hlsl using Guid(ab8d793352dffca4f9b91b50e2421b57) (ShaderIncludeImporter) -> (artifact id: 'caeae22ed9ff8274932cc2b49262ce0e') in 0.0251296 seconds
Start importing Packages/com.unity.shadergraph/ShaderGraphLibrary/Nature/SpeedTree9Wind.hlsl using Guid(dbd0aaccbcc575f468323e8991e68e98) (ShaderIncludeImporter) -> (artifact id: '2d751aec6b0ead0b483cd048f59b2991') in 0.0224311 seconds
Start importing Packages/com.unity.render-pipelines.universal/ShaderLibrary/GBufferOutput.hlsl using Guid(db51e39af1b3c01449a3e6b1ce782a48) (ShaderIncludeImporter) -> (artifact id: 'b14a8b4af31163ffd134d279fd9df06f') in 0.0218008 seconds
Start importing Packages/com.unity.render-pipelines.core/Runtime/Vrs/Shaders/VrsShadingRates.hlsl using Guid(dbb73cb4c1954036a32ce1ade17ac0fd) (ShaderIncludeImporter) -> (artifact id: 'd3a75696d03a5648a51816ce82f2729b') in 0.0337567 seconds
Start importing Packages/com.unity.shadergraph/GraphTemplates/Subgraphs/CanvasLinearSpaceConversion.hlsl using Guid(ebc2de0dabf4215478451d72641762ff) (ShaderIncludeImporter) -> (artifact id: 'c690503dede8f8c969a8324dd18eabc9') in 0.0229658 seconds
Start importing Packages/com.unity.render-pipelines.core/Runtime/Lighting/ProbeVolume/ProbeVolumeUploadDataCommon.hlsl using Guid(fb1453f13b855f444a8034b2db10ca61) (ShaderIncludeImporter) -> (artifact id: 'ef9bfe867865f568f9645c9290fa7ebb') in 0.0217356 seconds
Start importing Packages/com.unity.render-pipelines.universal/Shaders/PostProcessing/SubpixelMorphologicalAntialiasingBridge.hlsl using Guid(0c5832a72145a5b49a1b64a21a609bb4) (ShaderIncludeImporter) -> (artifact id: 'a69cd26a5b71b0f5439ecd24543c3fe6') in 0.0250369 seconds
Start importing Packages/com.unity.render-pipelines.core/Runtime/Debug/ProbeVolumeDebugBase.hlsl using Guid(0c0fc89bf58dc6d4590d0db55a62679e) (ShaderIncludeImporter) -> (artifact id: 'ce01fada4b1bcf355640e5d1e25fd789') in 0.0043617 seconds
Start importing Packages/com.unity.render-pipelines.universal/ShaderLibrary/AmbientOcclusion.hlsl using Guid(1c0cb2353d9a4debbc61e650002843f4) (ShaderIncludeImporter) -> (artifact id: 'd413f326bb01aaa85da7121a5c9b63b7') in 0.0284485 seconds
Start importing Packages/com.unity.shadergraph/Editor/Generation/Targets/BuiltIn/ShaderLibrary/UnityInput.hlsl using Guid(1c7ec01faf22529498d9ebac04dfafd4) (ShaderIncludeImporter) -> (artifact id: 'e78a0635bfeba66e0c5607532f0d02d8') in 0.024046 seconds
Start importing Packages/com.unity.shadergraph/ShaderGraphLibrary/ShaderConfig.cs.hlsl using Guid(2c6472a689b6ae34e806881d3066cfb3) (ShaderIncludeImporter) -> (artifact id: '577cbf0a8465c76f07bb9fb420f351f4') in 0.0198991 seconds
Start importing Packages/com.unity.render-pipelines.universal/Editor/2D/ShaderGraph/Includes/SpriteLitPass.hlsl using Guid(3ce18356597793947bd0f671f7363559) (ShaderIncludeImporter) -> (artifact id: 'cb664f728743a81c9be68b9a8df97caf') in 0.0042428 seconds
Start importing Packages/com.unity.render-pipelines.core/Runtime/Vrs/Shaders/VrsImage.hlsl using Guid(3cc7957ff84646bbbb849b88919e2109) (ShaderIncludeImporter) -> (artifact id: '31e3be685c98ef196fbc7a43b81094be') in 0.0412627 seconds
Start importing Packages/com.unity.render-pipelines.universal/Editor/ShaderGraph/Includes/PBR2DPass.hlsl using Guid(3cb98c83fcab8434296397682201b369) (ShaderIncludeImporter) -> (artifact id: 'cb02bdb0d5cbad1bb00a99f44e84a55e') in 0.0047355 seconds
Start importing Packages/com.unity.ugui/Editor Resources/Shaders/TMP_Properties.cginc using Guid(3c6c403084eacec478a1129ce20061ea) (ShaderIncludeImporter) -> (artifact id: '0b6510a7584c4ccb00079dbc08b3b282') in 0.005503 seconds
Start importing Packages/com.unity.render-pipelines.core/Runtime/UnifiedRayTracing/Compute/RayQuerySoftware.hlsl using Guid(3cae67c457a2ad24495f86529619c102) (ShaderIncludeImporter) -> (artifact id: '8378f0306c5a3b367052338f4cfb226a') in 0.0249373 seconds
Start importing Packages/com.unity.render-pipelines.universal/ShaderLibrary/Clustering.hlsl using Guid(5c52f3d26791c415b9e887442bfc817c) (ShaderIncludeImporter) -> (artifact id: '9203bacd6cc4ec754f0a6b52c2fbb18c') in 0.0271737 seconds
Start importing Packages/com.unity.render-pipelines.universal/ShaderLibrary/Shadows.hlsl using Guid(5cb845b7decdb4db6a7fcc676b127b6d) (ShaderIncludeImporter) -> (artifact id: 'f7d219d047f4515df2c6607adcccc848') in 0.0311954 seconds
Start importing Packages/com.unity.render-pipelines.universal/Shaders/2D/Include/ShapeLightVariables.hlsl using Guid(5ce9e51bf709e4e459da190b3cf4d110) (ShaderIncludeImporter) -> (artifact id: '6ba50cdd56895471936c0e993b1a772d') in 0.0267677 seconds
Start importing Packages/com.unity.render-pipelines.core/Runtime/GPUDriven/OccluderDepthPyramidConstants.cs.hlsl using Guid(5cbc804d3cb252947a62ba74b9e72d08) (ShaderIncludeImporter) -> (artifact id: '0f0b371ae39df8b047fe7a9342120111') in 0.0281118 seconds
Start importing Packages/com.unity.render-pipelines.universal/ShaderLibrary/MetaInput.hlsl using Guid(6c9c9877e9a3dff4fbc73fd447c653d8) (ShaderIncludeImporter) -> (artifact id: 'd0706f5645459d4323d1b509cac6dc2b') in 0.0216126 seconds
Start importing Packages/com.unity.shadergraph/Editor/Generation/Targets/BuiltIn/ShaderLibrary/Shim/HLSLSupportShim.hlsl using Guid(7c33a2e733f9c2a4185a4a03d7ed39ca) (ShaderIncludeImporter) -> (artifact id: 'c82bde28cd3bee7807e574464d274913') in 0.0258224 seconds
Start importing Packages/com.unity.shadergraph/Editor/Generation/Targets/BuiltIn/Editor/ShaderGraph/Includes/SpriteUnlitPass.hlsl using Guid(7c499715fdb4d7c479dcd3fd13abe0d0) (ShaderIncludeImporter) -> (artifact id: '829b213e2193ce55dabfdce6a2381473') in 0.0149543 seconds
Start importing Packages/com.unity.render-pipelines.core/ShaderLibrary/API/D3D11.hlsl using Guid(9c7140d7b956a4547bb71f8ed0dd9049) (ShaderIncludeImporter) -> (artifact id: '4a1d4001e329db98d9cad022f0101c36') in 0.0269495 seconds
Start importing Packages/com.unity.render-pipelines.universal/Runtime/VFXGraph/Shaders/VFXLitPixelOutput.hlsl using Guid(ac160f8e04d8868418f09da1757e85ac) (ShaderIncludeImporter) -> (artifact id: 'e00b5aa4c6579fe41e53c674d77cd90e') in 0.0295017 seconds
Start importing Packages/com.unity.render-pipelines.universal/Editor/2D/ShaderGraph/Includes/MeshUnlitPass.hlsl using Guid(bce3f62f3aca0994599f5113432c9136) (ShaderIncludeImporter) -> (artifact id: '67f3fdc1d3c8e4ffb60172e7d9116874') in 0.0042779 seconds
Start importing Packages/com.unity.render-pipelines.universal/ShaderLibrary/RenderingLayers.hlsl using Guid(bcd650cf6823f4f7fb62fe0eccae07b0) (ShaderIncludeImporter) -> (artifact id: 'da114a899ba25ac3d7abb32701aa9097') in 0.0245736 seconds
Start importing Packages/com.unity.render-pipelines.universal/ShaderLibrary/GBufferCommon.hlsl using Guid(bc7fdf95b149455c88d444108d74601c) (ShaderIncludeImporter) -> (artifact id: 'd14f9fe412b934f40ba3d2dce3501691') in 0.0222343 seconds
Start importing Packages/com.unity.render-pipelines.universal/Shaders/Particles/ParticlesLitGbufferPass.hlsl using Guid(cc421706a0b598946982fee0c0d4bf51) (ShaderIncludeImporter) -> (artifact id: '79e967ec0f327af7b3804122998e8767') in 0.0275752 seconds
Start importing Packages/com.unity.render-pipelines.core/ShaderLibrary/Threading.hlsl using Guid(cc0d8451b1d348689c76bbac2a797aaa) (ShaderIncludeImporter) -> (artifact id: '0dc3ce99f87669354bb9a6f078c69ad8') in 0.034078 seconds
Start importing Packages/com.unity.render-pipelines.universal/Shaders/LitMetaPass.hlsl using Guid(dcf4e762d48204e33b575f8007e3d563) (ShaderIncludeImporter) -> (artifact id: '926298f223db4279249a6603084fdbbb') in 0.0267087 seconds
Start importing Packages/com.unity.render-pipelines.core/Runtime/Lighting/ProbeVolume/ShaderVariablesProbeVolumes.cs.hlsl using Guid(dcbd446e83bc87d40b82dd90f8814c3c) (ShaderIncludeImporter) -> (artifact id: 'c9f52fcb492cc37f5c3b11f0f14a99ba') in 0.0278057 seconds
Start importing Packages/com.unity.render-pipelines.core/Runtime/UnifiedRayTracing/Common/GeometryPool/GeometryPoolDefs.cs.hlsl using Guid(eca78e9f751408043bef5b9d52db9d39) (ShaderIncludeImporter) -> (artifact id: 'ce677dd2f022ab648ffd105b9e10292b') in 0.0263675 seconds
Start importing Packages/com.unity.shadergraph/ShaderGraphLibrary/ShaderVariablesMatrixDefsLegacyUnity.hlsl using Guid(0d85288be460c884bba7ec9ef5c6684d) (ShaderIncludeImporter) -> (artifact id: 'e606f14d3149e7eb8d4fc5bc52b2e67a') in 0.013671 seconds
Start importing Packages/com.unity.shadergraph/ShaderGraphLibrary/PreviewPass.hlsl using Guid(0db5a27336918594d860a43da98f2b47) (ShaderIncludeImporter) -> (artifact id: '666813f87a1313739dd449b22fd488bd') in 0.021397 seconds
Start importing Packages/com.unity.shadergraph/Editor/Generation/Targets/Fullscreen/Includes/CustomRenderTexture.hlsl using Guid(0de8792ff52727f44925b54be00b9f18) (ShaderIncludeImporter) -> (artifact id: 'c9becd7229e9d580bf422b49b0951d1f') in 0.0303821 seconds
Start importing Packages/com.unity.render-pipelines.universal/Shaders/Particles/ParticlesUnlitInput.hlsl using Guid(0ddf9719bc9ff43e1a017712e21bb5e6) (ShaderIncludeImporter) -> (artifact id: 'fd9bbe7623fc1ebd0d0bdbd9aa62420a') in 0.0278481 seconds
Start importing Packages/com.unity.render-pipelines.core/Runtime/UnifiedRayTracing/Compute/RadeonRays/kernels/intersector_common.hlsl using Guid(1d3d4991676b46b4dbcffa10bf77e786) (ShaderIncludeImporter) -> (artifact id: '115bea84610bbe23bca33a21a735a8c5') in 0.0178948 seconds
Start importing Packages/com.unity.render-pipelines.universal/Shaders/PostProcessing/TemporalAA.hlsl using Guid(2d9f6a569c0b340a388b3e7c0428548c) (ShaderIncludeImporter) -> (artifact id: 'ab6a049028f695d48487f12e4e22be70') in 0.0310658 seconds
Start importing Packages/com.unity.render-pipelines.universal/Editor/ShaderGraph/Includes/SelectionPickingPass.hlsl using Guid(3d28e6c5572c3d8479d70ecfdc954692) (ShaderIncludeImporter) -> (artifact id: '1650ec8386f0cbcabd59a15fd490ad62') in 0.0040976 seconds
Start importing Packages/com.unity.render-pipelines.universal/Runtime/RendererFeatures/SurfaceCacheGI/SurfaceCacheCore/TemporalFiltering.hlsl using Guid(3d6e9bbc38b5ff841a484d47af117c33) (ShaderIncludeImporter) -> (artifact id: '7c072168839235e9ea9ff591f82a42dc') in 0.0044295 seconds
Start importing Packages/com.unity.render-pipelines.universal/ShaderLibrary/ObjectMotionVectors.hlsl using Guid(6d239a0044031854a817ab72a66ce766) (ShaderIncludeImporter) -> (artifact id: '6f5569706893c51e611c88915967ba1a') in 0.0262478 seconds
Start importing Packages/com.unity.render-pipelines.universal/Runtime/RendererFeatures/SurfaceCacheGI/SurfaceCacheCore/Estimation.hlsl using Guid(6d141c681d76ebf4a954f3cbee57173c) (ShaderIncludeImporter) -> (artifact id: '2db5478c3261f60676cf80187b4aa9b2') in 0.0161644 seconds
Start importing Packages/com.unity.render-pipelines.core/Runtime/Sampling/QuasiRandom.hlsl using Guid(6dd45a9bd35347a45b6cb0047cab846f) (ShaderIncludeImporter) -> (artifact id: 'c194614d1c4f307244a06826c4c345d4') in 0.0233961 seconds
Start importing Packages/com.unity.render-pipelines.universal/ShaderLibrary/DeclareRenderingLayerTexture.hlsl using Guid(6db8433897838284fa5c7571f3088db8) (ShaderIncludeImporter) -> (artifact id: 'c1245cb58f23490f63f2734c405bf9e2') in 0.022982 seconds
Start importing Packages/com.unity.render-pipelines.core/Runtime/UnifiedRayTracing/CommonStructs.hlsl using Guid(7d31f2834b1e0db45bc5e8596c3908cf) (ShaderIncludeImporter) -> (artifact id: '668c875b6a5f266ed9d69b7b95535e75') in 0.0146438 seconds
Start importing Packages/com.unity.render-pipelines.universal/ShaderLibrary/UnityTypes.hlsl using Guid(8d0dd75f99f9243d584a08489c8498b8) (ShaderIncludeImporter) -> (artifact id: '2111fc9206623c13384da65877920bf0') in 0.0237044 seconds
Start importing Packages/com.unity.render-pipelines.core/ShaderLibrary/Packing.hlsl using Guid(ad629edbad34c1c45afea3021c1553c8) (ShaderIncludeImporter) -> (artifact id: 'ba74eacbfa46763b1864dc2670841374') in 0.0256838 seconds
Start importing Packages/com.unity.render-pipelines.universal/Shaders/Terrain/TerrainLitPasses.hlsl using Guid(ad25529ea2516421ab5f1a2440bee139) (ShaderIncludeImporter) -> (artifact id: '2bff25c038a3d0c9ca0a091abcb381d4') in 0.02543 seconds
Start importing Packages/com.unity.render-pipelines.universal/Shaders/SimpleLitInput.hlsl using Guid(ad863d097888f42c6bcf419efb2946c5) (ShaderIncludeImporter) -> (artifact id: '3d78ddef99e6d66556ef478252cedb7e') in 0.0157074 seconds
Start importing Packages/com.unity.render-pipelines.core/Runtime/Utilities/BlitColorAndDepth.hlsl using Guid(cdea49463de0449b48cacd6a3925dcf7) (ShaderIncludeImporter) -> (artifact id: '3440b8bba9098dd290535310ac52f8ef') in 0.0246761 seconds
Start importing Packages/com.unity.shadergraph/Editor/Generation/Targets/BuiltIn/Editor/ShaderGraph/Includes/DepthOnlyPass.hlsl using Guid(cd9e404a0c5b4bb4787c63d916f217a2) (ShaderIncludeImporter) -> (artifact id: '139727572911e86f9d9f9523ffea850e') in 0.0243422 seconds
Start importing Packages/com.unity.render-pipelines.universal/Editor/ShaderGraph/Templates/SharedCode.template.hlsl using Guid(ed33028ae86f863468162a7c6b0ae962) (ShaderIncludeImporter) -> (artifact id: 'c6caf7c418c1bf6f4fd3ca2cbccbf34d') in 0.0035041 seconds
Start importing Packages/com.unity.render-pipelines.core/Runtime/STP/Stp.hlsl using Guid(edf9bcadab79ea842850b55b8d3a60d4) (ShaderIncludeImporter) -> (artifact id: '9e8a361e81764add024bcfbb6f608386') in 0.0241672 seconds
Start importing Packages/com.unity.render-pipelines.universal/Shaders/XR/XRMirrorView.hlsl using Guid(0eac51a8dfc8fa341a5f8c6450bc0f84) (ShaderIncludeImporter) -> (artifact id: '64a05444781017beb0e464101d0cc97a') in 0.0252576 seconds
Start importing Packages/com.unity.render-pipelines.core/ShaderLibrary/Tessellation.hlsl using Guid(1ea56bc9911bbad4191075872a46cc89) (ShaderIncludeImporter) -> (artifact id: '463e34bdd171d46e93039ee18377df9d') in 0.0149697 seconds
Start importing Packages/com.unity.render-pipelines.core/Runtime/GPUDriven/OcclusionCullingCommon.cs.hlsl using Guid(1ed97a1fe4775544caa75b92f1d8e9ae) (ShaderIncludeImporter) -> (artifact id: '5fc5d4dee754c25d7975ff1126a0a676') in 0.0246216 seconds
Start importing Packages/com.unity.shadergraph/Editor/Generation/Targets/BuiltIn/Editor/ShaderGraph/Includes/PBRGBufferPass.hlsl using Guid(3ed09dfc4bb69694ca13ae03dbab44df) (ShaderIncludeImporter) -> (artifact id: '10e3c6010f277b6971a235b4c75db5f4') in 0.0152899 seconds
Start importing Packages/com.unity.render-pipelines.universal/ShaderLibrary/DecalInput.hlsl using Guid(3e4be2c2c37a850478a159473b68a63f) (ShaderIncludeImporter) -> (artifact id: '591e4ae08f291fc6e567152c688dc867') in 0.0211508 seconds
Start importing Packages/com.unity.render-pipelines.universal/ShaderLibrary/Debug/Debugging2D.hlsl using Guid(4ee4501622ea4008903e313980a6b1b2) (ShaderIncludeImporter) -> (artifact id: 'a76504b1508bfc7cda56b26d80e1d2dd') in 0.0304202 seconds
Start importing Packages/com.unity.render-pipelines.universal/ShaderLibrary/RealtimeLights.hlsl using Guid(4e8e2a4c57cb4eb6bf8653ab88069a9c) (ShaderIncludeImporter) -> (artifact id: '52adbd4a27b414f9db8430d17a772f8c') in 0.0310063 seconds
Start importing Packages/com.unity.shadergraph/Editor/Generation/Targets/BuiltIn/Editor/ShaderGraph/Includes/LegacyBuilding.hlsl using Guid(5ef47fafdf6082a4ca29b49f85810af3) (ShaderIncludeImporter) -> (artifact id: 'dd2fb6d762f121363759d2cc144ca8e5') in 0.0257526 seconds
Start importing Packages/com.unity.render-pipelines.core/ShaderLibrary/BSDF.hlsl using Guid(5eb5e8e99ae281342bae5c7b296b3ae3) (ShaderIncludeImporter) -> (artifact id: '66c4c4bd4eddb8d4a9af2fbd74af874c') in 0.0263669 seconds
Start importing Packages/com.unity.render-pipelines.universal/ShaderLibrary/ForwardPlusKeyword.deprecated.hlsl using Guid(7e363e809b854c74b30d5945820534d4) (ShaderIncludeImporter) -> (artifact id: 'd21c5b11ebdb9531968fb63b55a25b55') in 0.0156526 seconds
Start importing Packages/com.unity.shadergraph/Editor/Generation/Targets/BuiltIn/ShaderLibrary/DeclareNormalsTexture.hlsl using Guid(8e70e91938193854da65cb4c9d09b99b) (ShaderIncludeImporter) -> (artifact id: '388c93dae625480b0d20de2903579d09') in 0.0218154 seconds
Start importing Packages/com.unity.render-pipelines.core/Runtime/PostProcessing/LensFlareDataSRP.cs.hlsl using Guid(9ee7f7178a92d554fa636bc513594ded) (ShaderIncludeImporter) -> (artifact id: '358bd8e35b085dc5f1e025bf22d073ee') in 0.022008 seconds
Start importing Packages/com.unity.render-pipelines.universal/Editor/ShaderGraph/Includes/DepthNormalsOnlyPass.hlsl using Guid(9ebb19659794b47c59986fcc45692a0d) (ShaderIncludeImporter) -> (artifact id: '49647c646324a853ef25fa01f8f11679') in 0.0035582 seconds
Start importing Packages/com.unity.render-pipelines.core/ShaderLibrary/ImageBasedLighting.hlsl using Guid(ae4dc0bfd9fc0b544a109513ba841d30) (ShaderIncludeImporter) -> (artifact id: 'ab57355ca60f4e28b7478d0354670d12') in 0.0247716 seconds
Start importing Packages/com.unity.render-pipelines.universal/Shaders/UnlitDepthNormalsPass.hlsl using Guid(ce8b43269e26f4263ac0da53665264b9) (ShaderIncludeImporter) -> (artifact id: 'c884442c87502e1556e493687cb9736a') in 0.0235389 seconds
Start importing Packages/com.unity.render-pipelines.universal/Shaders/XR/XRVisibilityMeshHelper.hlsl using Guid(ded32ce19f1afce42a36cb8e415e3aca) (ShaderIncludeImporter) -> (artifact id: '83bebadc84e361e33fde99ef765568b3') in 0.0136425 seconds
Start importing Packages/com.unity.render-pipelines.core/Runtime/PostProcessing/Shaders/FSRCommon.hlsl using Guid(ee30e890854422d4c85fb895d34e2a53) (ShaderIncludeImporter) -> (artifact id: 'aac571db7b2a8209a230c9a815ac1d71') in 0.0261443 seconds
Start importing Packages/com.unity.render-pipelines.universal/Shaders/SimpleLitForwardPass.hlsl using Guid(ee447e65526c7db45a978c16b28827a9) (ShaderIncludeImporter) -> (artifact id: 'b581cc848b5538b67c43230c620a2f30') in 0.0251456 seconds
Start importing Packages/com.unity.render-pipelines.core/ShaderLibrary/GeometricTools.hlsl using Guid(eebfba22df48acf4b978d98000cb10e6) (ShaderIncludeImporter) -> (artifact id: '123fa68d11c09a96704461d4ad995721') in 0.024571 seconds
Start importing Packages/com.unity.render-pipelines.universal/Runtime/RendererFeatures/SurfaceCacheGI/SurfaceCacheCore/RisEstimation.hlsl using Guid(3fdd957f94ad7874198e756569ec013e) (ShaderIncludeImporter) -> (artifact id: '564228b4a3a4bfbfeafb712bbd8324ab') in 0.0042586 seconds
Start importing Packages/com.unity.render-pipelines.universal/Shaders/PostProcessing/SubpixelMorphologicalAntialiasing.hlsl using Guid(3f1f7ec9e0c852a48826fe085f257d80) (ShaderIncludeImporter) -> (artifact id: '3425ed5456f8e24f5c42ebfbdc188aaa') in 0.0259461 seconds
Start importing Packages/com.unity.render-pipelines.universal/Editor/ShaderGraph/Includes/UITKPass.hlsl using Guid(4f183ca0bce4b844b8b2b26d1a18159c) (ShaderIncludeImporter) -> (artifact id: '42ff260dc2e44034f96f7582843657f0') in 0.0041886 seconds
Start importing Packages/com.unity.render-pipelines.universal/Shaders/SimpleLitGBufferPass.hlsl using Guid(5f8cea4f4fce7414ab78bcbf51dca71c) (ShaderIncludeImporter) -> (artifact id: '0e956db20aa57587f9178d0475de9aa2') in 0.0475105 seconds
Start importing Packages/com.unity.render-pipelines.core/ShaderLibrary/VirtualTexturing.hlsl using Guid(6f22d4e29906d3c47892e0c92874b752) (ShaderIncludeImporter) -> (artifact id: 'bbdf0f499a8902c7e3722fc3d6e916f3') in 0.309507 seconds
Start importing Packages/com.unity.render-pipelines.core/ShaderLibrary/Shadow/ShadowSamplingTent.hlsl using Guid(6ff912bb23fcd5b468dd2e5c37addac3) (ShaderIncludeImporter) -> (artifact id: 'c20981142c9a838cafb9adc000524ab4') in 0.4538074 seconds
Start importing Packages/com.unity.shadergraph/Editor/Generation/Targets/BuiltIn/Editor/ShaderGraph/Includes/PBRForwardPass.hlsl using Guid(6fca0a7fb5d1b8648a17c83915199f6e) (ShaderIncludeImporter) -> (artifact id: '90f450d0ff14f21e8349a6e9889eefa8') in 0.2506532 seconds
Start importing Packages/com.unity.shadergraph/Editor/Generation/Targets/CustomRenderTexture/CustomTexture.hlsl using Guid(8f43a880cf1819049aa196a7696ee562) (ShaderIncludeImporter) -> (artifact id: 'f5c19f283b7af0abed5f345a89662200') in 0.0805739 seconds
Start importing Packages/com.unity.shadergraph/Editor/Generation/Targets/BuiltIn/ShaderLibrary/DeclareOpaqueTexture.hlsl using Guid(8f04f9a51bb7cae408ba6b74194f84f7) (ShaderIncludeImporter) -> (artifact id: '27505b85b0b8124cc6b83db3e31cc56d') in 0.0382951 seconds
Start importing Packages/com.unity.render-pipelines.universal/Editor/ShaderGraph/Includes/DepthOnlyPass.hlsl using Guid(8f266648f26372548b2ae696d6db739e) (ShaderIncludeImporter) -> (artifact id: 'e8375760a8ee57584da7255018ca55e2') in 0.0196002 seconds
Start importing Packages/com.unity.shadergraph/Editor/Generation/Targets/BuiltIn/ShaderLibrary/Shim/UIShimPreview.hlsl using Guid(9f12249d09c77224c8a6d6fad6e252b5) (ShaderIncludeImporter) -> (artifact id: '1e07011e00233adc2722c4cf5882b78b') in 0.0267301 seconds
Start importing Packages/com.unity.render-pipelines.core/ShaderLibrary/Coverage.hlsl using Guid(9fede799a67b40b2a294892639a80b13) (ShaderIncludeImporter) -> (artifact id: 'b6011bf3dd5c5249b584dbeed1717413') in 0.0380137 seconds
Start importing Packages/com.unity.render-pipelines.core/Runtime/PostProcessing/Shaders/LensFlareScreenSpaceCommon.hlsl using Guid(afe55daff42455e4eb6a40e34678a418) (ShaderIncludeImporter) -> (artifact id: '9e328715ce2de1213ec2d37d3180a877') in 0.0265986 seconds
Start importing Packages/com.unity.render-pipelines.universal/Shaders/Utils/ClusterDeferred.hlsl using Guid(affb8a852369435f8e6a36bf7893715f) (ShaderIncludeImporter) -> (artifact id: 'c6f7c2626864e17cb207f0d356c95ab2') in 0.0292085 seconds
Start importing Packages/com.unity.shadergraph/Editor/Generation/Targets/BuiltIn/ShaderLibrary/ShaderVariablesFunctions.deprecated.hlsl using Guid(bfc4f24aa6eda10499234c714f82c6f2) (ShaderIncludeImporter) -> (artifact id: '6ae50d92a9fe223db2348f293f0ebfc9') in 0.026629 seconds
Start importing Packages/com.unity.render-pipelines.universal/Editor/Terrain/BuildTerrainSurfaceDescriptionInputs.template.hlsl using Guid(ef136de7def056a4d8aa337fa0bcd989) (ShaderIncludeImporter) -> (artifact id: '206794abd3290ef4a16e1a2638c9c2f8') in 0.00422 seconds
Start importing Packages/com.unity.render-pipelines.universal/ShaderLibrary/LODCrossFade.hlsl using Guid(ef46fb1e00bf67142ae3548411a562b6) (ShaderIncludeImporter) -> (artifact id: 'fc9a846299a81682cdd28d30b120c622') in 0.0241348 seconds
Start importing Packages/com.unity.render-pipelines.universal/ShaderLibrary/DeclareDepthTexture.hlsl using Guid(ff20ba0133cd2904ebf470aedb16e9a2) (ShaderIncludeImporter) -> (artifact id: 'b8c9d85732820ce1ed4df0cb85658a7c') in 0.0271733 seconds
Start importing Packages/com.unity.render-pipelines.core/Runtime/UnifiedRayTracing/TraceRayAndQueryHit.hlsl using Guid(ff541650e0d7c3146a62582a0bd48d30) (ShaderIncludeImporter) -> (artifact id: '70355ef265c56c1df4e6bb955c900cd3') in 0.0273881 seconds
Start importing Packages/com.unity.render-pipelines.universal/Shaders/SimpleLitMetaPass.hlsl using Guid(ffc632d1e38ef4682807a89afb2b966f) (ShaderIncludeImporter) -> (artifact id: '6a39cff5ca8a5321a087cb9a0121f7bb') in 0.0270856 seconds
Start importing Packages/com.unity.shadergraph/Editor/Resources/Shaders/BlitNoAlpha.shader using Guid(50b406436c6214c49aaaa6011b71dde8) (ShaderImporter)Launched and connected shader compiler UnityShaderCompiler.exe after 0.07 seconds
 -> (artifact id: '2557c53943f732786d43b8d8d048a60a') in 0.4176158 seconds
Start importing Packages/com.unity.render-pipelines.universal/Shaders/SpatialMappingOcclusion.shader using Guid(60e10855641b4d84da68ec72e6f6eeb8) (ShaderImporter) -> (artifact id: '7e1c2ec2bd932c66953f1a8c0843ab1b') in 0.0466983 seconds
Start importing Packages/com.unity.2d.spriteshape/Editor/Handles/Shaders/Sprites-Inspector.shader using Guid(603d454d711fe784cba9ce08dd22b881) (ShaderImporter) -> (artifact id: '10b97a6b8f6588f61aed4c9452d657fa') in 0.0239975 seconds
Start importing Packages/com.unity.render-pipelines.universal/Tests/Editor/CustomDepthBlit.shader using Guid(7057bb795f794bc44a4e34ca79be6e54) (ShaderImporter) -> (artifact id: 'c65f7032a4fbaee24ac188f23c63e1ba') in 0.0427189 seconds
Start importing Packages/com.unity.render-pipelines.universal/Shaders/PostProcessing/LensFlareScreenSpace.shader using Guid(701880fecb344ea4c9cd0db3407ab287) (ShaderImporter) -> (artifact id: '66992e9c00ebcc6a5f290faab3696743') in 0.0555389 seconds
Start importing Assets/TextMesh Pro/Shaders/TMP_SDF-Mobile Overlay.shader using Guid(a02a7d8c237544f1962732b55a9aebf1) (ShaderImporter) -> (artifact id: '9cd851aea4124f7f77a5ec7a999f0360') in 0.0177859 seconds
Start importing Packages/com.unity.render-pipelines.universal/Runtime/Decal/DBuffer/DBufferClear.shader using Guid(f056d8bd2a1c7e44e9729144b4c70395) (ShaderImporter) -> (artifact id: 'f19b5e1820c492b916ff4d767e02fd2b') in 0.0308216 seconds
Start importing Assets/TextMesh Pro/Shaders/TMP_SDF-Mobile-2-Pass.shader using Guid(0178fcb869bafef4690d177d31d17db8) (ShaderImporter) -> (artifact id: '95c5e8e94e641e2bd6c426de54fc1ebe') in 0.0089327 seconds
Start importing Packages/com.unity.render-pipelines.universal/Shaders/PostProcessing/StopNaN.shader using Guid(1121bb4e615ca3c48b214e79e841e823) (ShaderImporter) -> (artifact id: '588f1d7008f41a8ba1c769751bb85d76') in 0.0363509 seconds
Start importing Packages/com.unity.render-pipelines.universal/Shaders/Terrain/TerrainLitBase.shader using Guid(21322c8b137c66e49b86085d3c8161f6) (ShaderImporter) -> (artifact id: 'dca46165dd0cdd3646285ccab6682090') in 0.1096079 seconds
Start importing Packages/com.unity.render-pipelines.core/Tests/Editor/ShaderStripping/DummyPipelineShader.shader using Guid(61e53729ad706d049b12a441f328fe34) (ShaderImporter) -> (artifact id: '058dec09781e065373a9530c60a3e460') in 0.0251696 seconds
Start importing Packages/com.unity.render-pipelines.core/Runtime/Lighting/ProbeVolume/ProbeVolumeUploadDataL2.compute using Guid(6196f34ed825db14b81fb3eb0ea8d931) (ComputeShaderImporter) -> (artifact id: 'a703d1500abe9ddbf427aa9c22ed41ca') in 0.0326035 seconds
Start importing Packages/com.unity.render-pipelines.core/Editor/LookDev/CubeToLatlong.shader using Guid(a16365e8c873daa4c94919438490b905) (ShaderImporter) -> (artifact id: 'c878b0543a9f1d6d395ce7347f464557') in 0.0266419 seconds
Start importing Packages/com.unity.render-pipelines.universal/Runtime/RendererFeatures/SurfaceCacheGI/SurfaceCacheCore/Defrag.compute using Guid(a183a2d0b1da4904fb3bd71c6111ebb1) (ComputeShaderImporter) -> (artifact id: '74af7129259ab44f75dd9cede4913300') in 0.0123637 seconds
Start importing Packages/com.unity.render-pipelines.universal/Tests/Editor/PostProcessDataTests/1.shader using Guid(a176945d0e562084691bce8e11084c6a) (ShaderImporter) -> (artifact id: 'ae798474ea53903d570dfc8f42c07d9c') in 0.3849915 seconds
Start importing Packages/com.unity.render-pipelines.universal/Shaders/PostProcessing/PaniniProjection.shader using Guid(a15b78cf8ca26ca4fb2090293153c62c) (ShaderImporter) -> (artifact id: 'c71f2b800aad926506f16eadd88cd8cc') in 0.0333987 seconds
Start importing Packages/com.unity.render-pipelines.universal/Shaders/Utils/Blit.shader using Guid(c17132b1f77d20942aa75f8429c0f8bc) (ShaderImporter) -> (artifact id: 'e42501ee10050b461a433e3320eb0cf2') in 0.036501 seconds
Start importing Packages/com.unity.render-pipelines.universal/Shaders/Utils/CoreBlitColorAndDepth.shader using Guid(d104b2fc1ca6445babb8e90b0758136b) (ShaderImporter) -> (artifact id: '4d75c56ba2ba9516ebfca41f05281481') in 0.0368064 seconds
Start importing Packages/com.unity.render-pipelines.core/Shaders/CoreCopy.shader using Guid(12dc59547ea167a4ab435097dd0f9add) (ShaderImporter) -> (artifact id: 'b1b87e23ab33efc85ec2c64c09af9d4d') in 0.026668 seconds
Start importing Packages/com.unity.render-pipelines.core/Tests/Editor/SimpleDots.shader using Guid(120ea264a7bdc294f86074ea0303c88f) (ShaderImporter) -> (artifact id: 'b9d5557994e710c354e66ca7fcdbd155') in 0.0253169 seconds
Start importing Assets/TextMesh Pro/Shaders/TMP_Bitmap.shader using Guid(128e987d567d4e2c824d754223b3f3b0) (ShaderImporter) -> (artifact id: 'd39a5b1648fa4fcffd240939ce40d9a4') in 0.0069188 seconds
Start importing Packages/com.unity.render-pipelines.universal/Shaders/Utils/ClusterDeferred.shader using Guid(222cce62363a44a380c36bf03b392608) (ShaderImporter) -> (artifact id: 'f4a95e8b3fa14ea5c4a483029c195233') in 0.0422845 seconds
Start importing Packages/com.unity.2d.animation/Editor/Assets/SkinningModule/SpriteBitmask.shader using Guid(3230fdc399f8287488325e5941a00527) (ShaderImporter) -> (artifact id: 'b775f0475327f99f4bad766e77bac91d') in 0.0153944 seconds
Start importing Packages/com.unity.render-pipelines.universal/Runtime/RendererFeatures/SurfaceCacheGI/FallbackMaterial.shader using Guid(421501d8e4bd2014dbd1dbe80ec2bb5a) (ShaderImporter) -> (artifact id: '5553d759154bb50cdb2d9a904111d097') in 0.0443056 seconds
Start importing Packages/com.unity.render-pipelines.core/Runtime/Vrs/Shaders/VrsVisualization.shader using Guid(620b55b8040a88d468e94abe55bed5ba) (ShaderImporter) -> (artifact id: '95dec820eb4decd2fd211a70fa3ebb4d') in 0.0195671 seconds
Start importing Packages/com.unity.render-pipelines.core/Runtime/UnifiedRayTracing/Compute/RadeonRays/kernels/scatter.compute using Guid(a2eaeefdac4637a44b734e85b7be9186) (ComputeShaderImporter) -> (artifact id: 'e69e51c4412782ff9297b79c306514e4') in 0.0226322 seconds
Start importing Packages/com.unity.render-pipelines.core/Runtime/RenderPipelineResources/GPUDriven/OcclusionCullingDebug.compute using Guid(b23e766bcf50ca4438ef186b174557df) (ComputeShaderImporter) -> (artifact id: '34f0f463c0852d69ac12ed45e1b46e1a') in 0.0298901 seconds
Start importing Packages/com.unity.render-pipelines.universal/Runtime/RendererFeatures/SurfaceCacheGI/SurfaceCacheCore/TemporalFiltering.compute using Guid(c23523f04780d754f927b9daf4f975b9) (ComputeShaderImporter) -> (artifact id: 'a6f6738c9c347e58d1512463fed381a0') in 0.0065887 seconds
Start importing Packages/com.unity.render-pipelines.universal/Shaders/2D/Sprite-Lit-Default.shader using Guid(e260cfa7296ee7642b167f1eb5be5023) (ShaderImporter) -> (artifact id: 'e4b59437a6b50d563cc0651854c27d81') in 0.0393496 seconds
Start importing Packages/com.unity.render-pipelines.universal/Shaders/2D/Sprite-Unlit-Default.shader using Guid(13c02b14c4d048fa9653293d54f6e0e1) (ShaderImporter) -> (artifact id: 'e8b7014b779f8cfa4169fb4a86fa6a6e') in 0.0347645 seconds
Start importing Packages/com.unity.render-pipelines.universal/Runtime/RendererFeatures/SurfaceCacheGI/FlatNormalResolution.compute using Guid(134e9451a58aaba43ba713adbd103d92) (ComputeShaderImporter) -> (artifact id: '9464187ac242d3683edb24e70c370e19') in 0.0133707 seconds
Start importing Packages/com.unity.render-pipelines.core/Runtime/STP/StpSetup.compute using Guid(33be2e9a5506b2843bdb2bdff9cad5e1) (ComputeShaderImporter) -> (artifact id: 'e9a86f660244c8833f68502bbd61a0ee') in 0.0398378 seconds
Start importing Packages/com.unity.render-pipelines.core/Editor/LookDev/Compositor.shader using Guid(4386e57b23a56004c93e1d57d2bbcb4f) (ShaderImporter) -> (artifact id: '664ad816857be9b58a2e9fe8a4ae431e') in 0.027645 seconds
Start importing Packages/com.unity.render-pipelines.universal/Shaders/Debug/ProbeVolumeSamplingDebugPositionNormal.compute using Guid(53626a513ea68ce47b59dc1299fe3959) (ComputeShaderImporter) -> (artifact id: 'e22bcaf2f03686a98d501210309ab83d') in 0.0327195 seconds
Start importing Packages/com.unity.render-pipelines.core/Runtime/RenderPipelineResources/GPUDriven/InstanceDataBufferUploadKernels.compute using Guid(53864816eb00f2343b60e1a2c5a262ef) (ComputeShaderImporter) -> (artifact id: 'b092fc7ca699add1e9ec71d031f3ec66') in 0.0226625 seconds
Start importing Packages/com.unity.render-pipelines.universal/Runtime/RendererFeatures/SurfaceCacheGI/SurfaceCacheCore/SpatialFiltering.compute using Guid(63e59de460463bb4c9d64bc58051d12c) (ComputeShaderImporter) -> (artifact id: '239bf9d697d81aa34619c62c20b83a26') in 0.0102482 seconds
Start importing Packages/com.unity.render-pipelines.universal/Shaders/PostProcessing/SubpixelMorphologicalAntialiasing.shader using Guid(63eaba0ebfb82cc43bde059b4a8c65f6) (ShaderImporter) -> (artifact id: 'e2531124e0556cf1cf511f86ea0abd36') in 0.0362118 seconds
Start importing Packages/com.unity.render-pipelines.universal/Shaders/Utils/CoreBlit.shader using Guid(93446b5c5339d4f00b85c159e1159b7c) (ShaderImporter) -> (artifact id: 'f16a9a62d26ee9e18b5424cf2fea34d1') in 0.0678664 seconds
Start importing Packages/com.unity.render-pipelines.universal/Shaders/Lit.shader using Guid(933532a4fcc9baf4fa0491de14d08ed7) (ShaderImporter) -> (artifact id: '3ce5850db57efa9140f08284015e507d') in 0.0805226 seconds
Start importing Packages/com.unity.render-pipelines.core/Runtime/Lighting/ProbeVolume/ProbeVolumeBlendStates.compute using Guid(a3f7b8c99de28a94684cb1daebeccf5d) (ComputeShaderImporter) -> (artifact id: '90df56b6d36000ade7b592da9543fa62') in 0.0307623 seconds
Start importing Packages/com.unity.render-pipelines.core/Runtime/RenderPipelineResources/GPUDriven/DebugOccluder.shader using Guid(b3c92426a88625841ab15ca6a7917248) (ShaderImporter) -> (artifact id: '218ff41fa7a35a4d3f2301c64386ab57') in 0.0155691 seconds
Start importing Packages/com.unity.render-pipelines.core/Runtime/RenderPipelineResources/GPUDriven/DebugOcclusionTest.shader using Guid(d3f0849180c2d0944bc71060693df100) (ShaderImporter) -> (artifact id: 'b05e67e36d0f16edba8d7af381249f28') in 0.0201282 seconds
Start importing Packages/com.unity.render-pipelines.universal/Shaders/2D/Sprite-Mask.shader using Guid(e39bd598ce13f44ba8af997d3e42cd18) (ShaderImporter) -> (artifact id: '86e4c351657259a74df3ee70c9c9fece') in 0.0237376 seconds
Start importing Packages/com.unity.render-pipelines.universal/Shaders/Utils/Sampling.shader using Guid(04c410c9937594faa893a11dceb85f7e) (ShaderImporter) -> (artifact id: 'c01a3a3a82d05f3c30c7e734a2a7a4c4') in 0.0322435 seconds
Start importing Packages/com.unity.render-pipelines.universal/Shaders/Particles/ParticlesUnlit.shader using Guid(0406db5a14f94604a8c57ccfbc9f3b46) (ShaderImporter) -> (artifact id: '76df75d553e3f1a2e4066cb6ed7647f8') in 0.066995 seconds
Start importing Assets/TextMesh Pro/Shaders/TMP_SDF SSD.shader using Guid(14eb328de4b8eb245bb7cea29e4ac00b) (ShaderImporter) -> (artifact id: 'd198937bf31adb686401b84f8adbcaab') in 0.0077184 seconds
Start importing Packages/com.unity.render-pipelines.universal/Shaders/XR/XROcclusionMesh.shader using Guid(4431b1f1f743fbf4eb310a967890cbea) (ShaderImporter) -> (artifact id: '8a738bf2256aab251303792015f8c4dd') in 0.032413 seconds
Start importing Packages/com.unity.render-pipelines.universal/Shaders/2D/Shadow2D-Shadow-Sprite.shader using Guid(44fc62292b65ab04eabcf310e799ccf6) (ShaderImporter) -> (artifact id: 'acc97523cc79c760b0c9c792a1d43f51') in 0.02759 seconds
Start importing Packages/com.unity.render-pipelines.universal/Shaders/BRGPicking.shader using Guid(74b1585886a85614aa34e2c8e303c77a) (ShaderImporter) -> (artifact id: 'f2f76f8b48c0206ed284c4864fcc4df6') in 0.0339831 seconds
Start importing Packages/com.unity.render-pipelines.universal/Shaders/2D/RenderAs2D-Flattening.shader using Guid(74659692f6350ba46b88180d9c826630) (ShaderImporter) -> (artifact id: '907d00148550bb6566f9f2aa6c36ce0c') in 0.0297735 seconds
Start importing Packages/com.unity.render-pipelines.universal/Shaders/PostProcessing/FinalPost.shader using Guid(c49e63ed1bbcb334780a3bd19dfed403) (ShaderImporter) -> (artifact id: '40983c71eeff9ec9c36fca45f11bd789') in 0.0500425 seconds
Start importing Packages/com.unity.render-pipelines.universal/Shaders/Unlit.shader using Guid(650dd9526735d5b46b79224bc6e94025) (ShaderImporter) -> (artifact id: '2aa01ee2bdd23ff5e210503f3ad607b3') in 0.0564224 seconds
Start importing Packages/com.unity.render-pipelines.universal/Shaders/PostProcessing/LutBuilderLdr.shader using Guid(65df88701913c224d95fc554db28381a) (ShaderImporter) -> (artifact id: '467ec69fb6187a39ca365ebdfd400e90') in 0.033245 seconds
Start importing Packages/com.unity.render-pipelines.universal/Shaders/Particles/ParticlesSimpleLit.shader using Guid(8516d7a69675844a7a0b7095af7c46af) (ShaderImporter) -> (artifact id: '8fd3c16a15ff6fc03e788530fdf109b1') in 0.0622703 seconds
Start importing Assets/TextMesh Pro/Shaders/TMP_SDF-Surface-Mobile.shader using Guid(85187c2149c549c5b33f0cdb02836b17) (ShaderImporter) -> (artifact id: 'dba800ee0fc7bb216c1d483583315f33') in 0.1935758 seconds
Start importing Packages/com.unity.render-pipelines.universal/Editor/Overrides/Shaders/ShadowsMidtonesHighlightsCurves.shader using Guid(95e15a77195eb574ab82aaac18b1c796) (ShaderImporter) -> (artifact id: '4229cc5e5c2a4f766838e8af12708ebe') in 0.0132652 seconds
Start importing Packages/com.unity.render-pipelines.universal/Runtime/RendererFeatures/SurfaceCacheGI/SurfaceCacheCore/RestirEstimation.compute using Guid(b5dbdcea251f42c4a9b8721877f436bf) (ComputeShaderImporter) -> (artifact id: '7f05196fa5d4a508c59ce1429ce641e5') in 0.0069565 seconds
Start importing Packages/com.unity.render-pipelines.universal/Shaders/CameraMotionVectors.shader using Guid(c56b7e0d4c7cb484e959caeeedae9bbf) (ShaderImporter) -> (artifact id: '672d61f1e599c54ed2509aa2fd2bf6df') in 0.0314448 seconds
Start importing Packages/com.unity.render-pipelines.universal/Shaders/XR/XRMirrorView.shader using Guid(d5a307c014552314b9f560906d708772) (ShaderImporter) -> (artifact id: '4e22ac4c9da1f18bdb850424595dfc52') in 0.0336729 seconds
Start importing Packages/com.unity.render-pipelines.universal/Shaders/Terrain/WavingGrass.shader using Guid(e507fdfead5ca47e8b9a768b51c291a1) (ShaderImporter) -> (artifact id: 'eced8e1d3439ac87dec6c1d2662ab5b7') in 0.0529646 seconds
Start importing Packages/com.unity.render-pipelines.core/Runtime/RenderPipelineResources/FallbackShader.shader using Guid(36e335017ad71d54fbb10842863188ae) (ShaderImporter) -> (artifact id: 'a8f254e71c2e00124ff29f3b945a2015') in 0.0164478 seconds
Start importing Packages/com.unity.render-pipelines.core/Runtime/UnifiedRayTracing/Compute/RadeonRays/kernels/restructure_bvh.compute using Guid(56641cb88dcb31a4398a4997ef7a7a8c) (ComputeShaderImporter) -> (artifact id: 'd3019caafd5f80afdeecb84570fe9c52') in 0.0272117 seconds
Start importing Packages/com.unity.render-pipelines.universal/Shaders/PostProcessing/EdgeAdaptiveSpatialUpsampling.shader using Guid(562b7ae4f629f144aa97780546fce7c6) (ShaderImporter) -> (artifact id: '07ac42034505b8133cc096f6cd45d264') in 0.032508 seconds
Start importing Packages/com.unity.render-pipelines.core/Tests/Editor/CopyDepthToBuffer.compute using Guid(6666e5f03ff07054dbb7a7ac6e6aaee0) (ComputeShaderImporter) -> (artifact id: 'feccbefdfcc461bd06fd0cd0c7b55608') in 0.0206368 seconds
Start importing Packages/com.unity.render-pipelines.core/Runtime/UnifiedRayTracing/Compute/RadeonRays/kernels/bit_histogram.compute using Guid(8670f7ce4b60cef43bed36148aa1b0a2) (ComputeShaderImporter) -> (artifact id: '04768532836dfdea38d6cd3cb59f8c70') in 0.0245085 seconds
Start importing Packages/com.unity.render-pipelines.core/Runtime/STP/StpPreTaa.compute using Guid(a679dba8ec4d9ce45884a270b0e22dda) (ComputeShaderImporter) -> (artifact id: 'e1160a717fa551e40aa5801bddb28e72') in 0.0268186 seconds
Start importing Packages/com.unity.render-pipelines.universal/Shaders/Utils/CopyDepth.shader using Guid(d6dae50ee9e1bfa4db75f19f99355220) (ShaderImporter) -> (artifact id: 'fd2a6181417b5ed640f3aef36d75818b') in 0.0319032 seconds
Start importing Packages/com.unity.render-pipelines.universal/Shaders/Utils/FallbackError.shader using Guid(e6e9a19c3678ded42a3bc431ebef7dbd) (ShaderImporter) -> (artifact id: 'f1fe585033d64a3526b1827ff0021ba4') in 0.027354 seconds
Start importing Packages/com.unity.render-pipelines.core/Runtime/RenderPipelineResources/GPUDriven/InstanceOcclusionCullingKernels.compute using Guid(f6d223acabc2f974795a5a7864b50e6c) (ComputeShaderImporter) -> (artifact id: '9d290866761a6c355400c7b7aea9d79b') in 0.0311832 seconds
Start importing Packages/com.unity.render-pipelines.universal/Shaders/Terrain/TerrainDetailLit.shader using Guid(f6783ab646d374f94b199774402a5144) (ShaderImporter) -> (artifact id: 'd1109139a25a0230adb0e39b1f54d310') in 0.0549678 seconds
Start importing Packages/com.unity.render-pipelines.universal/Runtime/RendererFeatures/SurfaceCacheGI/SurfaceCacheCore/Scrolling.compute using Guid(47bbc3edf61978b498603cc2a1b87eea) (ComputeShaderImporter) -> (artifact id: '5d300e155796c06574278a00f6704d22') in 0.0063519 seconds
Start importing Packages/com.unity.render-pipelines.universal/Shaders/Debug/HDRDebugView.shader using Guid(573620ae32aec764abd4d728906d2587) (ShaderImporter) -> (artifact id: '1142392536a70968d9a4dd325b8a27ca') in 0.0367174 seconds
Start importing Packages/com.unity.render-pipelines.core/Tests/Runtime/Threading/FunctionTestsGroup.compute using Guid(77f6c3e00d2daf84ba7b57e205d5dd64) (ComputeShaderImporter) -> (artifact id: '4554af8b4cbd953b29cf54bc5dc13644') in 0.0277172 seconds
Start importing Packages/com.unity.render-pipelines.universal/Shaders/2D/Shadow2D-Unshadow-Geometry.shader using Guid(77774d9009bb81447b048c907d4c6273) (ShaderImporter) -> (artifact id: '1a81aac9fb7767cea015d6035c9a505a') in 0.0221957 seconds
Start importing Packages/com.unity.render-pipelines.universal/Editor/Overrides/Shaders/TrackballEditor.shader using Guid(77cfa04f893eb8745b6a454a3d51b43c) (ShaderImporter) -> (artifact id: '69923c6b1a5d2eaed653c6500d110421') in 0.0162186 seconds
Start importing Packages/com.unity.render-pipelines.core/Editor/PostProcessing/LensFlareResource/LensFlareDataDriven.shader using Guid(a796fe586e0ddba4cae031b0ab585286) (ShaderImporter) -> (artifact id: '8fc27128a246fd20f6b3585c6a00e79c') in 0.0316085 seconds
Start importing Packages/com.unity.render-pipelines.universal/Shaders/Particles/ParticlesLit.shader using Guid(b7839dad95683814aa64166edc107ae2) (ShaderImporter) -> (artifact id: '56548648fb6c8b5802f6489cf27ca992') in 0.0659627 seconds
Start importing Packages/com.unity.test-framework.performance/Editor/TestReportGraph/TestReportShader.shader using Guid(c7715b638c6f5c849a6ec12234ae264c) (ShaderImporter) -> (artifact id: 'ec2edf9f672d0c0fcebb61034f01323a') in 0.0151469 seconds
Start importing Packages/com.unity.render-pipelines.universal/Shaders/PostProcessing/UberPost.shader using Guid(e7857e9d0c934dc4f83f270f8447b006) (ShaderImporter) -> (artifact id: 'f582f92821e75bea335687b4c3f8de2b') in 0.0377581 seconds
Start importing Assets/TextMesh Pro/Shaders/TMP_SDF-Surface.shader using Guid(f7ada0af4f174f0694ca6a487b8f543d) (ShaderImporter) -> (artifact id: '0c028f6dc13b0343c806e0e9875c2fb4') in 0.4019557 seconds
Start importing Packages/com.unity.render-pipelines.core/Runtime/RenderPipelineResources/GPUDriven/OccluderDepthPyramidKernels.compute using Guid(08b2b5fb307b0d249860612774a987da) (ComputeShaderImporter) -> (artifact id: '65dd4f852f5063a25cfa128464786ef3') in 0.0275577 seconds
Start importing Packages/com.unity.render-pipelines.universal/Shaders/Utils/ScreenSpaceAmbientOcclusion.shader using Guid(0849e84e3d62649e8882e9d6f056a017) (ShaderImporter) -> (artifact id: 'd1f295d3602b6dc37e45dd703bc2bbb6') in 0.0493208 seconds
Start importing Assets/TextMesh Pro/Shaders/TMP_Bitmap-Custom-Atlas.shader using Guid(48bb5f55d8670e349b6e614913f9d910) (ShaderImporter) -> (artifact id: '7f768d806ccf1a443f4a2dc3544c6949') in 0.0066848 seconds
Start importing Assets/TextMesh Pro/Shaders/TMP_SDF.shader using Guid(68e6db2ebdc24f95958faec2be5558d6) (ShaderImporter) -> (artifact id: '416ba32bcbcd8974c94ac92659bdd350') in 0.0083716 seconds
Start importing Packages/com.unity.render-pipelines.core/Runtime/UnifiedRayTracing/Common/GeometryPool/GeometryPoolKernels.compute using Guid(98e3d58cae7210c4786f67f504c9e899) (ComputeShaderImporter) -> (artifact id: 'ae8eb4765d39fb9b6601747c9fac5d10') in 0.0250162 seconds
Start importing Packages/com.unity.render-pipelines.universal/Shaders/Utils/BlitHDROverlay.shader using Guid(a89bee29cffa951418fc1e2da94d1959) (ShaderImporter) -> (artifact id: 'e25628f675da887e25ba0a4fedc61047') in 0.0371357 seconds
Start importing Assets/TextMesh Pro/Shaders/TMP_SDF-Mobile SSD.shader using Guid(c8d12adcee749c344b8117cf7c7eb912) (ShaderImporter) -> (artifact id: '74fe0a322a7f3b35b2955cd23b70aef7') in 0.0073748 seconds
Start importing Packages/com.unity.render-pipelines.core/Editor/Lighting/ProbeVolume/VoxelizeScene.shader using Guid(c8b6a681c7b4e2e4785ffab093907f9e) (ShaderImporter) -> (artifact id: 'a670c9112ba6bce6f9a50c5e59ca3e66') in 0.0289646 seconds
Start importing Packages/com.unity.render-pipelines.universal/Shaders/SpatialMappingWireframe.shader using Guid(e8b802ac01d87144b91f12f40c1f2659) (ShaderImporter) -> (artifact id: 'e3f425137a58a0eebf7659cec84cd25c') in 0.0348701 seconds
Start importing Packages/com.unity.render-pipelines.universal/Shaders/PostProcessing/ScalingSetup.shader using Guid(e8ee25143a34b8c4388709ea947055d1) (ShaderImporter) -> (artifact id: '7785ab3205b3b6ee6c3525d374f235ad') in 0.0352742 seconds
Start importing Packages/com.unity.render-pipelines.universal/Shaders/XR/XRMotionVector.shader using Guid(f89aac1e4f84468418fe30e611dff395) (ShaderImporter) -> (artifact id: 'badac3fd3682a6dd5e28c9c05b6c3c8d') in 0.0327299 seconds
Start importing Packages/com.unity.render-pipelines.core/Runtime/Lighting/ProbeVolume/ProbeVolumeUploadData.compute using Guid(0951de5992461754fa73650732c4954c) (ComputeShaderImporter) -> (artifact id: '286121dab5792c68dd5faf42d45826a4') in 0.0282244 seconds
Start importing Packages/com.unity.render-pipelines.universal/Shaders/2D/Shadow2D-Shadow-Geometry.shader using Guid(19349a0f9a7ed4c48a27445bcf92e5e1) (ShaderImporter) -> (artifact id: 'e9375e7faaa7c52bbe974c4f007c13c5') in 0.0214185 seconds
Start importing Packages/com.unity.render-pipelines.core/Editor/PostProcessing/LensFlareResource/LensFlareDataDrivenPreview.shader using Guid(19dfbb09098c9584a83c956fbd6c5d79) (ShaderImporter) -> (artifact id: '027dfa0e5a53b9ccc8132b6aa763e0ac') in 0.0276788 seconds
Start importing Packages/com.unity.render-pipelines.universal/Shaders/Terrain/WavingGrassBillboard.shader using Guid(29868e73b638e48ca99a19ea58c48d90) (ShaderImporter) -> (artifact id: '126772bac17c7498d6d7d727fd7a1ba8') in 0.046235 seconds
Start importing Packages/com.unity.render-pipelines.core/Runtime/STP/StpTaa.compute using Guid(3923900e2b41b5e47bc25bfdcbcdc9e6) (ComputeShaderImporter) -> (artifact id: 'ab108b530c9a42aff668ac21734c9cc0') in 0.0291986 seconds
Start importing Packages/com.unity.render-pipelines.universal/Shaders/Terrain/TerrainLit.shader using Guid(69c1f799e772cb6438f56c23efccb782) (ShaderImporter)Shader 'Universal Render Pipeline/Terrain/Lit': dependency 'AddPassShader' shader 'Hidden/Universal Render Pipeline/Terrain/Lit (Add Pass)' not found
Shader 'Universal Render Pipeline/Terrain/Lit': dependency 'BaseMapShader' shader 'Hidden/Universal Render Pipeline/Terrain/Lit (Base Pass)' not found
Shader 'Universal Render Pipeline/Terrain/Lit': dependency 'BaseMapGenShader' shader 'Hidden/Universal Render Pipeline/Terrain/Lit (Basemap Gen)' not found
Shader 'Universal Render Pipeline/Terrain/Lit': dependency 'AddPassShader' shader 'Hidden/Universal Render Pipeline/Terrain/Lit (Add Pass)' not found
Shader 'Universal Render Pipeline/Terrain/Lit': dependency 'BaseMapShader' shader 'Hidden/Universal Render Pipeline/Terrain/Lit (Base Pass)' not found
Shader 'Universal Render Pipeline/Terrain/Lit': dependency 'BaseMapGenShader' shader 'Hidden/Universal Render Pipeline/Terrain/Lit (Basemap Gen)' not found
 -> (artifact id: '32259e61e28e9a1b01e31e29e7c3cc46') in 0.0637249 seconds
Start importing Packages/com.unity.render-pipelines.universal/Shaders/Nature/SpeedTree8.shader using Guid(99134b1f0c27d54469a840832a28fadf) (ShaderImporter) -> (artifact id: '6bfb9b0e9c3b933936bba8cdb9f032ea') in 0.1287622 seconds
Start importing Packages/com.unity.render-pipelines.universal/Runtime/RendererFeatures/SurfaceCacheGI/SurfaceCacheCore/Eviction.compute using Guid(c9f2aeed6ef396f4d9134e4da1edfe19) (ComputeShaderImporter) -> (artifact id: 'cfd2fe2081d302b66d0ae2ae8c3d31f1') in 0.0071847 seconds
Start importing Packages/com.unity.render-pipelines.universal/Shaders/Utils/StencilDeferred.shader using Guid(e9155b26e1bc55942a41e518703fe304) (ShaderImporter) -> (artifact id: 'da39f057d082bd4acf4e9278ac524663') in 0.058979 seconds
Start importing Packages/com.unity.render-pipelines.core/Runtime/RenderPipelineResources/GPUDriven/InstanceDataBufferCopyKernels.compute using Guid(f984aeb540ded8b4fbb8a2047ab5b2e2) (ComputeShaderImporter) -> (artifact id: '99eb9cb90c372e1907f535e528f27d1e') in 0.0231816 seconds
Start importing Packages/com.unity.render-pipelines.universal/Shaders/Terrain/TerrainLitAdd.shader using Guid(0a7e590f3cf1d4ee8a8fab5b6eff09ef) (ShaderImporter) -> (artifact id: '23b37b01ebf4e85acae51df431f73448') in 0.0452721 seconds
Start importing Packages/com.unity.2d.animation/Editor/Assets/SkinningModule/SpriteOutline.shader using Guid(0a8f4dcd626bcd14bbbfa5a5e116b16e) (ShaderImporter) -> (artifact id: '91c5a1e1614bb890af13d68f87cc6ca8') in 0.0189536 seconds
Start importing Packages/com.unity.render-pipelines.core/Runtime/UnifiedRayTracing/Compute/RadeonRays/kernels/CopyPositions.compute using Guid(1ad53a96b58d3c3488dde4f14db1aaeb) (ComputeShaderImporter) -> (artifact id: '1f5a6cb21fd6c91664b76cfe4f056cda') in 0.0243104 seconds
Start importing Packages/com.unity.render-pipelines.core/Runtime/RenderPipelineResources/GPUDriven/InstanceTransformUpdateKernels.compute using Guid(2a567b9b2733f8d47a700c3c85bed75b) (ComputeShaderImporter) -> (artifact id: 'ba0a6068c1ec2b7ae2507b86854fbc07') in 0.0288434 seconds
Start importing Packages/com.unity.render-pipelines.universal/Shaders/PostProcessing/BokehDepthOfField.shader using Guid(2aed67ad60045d54ba3a00c91e2d2631) (ShaderImporter) -> (artifact id: '327a81fc4be16b89de7a77e492a68ead') in 0.0399427 seconds
Start importing Packages/com.unity.render-pipelines.core/Runtime/Debug/ProbeVolumeFragmentationDebug.shader using Guid(3a80877c579b9144ebdcc6d923bca303) (ShaderImporter) -> (artifact id: '2173e18bd29bf19c044877f4cf106ce1') in 0.0157417 seconds
Start importing Packages/com.unity.render-pipelines.core/Runtime/Vrs/Shaders/VrsTexture.compute using Guid(cacb30de6c40c7444bbc78cb0a81fd2a) (ComputeShaderImporter) -> (artifact id: 'bfd70ac629090cd7adb46ff3fc2e0709') in 0.0294618 seconds
Start importing Packages/com.unity.shadergraph/Editor/Resources/Shaders/FallbackError.shader using Guid(da07703fcc09f8d4799221050659bd55) (ShaderImporter) -> (artifact id: '25a231f4748abcbf3dae4f4ea27facf9') in 0.0333168 seconds
Start importing Packages/com.unity.render-pipelines.core/Runtime/UnifiedRayTracing/Common/Utilities/CopyBuffer.compute using Guid(1b95b5dcf48d1914c9e1e7405c7660e3) (ComputeShaderImporter) -> (artifact id: '34638aa5374cefb50675823a5cb7a87d') in 0.0324346 seconds
Start importing Packages/com.unity.render-pipelines.core/Tests/Editor/SimpleSpeedTreeDots.shader using Guid(2b06b6233ca86cd4886e99d0e9d1124e) (ShaderImporter) -> (artifact id: '574585b6f0721171482beaa8003a799f') in 0.0347414 seconds
Start importing Packages/com.unity.render-pipelines.core/Runtime/Debug/ProbeVolumeDebug.shader using Guid(3b21275fd12d65f49babb5286f040f2d) (ShaderImporter) -> (artifact id: 'aefa8c89efd614a350d49b0934df9f75') in 0.0260701 seconds
Start importing Packages/com.unity.render-pipelines.core/Editor/Lighting/ProbeVolume/ProbeVolumeCellDilation.compute using Guid(6bb382f7de370af41b775f54182e491d) (ComputeShaderImporter) -> (artifact id: 'b0bb4e614395e2c5df8360bef9ad8b50') in 0.0227051 seconds
Start importing Packages/com.unity.render-pipelines.universal/Shaders/ObjectMotionVectorFallback.shader using Guid(7b3ede40266cd49a395def176e1bc486) (ShaderImporter) -> (artifact id: 'dfa72a0c0c6110ab00ac8157a36933cf') in 0.0325678 seconds
Start importing Packages/com.unity.render-pipelines.core/Tests/Editor/BufferCopyTest.compute using Guid(8ba6ac699baf35242857feaf27c9cc2a) (ComputeShaderImporter) -> (artifact id: '7872a7817f71b19f966727b350b3262f') in 0.0231633 seconds
Start importing Packages/com.unity.render-pipelines.universal/Runtime/RendererFeatures/SurfaceCacheGI/SurfaceCacheCore/RestirSpatial.compute using Guid(8bf708594b6a9224b9a0915f3db08c5d) (ComputeShaderImporter) -> (artifact id: 'af89e331daadbb6144ad192afd77da31') in 0.0079757 seconds
Start importing Packages/com.unity.render-pipelines.core/Editor/Lighting/ProbeVolume/ProbeVolumeSubdivide.compute using Guid(bb86f1f0af829fd45b2ebddda1245c22) (ComputeShaderImporter) -> (artifact id: 'd5f8740741f2885e6a28daa097bad533') in 0.0214507 seconds
Start importing Packages/com.unity.render-pipelines.core/Runtime/Debug/ProbeVolumeOffsetDebug.shader using Guid(db8bd7436dc2c5f4c92655307d198381) (ShaderImporter) -> (artifact id: '5f895bf50c9c920dfdba138d29c2a49c') in 0.0136069 seconds
Start importing Packages/com.unity.render-pipelines.universal/Shaders/BakedLit.shader using Guid(0ca6dca7396eb48e5849247ffd444914) (ShaderImporter) -> (artifact id: 'd3df84d49c75a26efb4ee758ad7bd61b') in 0.0674935 seconds
Start importing Packages/com.unity.shadergraph/Editor/Resources/Shaders/Checkerboard.shader using Guid(5caf62d8bd7c44596ace77ef9eb8ea31) (ShaderImporter) -> (artifact id: '3f046e410924ece290a5c548340a798a') in 0.0274173 seconds
Start importing Packages/com.unity.render-pipelines.universal/Shaders/PostProcessing/LensFlareDataDriven.shader using Guid(6cda457ac28612740adb23da5d39ea92) (ShaderImporter) -> (artifact id: '726acd56348ec43dc8a6c55ef8f51976') in 0.0573536 seconds
Start importing Packages/com.unity.render-pipelines.universal/Runtime/RendererFeatures/SurfaceCacheGI/ScreenResolveUpsampling.compute using Guid(7c302ee1d7410a6458981a5f329520b4) (ComputeShaderImporter) -> (artifact id: '92eddc84b7f9e46fea63138e69a89c5d') in 0.0194953 seconds
Start importing Packages/com.unity.2d.animation/Editor/Assets/SkinningModule/SpriteEdgeOutline.shader using Guid(7cbb3655339ec401ca75ba5fe26884f4) (ShaderImporter) -> (artifact id: '45f69347e2e00958de17fa2742ecb20a') in 0.0198836 seconds
Start importing Packages/com.unity.render-pipelines.core/Tests/Runtime/Threading/FunctionTestsWave.compute using Guid(7cce01e3b2c07a34b8a6cfa8dcd99d0b) (ComputeShaderImporter) -> (artifact id: '6c0f20b0ad59f29f513716a199282908') in 0.037064 seconds
Start importing Packages/com.unity.render-pipelines.universal/Shaders/2D/Mesh2D-Unlit-Default.shader using Guid(8c3bb6de0c0e7c047b65c077249507e5) (ShaderImporter) -> (artifact id: '58381d7d7e99932ea56616af26c86272') in 0.02599 seconds
Start importing Packages/com.unity.render-pipelines.universal/Shaders/Utils/StencilDitherMaskSeed.shader using Guid(8c3ee818f2efa514c889881ccb2e95a2) (ShaderImporter) -> (artifact id: '8fb93a01406d6680e7da452595cfcb5b') in 0.0417099 seconds
Start importing Packages/com.unity.render-pipelines.universal/Shaders/PostProcessing/TemporalAA.shader using Guid(9c70c1a35ff15f340b38ea84842358bf) (ShaderImporter) -> (artifact id: 'b8dd1d2f300e7f204027fb59205f8ccd') in 0.0396198 seconds
Start importing Packages/com.unity.ugui/Editor Resources/Shaders/TMP_SDF Internal Editor.shader using Guid(9c442dc870b456e48b615cd8add0e9ef) (ShaderImporter) -> (artifact id: '1d84de99b17eddc779fc1f69810430fa') in 0.0291366 seconds
Start importing Packages/com.unity.render-pipelines.universal/Tests/Editor/PostProcessDataTests/2.shader using Guid(ace59f7f124432f4f923bd3bfa93e0ad) (ShaderImporter) -> (artifact id: 'eb4f3a53f24a1a841c2b8c0a7c33c69b') in 0.2335669 seconds
Start importing Assets/TextMesh Pro/Shaders/TMP_SDF-Mobile Masking.shader using Guid(bc1ede39bf3643ee8e493720e4259791) (ShaderImporter) -> (artifact id: '7446cdf679b0a7b8f2a82e458eac6378') in 0.0064665 seconds
Start importing Packages/com.unity.render-pipelines.universal/Shaders/PostProcessing/LutBuilderHdr.shader using Guid(ec9fec698a3456d4fb18cf8bacb7a2bc) (ShaderImporter) -> (artifact id: 'acec76313012ce4742728ba2353442e8') in 0.033776 seconds
Start importing Packages/com.unity.render-pipelines.universal/Editor/Overrides/Shaders/CurveBackground.shader using Guid(0d0f817524897904ba47a6a1d55e7668) (ShaderImporter) -> (artifact id: 'ba7197557037013178d63ef1d6ca9aee') in 0.0261177 seconds
Start importing Packages/com.unity.render-pipelines.core/Runtime/UnifiedRayTracing/Compute/RadeonRays/kernels/build_hlbvh.compute using Guid(2d70cd6be91bd7843a39a54b51c15b13) (ComputeShaderImporter) -> (artifact id: '5a36d3a213419053679f5dc018bc82ad') in 0.0319663 seconds
Start importing Packages/com.unity.render-pipelines.core/Editor/Gizmo/UnlitGizmo.shader using Guid(2df96b66b5510f94b98df2ac6f926ef4) (ShaderImporter) -> (artifact id: '4620019507508561fcefbdd259605290') in 0.0323278 seconds
Start importing Packages/com.unity.render-pipelines.universal/Runtime/RendererFeatures/SurfaceCacheGI/PatchAllocation.compute using Guid(3d9fc4c0ae8e22f49a8ebefad82718d9) (ComputeShaderImporter) -> (artifact id: '2421d2167bdca6939421e82f481ac723') in 0.0123457 seconds
Start importing Packages/com.unity.render-pipelines.universal/Runtime/RendererFeatures/SurfaceCacheGI/Debug.compute using Guid(4d40202dfa5473d44bcdc97e00d74703) (ComputeShaderImporter) -> (artifact id: 'ec8a676e0407870377a8699da7530958') in 0.0130298 seconds
Start importing Packages/com.unity.render-pipelines.universal/Runtime/RendererFeatures/SurfaceCacheGI/ScreenResolveLookup.compute using Guid(4d271c06564c6784392d81f949558e5c) (ComputeShaderImporter) -> (artifact id: '9dbceff015b135cdfcb5a9fe2628b602') in 0.013458 seconds
Start importing Packages/com.unity.render-pipelines.core/Runtime/UnifiedRayTracing/Compute/RadeonRays/kernels/block_scan.compute using Guid(4d6d5de35fa45ef4a92119397a045cc9) (ComputeShaderImporter) -> (artifact id: 'a21d42060a94c553b2186e1ffdb0d2e1') in 0.0245279 seconds
Start importing Packages/com.unity.render-pipelines.universal/Shaders/SimpleLit.shader using Guid(8d2bb70cbf9db8d4da26e15b26e74248) (ShaderImporter) -> (artifact id: '41663acd4c275df0d133cef051ee86d2') in 0.067154 seconds
Start importing Assets/TextMesh Pro/Shaders/TMP_SDF Overlay.shader using Guid(dd89cf5b9246416f84610a006f916af7) (ShaderImporter) -> (artifact id: 'fe01081b52dc672186303f4d76b1dc88') in 0.007007 seconds
Start importing Packages/com.unity.render-pipelines.core/Runtime/RenderPipelineResources/GPUDriven/InstanceWindDataUpdateKernels.compute using Guid(fde76746e4fd0ed418c224f6b4084114) (ComputeShaderImporter) -> (artifact id: 'ed0e9f0633a0ebe11df34a2e3d8da037') in 0.0331859 seconds
Start importing Assets/TextMesh Pro/Shaders/TMP_Bitmap-Mobile.shader using Guid(1e3b057af24249748ff873be7fafee47) (ShaderImporter) -> (artifact id: '5e985c77318bc72195014ef534224001') in 0.0259633 seconds
Start importing Packages/com.unity.render-pipelines.universal/Shaders/PostProcessing/CameraMotionBlur.shader using Guid(1edcd131364091c46a17cbff0b1de97a) (ShaderImporter) -> (artifact id: '104151a4eb64c95cdd375a864d0bc10d') in 0.0475356 seconds
Start importing Packages/com.unity.render-pipelines.universal/Shaders/2D/Mesh2D-Lit-Default.shader using Guid(4e90a8289da1f3943885176e4f83e35c) (ShaderImporter) -> (artifact id: '64a50d3c9ff4b444dc5eec9ac564b55b') in 0.0246811 seconds
Start importing Packages/com.unity.render-pipelines.core/Runtime/UnifiedRayTracing/Compute/RadeonRays/kernels/block_reduce_part.compute using Guid(4e034cc8ea2635c4e9f063e5ddc7ea7a) (ComputeShaderImporter) -> (artifact id: 'dd983ecf5c9c97266abf1f10dfb25123') in 0.0414379 seconds
Start importing Packages/com.unity.render-pipelines.universal/Shaders/PostProcessing/GaussianDepthOfField.shader using Guid(5e7134d6e63e0bc47a1dd2669cedb379) (ShaderImporter) -> (artifact id: '7dc76ae8d6193036e7e89f405fc78fbc') in 0.0301857 seconds
Start importing Packages/com.unity.render-pipelines.universal/Shaders/Nature/SpeedTree7Billboard.shader using Guid(5ec81c81908db34429b4f6ddecadd3bd) (ShaderImporter) -> (artifact id: 'e60922dc528909d262f0ca191a6a7018') in 0.0651269 seconds
Start importing Packages/com.unity.2d.animation/Editor/Assets/SkinningModule/SkinningModule-GUITextureClip.shader using Guid(bedd19944f451ba4d83e7ed69be98d5c) (ShaderImporter) -> (artifact id: '1311c950b5de4b01661ff7c421562e42') in 0.0167492 seconds
Start importing Packages/com.unity.render-pipelines.universal/Shaders/2D/Shadow2D-Projected.shader using Guid(ce09d4a80b88c5a4eb9768fab4f1ee00) (ShaderImporter) -> (artifact id: '747efb30a68177c2f6f2c04b244e12ef') in 0.0343012 seconds
Start importing Packages/com.unity.render-pipelines.universal/Shaders/2D/Shadow2D-Unshadow-Sprite.shader using Guid(de02b375720b5c445afe83cd483bedf3) (ShaderImporter) -> (artifact id: '1fcdedeed70b720ffa46d33d4f71342d') in 0.0203643 seconds
Start importing Packages/com.unity.render-pipelines.universal/Shaders/ComplexLit.shader using Guid(ee7e4c9a5f6364b688a332c67fc32cca) (ShaderImporter) -> (artifact id: '338a4b197f5f9d5442a4f53459688663') in 0.0639153 seconds
Start importing Assets/TextMesh Pro/Shaders/TMP_SDF-Mobile.shader using Guid(fe393ace9b354375a9cb14cdbbc28be4) (ShaderImporter) -> (artifact id: 'af9e1a0afc2b297f68786bbb415a90e6') in 0.0069207 seconds
Start importing Packages/com.unity.render-pipelines.universal/Runtime/RendererFeatures/OnTileUberPost.shader using Guid(fe4f13c1004a07d4ea1e30bfd0326d9e) (ShaderImporter) -> (artifact id: '04bd91b95a8b7ae70fa401355b085e4b') in 0.0504577 seconds
Start importing Packages/com.unity.render-pipelines.universal/Shaders/Nature/SpeedTree7.shader using Guid(0f4122b9a743b744abe2fb6a0a88868b) (ShaderImporter)Shader 'Universal Render Pipeline/Nature/SpeedTree7': dependency 'BillboardShader' shader 'Universal Render Pipeline/Nature/SpeedTree7 Billboard' not found
Shader 'Universal Render Pipeline/Nature/SpeedTree7': dependency 'BillboardShader' shader 'Universal Render Pipeline/Nature/SpeedTree7 Billboard' not found
 -> (artifact id: 'e336d69d897902ff38b5cbff5530b6c4') in 0.0615098 seconds
Start importing Packages/com.unity.render-pipelines.universal/Shaders/Utils/ScreenSpaceShadows.shader using Guid(0f854b35a0cf61a429bd5dcfea30eddd) (ShaderImporter) -> (artifact id: '72d382f618a7109b79b361a2f9145237') in 0.0369591 seconds
Start importing Packages/com.unity.render-pipelines.universal/Shaders/2D/Light2D.shader using Guid(3f6c848ca3d7bca4bbe846546ac701a1) (ShaderImporter) -> (artifact id: 'c060eefd4b47b6cffab112418ff04dc1') in 0.0223043 seconds
Start importing Packages/com.unity.render-pipelines.universal/Shaders/PostProcessing/Bloom.shader using Guid(5f1864addb451f54bae8c86d230f736e) (ShaderImporter) -> (artifact id: '155f925420275c042ae04bb9c465638e') in 0.0461589 seconds
Start importing Packages/com.unity.render-pipelines.universal/Shaders/Utils/MaterialError.shader using Guid(5fd9a8feb75a4b5894c241777f519d4e) (ShaderImporter) -> (artifact id: 'e20ae66d95d6185b20c506d0598bf04c') in 0.0284574 seconds
Start importing Packages/com.unity.render-pipelines.universal/Shaders/Utils/FallbackLoading.shader using Guid(7f888aff2ac86494babad1c2c5daeee2) (ShaderImporter) -> (artifact id: 'f877d9916482a24869b13bdde8b786e4') in 0.0269133 seconds
Start importing Packages/com.unity.render-pipelines.universal/Shaders/Terrain/TerrainLitBasemapGen.shader using Guid(8fbe92a9edfe6074e841d6dd1509bc59) (ShaderImporter) -> (artifact id: '1133ea1c5f5b6b27b949c46f10fae534') in 0.0450149 seconds
Start importing Packages/com.unity.render-pipelines.core/Runtime/Debug/ProbeVolumeSamplingDebug.shader using Guid(bf54e6528c79a224e96346799064c393) (ShaderImporter) -> (artifact id: 'b3dbfff061c6a6ebbbe1416d204b0d78') in 0.022909 seconds
Start importing Assets/TextMesh Pro/Shaders/TMP_Sprite.shader using Guid(cf81c85f95fe47e1a27f6ae460cf182c) (ShaderImporter) -> (artifact id: 'ee160d02a1d5cc06475d9fe6d48efb4b') in 0.0064832 seconds
Start importing Packages/com.unity.render-pipelines.universal/Shaders/Debug/DebugReplacement.shader using Guid(cf852408f2e174538bcd9b7fda1c5ae7) (ShaderImporter) -> (artifact id: 'adc8b87334148af2493652d7f499aced') in 0.0398025 seconds
Start importing Assets/Settings/Lit2DSceneTemplate.scenetemplate using Guid(d03ed43fc9d8a4f2e9fa70c1c7916eb9) (NativeFormatImporter) -> (artifact id: '5c7742eb9db13b25a4c79eed1d5844e6') in 0.0583085 seconds
Start importing Packages/com.unity.render-pipelines.universal/Runtime/Materials/Decal.mat using Guid(31d0dcc6f2dd4e4408d18036a2c93862) (NativeFormatImporter) -> (artifact id: '8f3d32c29394a79b41f28a25b53defe8') in 0.016956 seconds
Start importing Packages/com.unity.render-pipelines.universal/Runtime/Materials/Lit.mat using Guid(31321ba15b8f8eb4c954353edc038b1d) (NativeFormatImporter) -> (artifact id: '960643f9fe6857c5d72b0d2fd2085c0e') in 0.0041871 seconds
Start importing Packages/com.unity.render-pipelines.universal/Runtime/Materials/Mesh2D-Unlit-Default.mat using Guid(71942363c5608a64bb62421349d39c9c) (NativeFormatImporter) -> (artifact id: 'ef7311a66811940111367c78fa0cdd5d') in 0.0315135 seconds
Start importing Packages/com.unity.render-pipelines.universal/Editor/SceneTemplates/Materials/Emissive.mat using Guid(92f845725428c954b878da352f657fe5) (NativeFormatImporter) -> (artifact id: 'b1f26f5eeb8ffbff6a8f6611506c4115') in 0.0302147 seconds
Start importing Packages/com.unity.render-pipelines.universal/Editor/SceneTemplates/Materials/Gold.mat using Guid(c2e40fa84d53ccd428f640eac126b1fb) (NativeFormatImporter) -> (artifact id: '9f9661d44e363023702c87ca4956e3f6') in 0.0154746 seconds
Start importing Packages/com.unity.render-pipelines.universal/Editor/SceneTemplates/Materials/Metal_Black.mat using Guid(b34b07a45ba63ce47896c9e674f3a7a7) (NativeFormatImporter) -> (artifact id: '2e543c70b0a48798291a154a0176c0e2') in 0.0270336 seconds
Start importing Packages/com.unity.2d.psdimporter/Editor/Assets/root-red.mat using Guid(4459fff084dd84526ab8fd5082d2eacb) (NativeFormatImporter) -> (artifact id: '25ed9e817ab691077a05c7a84035f904') in 0.0291305 seconds
Start importing Packages/com.unity.render-pipelines.universal/Runtime/Materials/Mesh2D-Lit-Default.mat using Guid(9452ae1262a74094f8a68013fbcd1834) (NativeFormatImporter) -> (artifact id: 'a9f6a1c64081483a70fbc1be53f18baa') in 0.0134967 seconds
Start importing Packages/com.unity.render-pipelines.universal/Runtime/Materials/SpriteMask-Default.mat using Guid(15d0c3709176029428a0da2f8cecf0b5) (NativeFormatImporter) -> (artifact id: '9b9123c1145efbdb38e316f85cad951e') in 0.0034846 seconds
Start importing Packages/com.unity.render-pipelines.universal/Runtime/Materials/SpatialMappingOcclusion.mat using Guid(b51db210fe78df745a372851b3db949e) (NativeFormatImporter) -> (artifact id: 'e725b235a682e6bf286c10ab07552b74') in 0.0138953 seconds
Start importing Packages/com.unity.render-pipelines.universal/Editor/SceneTemplates/Materials/Ground.mat using Guid(761d8e1f988ed2345a28312145c79c6e) (NativeFormatImporter) -> (artifact id: '27ce923cbd5bcc4047b0e855e6fb0af9') in 0.0256618 seconds
Start importing Packages/com.unity.render-pipelines.universal/Runtime/Materials/RenderAs2D-Flattening.mat using Guid(b697f6a938056384e968ccf6527dac83) (NativeFormatImporter) -> (artifact id: '5ecfe90ca8080262222ed764ee85060b') in 0.0061747 seconds
Start importing Assets/TextMesh Pro/Resources/Fonts & Materials/LiberationSans SDF - Drop Shadow.mat using Guid(e73a58f6e2794ae7b1b7e50b7fb811b0) (NativeFormatImporter) -> (artifact id: 'b1b68fa897942c90eeb4f0b93632bb19') in 0.004222 seconds
Start importing Packages/com.unity.2d.psdimporter/Editor/Assets/root-blue.mat using Guid(28638862ea1084726a3511cd325fc53d) (NativeFormatImporter) -> (artifact id: '38e8e245a1f474f4b4e3e2598248a7fe') in 0.0233526 seconds
Start importing Packages/com.unity.render-pipelines.universal/Runtime/Materials/FullscreenInvertColors.mat using Guid(78a08787ca30045abb69f6f7dd878e09) (NativeFormatImporter) -> (artifact id: 'ee24d1240c4d3093a35a8ce9cd6a6123') in 0.0176639 seconds
Start importing Packages/com.unity.render-pipelines.universal/Runtime/Materials/SpatialMappingWireframe.mat using Guid(9875a245ac49007498213638a307faa1) (NativeFormatImporter) -> (artifact id: '40a3a03ad30c23572795ee7951b74454') in 0.0041487 seconds
Start importing Packages/com.unity.render-pipelines.universal/Runtime/Materials/ParticlesUnlit.mat using Guid(e823cd5b5d27c0f4b8256e7c12ee3e6d) (NativeFormatImporter) -> (artifact id: 'aa862bff269d59d834f13819255630e6') in 0.0047318 seconds
Start importing Packages/com.unity.render-pipelines.universal/Runtime/Materials/TerrainLit.mat using Guid(594ea882c5a793440b60ff72d896021e) (NativeFormatImporter) -> (artifact id: '32c0756065a4c99773d8b19abfdb7370') in 0.003488 seconds
Start importing Assets/TextMesh Pro/Resources/Fonts & Materials/LiberationSans SDF - Outline.mat using Guid(79459efec17a4d00a321bdcc27bbc385) (NativeFormatImporter) -> (artifact id: 'b780bc88f6767d7adedc5314ab46dd03') in 0.0032839 seconds
Start importing Packages/com.unity.render-pipelines.universal/Editor/SceneTemplates/Indoors.scenetemplate using Guid(89b1eb68090237240966320a7a94784d) (NativeFormatImporter) -> (artifact id: '8ca52a63375871e742f0bd6adc0ab7de') in 0.1145704 seconds
Start importing Packages/com.unity.render-pipelines.universal/Runtime/Materials/Sprite-Lit-Default.mat using Guid(a97c105638bdf8b4a8650670310a4cd3) (NativeFormatImporter) -> (artifact id: '6b65b378b739cf40c13c1e455b16dff7') in 0.0038893 seconds
Start importing Packages/com.unity.timeline/Editor/StyleSheets/res/HumanoidDefault.anim using Guid(c91389c39d842cc4190ea8be0836798a) (NativeFormatImporter) -> (artifact id: '2e2ade1da3afe9151da57f67da5fb3c7') in 0.013893 seconds
Start importing Packages/com.unity.render-pipelines.universal/Editor/SceneTemplates/Materials/White.mat using Guid(f96821bbefeea864b9b418af4b8615ac) (NativeFormatImporter) -> (artifact id: 'b0a10ce88eba78cadb227317064359ad') in 0.0159427 seconds
Start importing Packages/com.unity.render-pipelines.universal/Runtime/Materials/SimpleLit.mat using Guid(6a1143ee683302f4aa628c052723efc1) (NativeFormatImporter) -> (artifact id: '4e947c4ad6c49ec8c3dbccd89f2ba9c5') in 0.0048318 seconds
Start importing Packages/com.unity.render-pipelines.universal/Runtime/RendererFeatures/SurfaceCacheGI/FallbackMaterial.mat using Guid(8a239b3da89050c4e89ac06b168fc684) (NativeFormatImporter) -> (artifact id: '365f287f19db505f8da5f5a7aa1bdbca') in 0.0043451 seconds
Start importing Packages/com.unity.2d.psdimporter/Editor/Assets/root-green.mat using Guid(bc6da4580f5514e458fe5def87e138be) (NativeFormatImporter) -> (artifact id: 'acd994f4f608a3cd1b9ab92c394d423e') in 0.0277903 seconds
Start importing Packages/com.unity.render-pipelines.universal/Editor/SceneTemplates/Standard.scenetemplate using Guid(9d187c8728d2b4c398f45befcacc2827) (NativeFormatImporter) -> (artifact id: '07073d9b0154803a34ceafbe0c05fae5') in 0.0701559 seconds
Start importing Packages/com.unity.render-pipelines.universal/Runtime/Materials/Sprite-Unlit-Default.mat using Guid(9dfc825aed78fcd4ba02077103263b40) (NativeFormatImporter) -> (artifact id: '3535407266e63a704ebed07394e8e29d') in 0.0150693 seconds
Start importing Packages/com.unity.render-pipelines.universal/Editor/SceneTemplates/Basic.scenetemplate using Guid(3f9cc3f14b0454fa7b997b33a99d539f) (NativeFormatImporter) -> (artifact id: 'fa10ce461e7017805c61926a11c21995') in 0.0342344 seconds
Start importing Packages/com.unity.render-pipelines.universal/Editor/SceneTemplates/Materials/Black.mat using Guid(4f1ef37ae953c484bbc5d5e4049147e5) (NativeFormatImporter) -> (artifact id: 'c073248664ba5268b69bc9cf80293393') in 0.0163772 seconds
Start importing Packages/com.unity.timeline/Editor/Localization/ja.po using Guid(2cb1ca12d228148318e1a7d8cc441147) (LocalizationImporter) -> (artifact id: '8a19518c9b5299d7da3029d9cc9a2cf8') in 0.0245031 seconds
Start importing Packages/com.unity.searcher/Editor/Resources/FlatSkin/Font/Roboto-Black.ttf using Guid(1062c701058745940ae5dca6219c64c8) (TrueTypeFontImporter) -> (artifact id: '2d561f5b87d8722698d7fe7950198ec0') in 0.1017455 seconds
Start importing Packages/com.unity.searcher/Editor/Resources/FlatSkin/Font/Roboto-Regular.ttf using Guid(30dc370b164eefc43b95744fc796dad0) (TrueTypeFontImporter) -> (artifact id: 'ac8613a3ab90cc91012c806dd5061c6e') in 0.0157128 seconds
Start importing Packages/com.unity.collab-proxy/Editor/Assets/Fonts/Cascadia.ttf using Guid(9229ae5dbc38f488d921156ff75869e9) (TrueTypeFontImporter) -> (artifact id: 'b5d51f13761a9d5883a2be1c59d22fe1') in 0.0306153 seconds
Start importing Packages/com.unity.searcher/Editor/Resources/FlatSkin/Font/Roboto-ThinItalic.ttf using Guid(b2ea3b3f1765e544b9eb5bd1a93a91ce) (TrueTypeFontImporter) -> (artifact id: 'f1d111e632864e6c771e7681fc073a57') in 0.005788 seconds
Start importing Assets/TextMesh Pro/Fonts/LiberationSans.ttf using Guid(e3265ab4bf004d28a9537516768c1c75) (TrueTypeFontImporter) -> (artifact id: '29548ce1d027efee88cc6d40a29dc7d2') in 0.3632766 seconds
Start importing Packages/com.unity.render-pipelines.core/Runtime/Debugging/Prefabs/Fonts/PerfectDOSVGA437.ttf using Guid(74a5091d8707f334b9a5c31ef71a64ba) (TrueTypeFontImporter) -> (artifact id: '792a09fd742bfb275c78c9535a0380b9') in 0.031896 seconds
Start importing Packages/com.unity.searcher/Editor/Resources/FlatSkin/Font/Roboto-Medium.ttf using Guid(a51a3aebb43ac044989270407476b208) (TrueTypeFontImporter) -> (artifact id: 'de21cd48792519797b1fa63e77bfa5e5') in 0.006159 seconds
Start importing Packages/com.unity.searcher/Editor/Resources/FlatSkin/Font/Roboto-Bold.ttf using Guid(3750c318f40cab44a97d3a81beaefeb3) (TrueTypeFontImporter) -> (artifact id: 'd618dc5260c03a095be54af110dc360e') in 0.0174056 seconds
Start importing Packages/com.unity.searcher/Editor/Resources/FlatSkin/Font/Roboto-Italic.ttf using Guid(c839255fc8f6b4b4d90bf8c1af9f9bd1) (TrueTypeFontImporter) -> (artifact id: '7c208dcc28859e97c444a41343076713') in 0.0056477 seconds
Start importing Packages/com.unity.searcher/Editor/Resources/FlatSkin/Font/Roboto-Thin.ttf using Guid(19a9abb883540be48b75b951a927ae03) (TrueTypeFontImporter) -> (artifact id: '02329869b977e1e11589b453eccbc67f') in 0.0178062 seconds
Start importing Packages/com.unity.searcher/Editor/Resources/FlatSkin/Font/Roboto-MediumItalic.ttf using Guid(d93c1bc57fdf1ac4dad1bf04fac05464) (TrueTypeFontImporter) -> (artifact id: 'e86fdaeda2cb2d2b6364616a2d1ed46a') in 0.0170182 seconds
Start importing Packages/com.unity.searcher/Editor/Resources/FlatSkin/Font/Roboto-BlackItalic.ttf using Guid(f95147a9bab9fe649b8070170fa7ebd2) (TrueTypeFontImporter) -> (artifact id: '3e0bec5b8657fd2ae0acc1a27cdb96de') in 0.0063296 seconds
Start importing Packages/com.unity.searcher/Editor/Resources/FlatSkin/Font/Roboto-Light.ttf using Guid(2a29e27936eb547458f646f71125b264) (TrueTypeFontImporter) -> (artifact id: '154447e5361566b122af9eb5705a15a4') in 0.0278152 seconds
Start importing Packages/com.unity.searcher/Editor/Resources/FlatSkin/Font/Roboto-LightItalic.ttf using Guid(5e63515167650a541b309ba3bfd4db3d) (TrueTypeFontImporter) -> (artifact id: 'dfcaff9cda82c680d59f6c0ef4ee456a') in 0.0052627 seconds
Start importing Packages/com.unity.searcher/Editor/Resources/FlatSkin/Font/Roboto-BoldItalic.ttf using Guid(dfb97a9307a577a41bcacba34b9a7e32) (TrueTypeFontImporter) -> (artifact id: 'a179d9da234083bd81e55dec78dbad7f') in 0.015233 seconds
Start importing Packages/com.unity.shadergraph/GraphTemplates/Subgraphs/Terrain/Pack Material.shadersubgraph using Guid(3039d6867ed141b44b3463a76cabd45c) (ScriptedImporter) -> (artifact id: '22f2020132128533d26c65cef4fe299e') in 0.3425591 seconds
Start importing Packages/com.unity.shadergraph/GraphTemplates/Subgraphs/UV Scale.shadersubgraph using Guid(60f6b7b276d03134e9b565b19546e94c) (ScriptedImporter) -> (artifact id: '54eee0d42b51d90d8a886018a39abbfc') in 0.0568438 seconds
Start importing Packages/com.unity.shadergraph/ShaderGraphLibrary/Nature/SpeedTree8InterpolatedNormals.shadersubgraph using Guid(b04441f4a83ad224d92d547d170c366b) (ScriptedImporter) -> (artifact id: '9a58ec6a8a74342430a5dfc5eb13fcea') in 0.0572295 seconds
Start importing Packages/com.unity.shadergraph/GraphTemplates/Subgraphs/SoftParticles.shadersubgraph using Guid(d0f40856fc355224fab6453746e0507a) (ScriptedImporter) -> (artifact id: '41690afe39fb1f5781d52de02680beaf') in 0.036096 seconds
Start importing Packages/com.unity.shadergraph/GraphTemplates/Subgraphs/Switch6.shadersubgraph using Guid(b19f392a4817e1340bbaf1045b6e5051) (ScriptedImporter) -> (artifact id: 'e99a755e1601ae324b47c468812d71c1') in 0.0321456 seconds
Start importing Packages/com.unity.shadergraph/GraphTemplates/Subgraphs/Face Normal.shadersubgraph using Guid(e1024532a1a801f41a6f45f93c8da7a8) (ScriptedImporter) -> (artifact id: '172cd76c3863750b311b81e7b46cb9f7') in 0.3406765 seconds
Start importing Packages/com.unity.shadergraph/GraphTemplates/Subgraphs/Particle Distortion.shadersubgraph using Guid(e1ea40df0c5f7d14a96e0bac1ae79489) (ScriptedImporter) -> (artifact id: '421087a0a13a34af0df65a70ace4d7b6') in 0.7021515 seconds
Start importing Packages/com.unity.shadergraph/GraphTemplates/Subgraphs/Normal Bending.shadersubgraph using Guid(62a4ab9c203a85c43a5d0847b25fd2a8) (ScriptedImporter) -> (artifact id: '596427577b4a9c5ec8204c1f7be3cc56') in 0.1332452 seconds
Start importing Packages/com.unity.shadergraph/GraphTemplates/Subgraphs/Terrain/Unpack Material.shadersubgraph using Guid(62cd44aa2d94fa442942547943d2b24a) (ScriptedImporter) -> (artifact id: '040ab9c60983432326be981607ebcf28') in 0.0854084 seconds
Start importing Packages/com.unity.shadergraph/ShaderGraphLibrary/Nature/SpeedTree8CameraFacingLeafEffect.shadersubgraph using Guid(8258ab4a37f447c48ac3c26cbdb4c032) (ScriptedImporter) -> (artifact id: 'ed13292224f57330fd1459761d24cfde') in 0.0241111 seconds
Start importing Packages/com.unity.shadergraph/GraphTemplates/Subgraphs/Circle.shadersubgraph using Guid(f20330646a5d9ab4ba73ed235396a7a6) (ScriptedImporter) -> (artifact id: 'e3eb6154e7119f242ec3edc67ab150e4') in 0.0422121 seconds
Start importing Packages/com.unity.shadergraph/GraphTemplates/Subgraphs/Particle Vertex Color.shadersubgraph using Guid(73f7a6a1a6335484ba02a0b8f80fe10c) (ScriptedImporter) -> (artifact id: '36091696c7a1b39cdf887b25b40c082d') in 0.0356316 seconds
Start importing Packages/com.unity.shadergraph/GraphTemplates/Subgraphs/CameraDistanceMask.shadersubgraph using Guid(556dff229d0982b43b52bc3ce1019148) (ScriptedImporter) -> (artifact id: '92d6acfb064d36fb37535434feb2933e') in 0.0302289 seconds
Start importing Packages/com.unity.shadergraph/GraphTemplates/Subgraphs/Terrain/Distance Fade.shadersubgraph using Guid(b374ab41cedfcce4d85380817ce9de7d) (ScriptedImporter) -> (artifact id: 'a5cc66194b57f07069370a534e70e3ea') in 0.0593528 seconds
Start importing Packages/com.unity.shadergraph/GraphTemplates/Subgraphs/FlowMap Time.shadersubgraph using Guid(d3a5ed15ae8578b448a8756ea0b97162) (ScriptedImporter) -> (artifact id: '7192325c0d570ccdba2470836398a3d3') in 0.0407384 seconds
Start importing Packages/com.unity.shadergraph/GraphTemplates/Subgraphs/Terrain/Layer Standard.shadersubgraph using Guid(14f7847555748494e8b3e5cbc8afd15e) (ScriptedImporter) -> (artifact id: '8b8a5841dc9df014937eb7943e6e5f9f') in 0.052489 seconds
Start importing Packages/com.unity.shadergraph/GraphTemplates/Subgraphs/Particle Camera Fade.shadersubgraph using Guid(648107f3fecbb0f4bb5b8f8476fbb48a) (ScriptedImporter) -> (artifact id: 'cbd281c6af7d49566d02fc57d061fee4') in 0.0294666 seconds
Start importing Packages/com.unity.shadergraph/GraphTemplates/Subgraphs/Canvas Color.shadersubgraph using Guid(74f647076bca3d442bc4a6ace5daf59f) (ScriptedImporter) -> (artifact id: '87b52d14756b193e19d13ea86f563e72') in 0.0325327 seconds
Start importing Packages/com.unity.shadergraph/ShaderGraphLibrary/Nature/SpeedTree8LODTransition.shadersubgraph using Guid(74ce720b09dcad14690aca1cb7b6f2dc) (ScriptedImporter) -> (artifact id: '99580bcb4bab3f3098174fe9333bee7a') in 0.0251587 seconds
Start importing Packages/com.unity.shadergraph/ShaderGraphLibrary/Nature/SpeedTree9CameraFacingLeafEffect.shadersubgraph using Guid(153b138ddd88e7b42a0c29bde1e7142c) (ScriptedImporter) -> (artifact id: '1e3876627152b5e31680d2865b295315') in 0.0242152 seconds
Start importing Packages/com.unity.shadergraph/GraphTemplates/Subgraphs/Sample Flipbook.shadersubgraph using Guid(658423db13944174c95e6a25bde1eb66) (ScriptedImporter) -> (artifact id: '81a79afa2c60b3f0d0a17c52df761d59') in 0.030252 seconds
Start importing Packages/com.unity.shadergraph/GraphTemplates/Subgraphs/FlowMap Sample Normal.shadersubgraph using Guid(7794dc8c6277cb649804d7253e567322) (ScriptedImporter) -> (artifact id: 'ff8dac22d6abf850e40f3fad5ccfbc96') in 0.0354028 seconds
Start importing Packages/com.unity.shadergraph/GraphTemplates/Subgraphs/UV FlowMap.shadersubgraph using Guid(c76da6dceef150547b7030daa98eeda6) (ScriptedImporter) -> (artifact id: 'b174dbe776a747f3ee86b26ef74f6a6e') in 0.0494098 seconds
Start importing Packages/com.unity.shadergraph/GraphTemplates/Subgraphs/Switch4.shadersubgraph using Guid(38026d07e949e0043a9daa90b1917d90) (ScriptedImporter) -> (artifact id: '32d1b708eb1c4690a65003ecc6f803b2') in 0.0335902 seconds
Start importing Packages/com.unity.shadergraph/GraphTemplates/Subgraphs/Terrain/Blend Layers Add.shadersubgraph using Guid(b893f303ffd21324988969130704e4bc) (ScriptedImporter) -> (artifact id: '4b26d626819f0214fe74d4e4da105cb9') in 0.0395522 seconds
Start importing Packages/com.unity.shadergraph/GraphTemplates/Subgraphs/Terrain/Premultiply Layer.shadersubgraph using Guid(d8d596b309d3eaa48bd57234e7567aee) (ScriptedImporter) -> (artifact id: 'f7e8163c53adf376df5ab24d14097343') in 0.0428953 seconds
Start importing Packages/com.unity.shadergraph/ShaderGraphLibrary/Nature/SpeedTree9Wind.shadersubgraph using Guid(e8af7a3452f45f542a042fef4a52065a) (ScriptedImporter) -> (artifact id: 'c8a41df6c617fd91ec9c3174b869e8e8') in 0.0416582 seconds
Start importing Packages/com.unity.shadergraph/ShaderGraphLibrary/Nature/SpeedTree8Billboard.shadersubgraph using Guid(89c32740b629abb41bf9b65e3a64c373) (ScriptedImporter) -> (artifact id: '09dfe287e5e26cf6a61c74d434e23ea9') in 0.1773549 seconds
Start importing Packages/com.unity.shadergraph/GraphTemplates/Subgraphs/Terrain/Blend Layers Alpha.shadersubgraph using Guid(990a2f951c73f0449a8596028e51c11e) (ScriptedImporter) -> (artifact id: 'fd2faf7cb9526c2f11a21cbf7f464dfc') in 0.0577594 seconds
Start importing Packages/com.unity.shadergraph/GraphTemplates/Subgraphs/UV Halftone.shadersubgraph using Guid(a925de7ea1f0ed04a8b35c2c10fcc1c1) (ScriptedImporter) -> (artifact id: 'e3f58340de59c56b803441e0a6a53993') in 0.0655379 seconds
Start importing Packages/com.unity.shadergraph/GraphTemplates/Subgraphs/UV Distortion.shadersubgraph using Guid(d9fc86ddc060cc44988e8835a3192cb0) (ScriptedImporter) -> (artifact id: '3bd1489afd8c5cc81fadff45db106f22') in 0.0466314 seconds
Start importing Packages/com.unity.shadergraph/ShaderGraphLibrary/Nature/SpeedTree8Wind.shadersubgraph using Guid(e9398b7940890a74eafc240b5a593541) (ScriptedImporter) -> (artifact id: 'a9ffc27dfb1ed691eebf24133872e62e') in 0.0471882 seconds
Start importing Packages/com.unity.shadergraph/GraphTemplates/Subgraphs/Sample Flipbook Motion Vector.shadersubgraph using Guid(e98ef91f2346c4c57a3cfbb4347ff978) (ScriptedImporter) -> (artifact id: '9804a7a55c251f081084bbfe35891d3b') in 0.0732004 seconds
Start importing Packages/com.unity.shadergraph/GraphTemplates/Subgraphs/Value Range Remap.shadersubgraph using Guid(3a82744b38735a84fb29cc43c4b41c7d) (ScriptedImporter) -> (artifact id: 'e9edde51104c10a54e06f6e298c074a9') in 0.0457899 seconds
Start importing Packages/com.unity.shadergraph/GraphTemplates/Subgraphs/Decal Edge Mask.shadersubgraph using Guid(ea046900739fbcc4498f7b47f45545c9) (ScriptedImporter) -> (artifact id: '06bf6ef917219a94c708dd4dbda25e67') in 0.0463374 seconds
Start importing Packages/com.unity.shadergraph/GraphTemplates/Subgraphs/ParticleFlipbookBlending.shadersubgraph using Guid(ea87914f38f4183408f6ec6cb547ed94) (ScriptedImporter) -> (artifact id: 'ebfa6389093997c9928fa83a8913ac8f') in 0.0508466 seconds
Start importing Packages/com.unity.shadergraph/ShaderGraphLibrary/Nature/SpeedTree8ColorAlpha.shadersubgraph using Guid(1b4ecad27a9bc714e8d3af3ffb8a368c) (ScriptedImporter) -> (artifact id: 'f5d9d38d52f8f0ba35b296c42bd81e20') in 0.074066 seconds
Start importing Packages/com.unity.shadergraph/GraphTemplates/Subgraphs/Sample Flipbook Blending.shadersubgraph using Guid(3ba4047e0734f2944a3d9b7b015af0ca) (ScriptedImporter) -> (artifact id: 'c7999f0522a6968d08109d0a2989c445') in 0.045718 seconds
Start importing Packages/com.unity.shadergraph/GraphTemplates/Subgraphs/Terrain/Height Based Splat Modify.shadersubgraph using Guid(3b5d8d8dca1de7240983df8e315a8a01) (ScriptedImporter) -> (artifact id: 'a9fb105b818098ddc2e4c02481e798f9') in 0.0778946 seconds
Start importing Packages/com.unity.shadergraph/GraphTemplates/Subgraphs/Depth Fade.shadersubgraph using Guid(8bbfe621c0368244b80a10cdd14cd70e) (ScriptedImporter) -> (artifact id: '2bb21f98bcffa88ca3f884e5f9e7e5a3') in 0.031879 seconds
Start importing Packages/com.unity.shadergraph/GraphTemplates/Subgraphs/HeightMask.shadersubgraph using Guid(bb515ce764324b444b925949646460fe) (ScriptedImporter) -> (artifact id: '57ebf81b0f9240e95e6f3160b87a16cd') in 0.03266 seconds
Start importing Packages/com.unity.shadergraph/GraphTemplates/Subgraphs/FlowMap Sample Texture.shadersubgraph using Guid(dd4e180f1d31c4c4e9d4909d27e6761c) (ScriptedImporter) -> (artifact id: '0b300c4fce65190e22cb27bb51a307df') in 0.0372824 seconds
Start importing Packages/com.unity.shadergraph/GraphTemplates/BuiltIn/BuiltIn Lit Basic.shadergraph using Guid(2019d78ad3d1c5c4a8d309a857ca449f) (ScriptedImporter) -> (artifact id: 'f9c1be7082f2beb3559fa852b5bf16dc') in 1.2663049 seconds
Start importing Packages/com.unity.render-pipelines.universal/Runtime/Materials/ArnoldStandardSurface/ArnoldStandardSurfaceTransparent.shadergraph using Guid(30fa68ce467463643a86b839ca0eb195) (ScriptedImporter) -> (artifact id: 'b4103a586a19897dbc93017517d837b3') in 0.2174284 seconds
Start importing Packages/com.unity.render-pipelines.universal/Shaders/AutodeskInteractive/AutodeskInteractiveMasked.shadergraph using Guid(80aa867ac363ac043847b06ad71604cd) (ScriptedImporter) -> (artifact id: '8e9560b36dd7b3ddf2c280f3137fe60c') in 0.1821967 seconds
Start importing Assets/TextMesh Pro/Shaders/TMP_SDF-URP Unlit.shadergraph using Guid(124c112a6e8f1a54e8b0870e881b56d8) (ScriptedImporter) -> (artifact id: 'ab00d60f11b3b866d4539265b6aaa88b') in 0.3483718 seconds
Start importing Packages/com.unity.shadergraph/GraphTemplates/Cross Pipeline/0_Lit Basic.shadergraph using Guid(a2407126e3372f64cacb75ed466a5621) (ScriptedImporter) -> (artifact id: '6f8a8f78de5e12a68c01967fe2e5e672') in 0.1615434 seconds
Start importing Assets/TextMesh Pro/Shaders/TMP_SDF-URP Lit.shadergraph using Guid(a3d800b099a06e0478fb790c5e79057a) (ScriptedImporter) -> (artifact id: 'cc0f3589c8580f9cafadaae83100835a') in 0.2996054 seconds
Start importing Packages/com.unity.shadergraph/GraphTemplates/Cross Pipeline/Unlit Simple.shadergraph using Guid(2476a2d151e824143af40dce1fc93a12) (ScriptedImporter) -> (artifact id: '3cf26812789f3a636735c727ec1d4392') in 0.1212784 seconds
Start importing Packages/com.unity.render-pipelines.universal/Shaders/2D/VFXSpriteLit.shadergraph using Guid(24a73dccd7b6fad4798be282f96a21f4) (ScriptedImporter) -> (artifact id: '8a2bb1e07208bac04e155befe99ff722') in 0.1337319 seconds
Start importing Packages/com.unity.render-pipelines.universal/Runtime/Materials/PhysicalMaterial3DsMax/PhysicalMaterial3DsMax.shadergraph using Guid(44245ab89240f51459a5077d7145c452) (ScriptedImporter) -> (artifact id: 'afa362d825ea462d51e627a255f58ce6') in 0.1948971 seconds
Start importing Packages/com.unity.render-pipelines.universal/Editor/ShaderGraph/GraphTemplates/2D/1_2D Sprite Unlit.shadergraph using Guid(25a0ebb4827f3cc47a1af2c79005f65b) (ScriptedImporter) -> (artifact id: '2367b3ebed6db92ebd9141c9a834c53d') in 0.1564263 seconds
Start importing Packages/com.unity.shadergraph/GraphTemplates/BuiltIn/BuiltIn Unlit Basic.shadergraph using Guid(9618d41bb71f74048bb6cace8785b93d) (ScriptedImporter) -> (artifact id: 'b31bfd44ff15e990a7083285858ac5e2') in 0.3663886 seconds
Start importing Packages/com.unity.shadergraph/GraphTemplates/Cross Pipeline/2_Particle Lit.shadergraph using Guid(a680d9a9f8b66514abbfd3ae1c8f77f7) (ScriptedImporter) -> (artifact id: 'e1a234c41a76f0a8b72c9189a0289cfb') in 0.1739806 seconds
Start importing Assets/TextMesh Pro/Shaders/TMP_SDF-HDRP UNLIT.shadergraph using Guid(f63d574838ccfb44f84acc05fed0af48) (ScriptedImporter) -> (artifact id: 'd6f7da0641f73371a8614ac226528395') in 0.1593984 seconds
Start importing Packages/com.unity.render-pipelines.universal/Editor/ShaderGraph/GraphTemplates/UITKBasicTemplate.shadergraph using Guid(0738648e2f2f84b489a2f0076b69e30a) (ScriptedImporter) -> (artifact id: '1e1bcc1b4e917a92cac3e778164845e2') in 0.1097614 seconds
Start importing Packages/com.unity.shadergraph/GraphTemplates/Cross Pipeline/1_Decal Material Volume.shadergraph using Guid(1716ff8c1e51af14280cc97fbcba3b11) (ScriptedImporter) -> (artifact id: 'a6a9c754a133f641b809dcad17520162') in 0.2334908 seconds
Start importing Packages/com.unity.render-pipelines.universal/Runtime/Materials/ArnoldStandardSurface/ArnoldStandardSurface.shadergraph using Guid(3739e562a03fc0b4982d8aa66cc50865) (ScriptedImporter) -> (artifact id: '732d7dfd941d9727c022147b0a595bdf') in 0.2964677 seconds
Start importing Packages/com.unity.render-pipelines.universal/Shaders/2D/VFXSpriteUnlit.shadergraph using Guid(d7288f66e4fb0634c9afef98c31b722a) (ScriptedImporter) -> (artifact id: '7cad7483ec60a25c6444a2237077d9dd') in 0.0873708 seconds
Start importing Packages/com.unity.shadergraph/GraphTemplates/Cross Pipeline/0_Decal Simple.shadergraph using Guid(39144937a5efe954dac51acbbe54157e) (ScriptedImporter) -> (artifact id: 'cfd1c20a9264a33977f631000a46d604') in 0.1272804 seconds
Start importing Packages/com.unity.render-pipelines.universal/Shaders/Nature/SpeedTree8_PBRLit.shadergraph using Guid(9920c1f1781549a46ba081a2a15a16ec) (ScriptedImporter) -> (artifact id: 'dfb74f1a06163b40a908933ab68f47db') in 0.3880418 seconds
Start importing Packages/com.unity.render-pipelines.universal/Runtime/Materials/PhysicalMaterial3DsMax/PhysicalMaterial3DsMaxTransparent.shadergraph using Guid(1a207e3bee00db44b940e6f362a8e148) (ScriptedImporter) -> (artifact id: 'f33a4fb1d399782df7daa5e537828ed1') in 0.1646211 seconds
Start importing Packages/com.unity.shadergraph/GraphTemplates/Cross Pipeline/UGUI Canvas Basic.shadergraph using Guid(5a4a765e921b8554eb959f7cf697b3be) (ScriptedImporter) -> (artifact id: '121dbd91af37347cab32ffde890b9591') in 0.1070588 seconds
Start importing Assets/TextMesh Pro/Shaders/TMP_SDF-HDRP LIT.shadergraph using Guid(ca2ed216f98028c4dae6c5224a952b3c) (ScriptedImporter) -> (artifact id: '959a8a477ba865d72b9077e32b1b5ba6') in 0.1945856 seconds
Start importing Packages/com.unity.render-pipelines.universal/Shaders/Decal.shadergraph using Guid(9b4e681081e2b4c469111bb649e2f7ee) (ScriptedImporter) -> (artifact id: 'a7606a859af868e1472f722a313d3939') in 0.1506399 seconds
Start importing Packages/com.unity.render-pipelines.universal/Shaders/Nature/SpeedTree9_URP.shadergraph using Guid(cbd3e1cc4ae141c42a30e33b4d666a61) (ScriptedImporter) -> (artifact id: '2711708c30ffa585ce2ae6de0f331cab') in 0.2078572 seconds
Start importing Packages/com.unity.render-pipelines.universal/Shaders/FullscreenInvertColors.shadergraph using Guid(fb6390f650ca44a5ba3246d8dda47927) (ScriptedImporter) -> (artifact id: 'c7b1ddeb1bfc9eb6c6000c4efa09a150') in 0.0916212 seconds
Start importing Packages/com.unity.render-pipelines.universal/Shaders/AutodeskInteractive/AutodeskInteractiveTransparent.shadergraph using Guid(5c81372d981403744adbdda4433c9c11) (ScriptedImporter) -> (artifact id: '7614ee40ab1b43bb5f7058694cb1e8ac') in 0.1444546 seconds
Start importing Packages/com.unity.render-pipelines.universal/Editor/ShaderGraph/GraphTemplates/Terrain Standard 4 Layers URP.shadergraph using Guid(bc3def193b270c649b041063a70a1a1f) (ScriptedImporter)Shader 'Hidden/Terrain/Terrain Standard 4 Layers URP': dependency 'AddPassShader' shader 'Hidden/Hidden/Terrain/Terrain Standard 4 Layers URP_AddPass' not found
Shader 'Hidden/Terrain/Terrain Standard 4 Layers URP': dependency 'BaseMapGenShader' shader 'Hidden/Hidden/Terrain/Terrain Standard 4 Layers URP_BaseMapGen' not found
Shader 'Hidden/Terrain/Terrain Standard 4 Layers URP': dependency 'BaseMapShader' shader 'Hidden/Universal Render Pipeline/Terrain/Lit (Base Pass)' not found
Shader 'Hidden/Terrain/Terrain Standard 4 Layers URP': dependency 'AddPassShader' shader 'Hidden/Hidden/Terrain/Terrain Standard 4 Layers URP_AddPass' not found
Shader 'Hidden/Terrain/Terrain Standard 4 Layers URP': dependency 'BaseMapGenShader' shader 'Hidden/Hidden/Terrain/Terrain Standard 4 Layers URP_BaseMapGen' not found
Shader 'Hidden/Terrain/Terrain Standard 4 Layers URP': dependency 'BaseMapShader' shader 'Hidden/Universal Render Pipeline/Terrain/Lit (Base Pass)' not found
 -> (artifact id: '1faf0acbe1b5576b00b6782fb19adad6') in 0.5320205 seconds
Start importing Packages/com.unity.shadergraph/GraphTemplates/Cross Pipeline/UGUI Canvas Meter.shadergraph using Guid(9d4e8ca8c5046914c87ca6ccef140dac) (ScriptedImporter) -> (artifact id: 'c1af70415521a5d6d71088e1f213f4a2') in 0.0879168 seconds
Start importing Packages/com.unity.render-pipelines.universal/Editor/ShaderGraph/GraphTemplates/2D/0_2D Sprite Lit.shadergraph using Guid(bde135b320597544b9ac325092409f8b) (ScriptedImporter) -> (artifact id: 'a6807364465b8915d570dad98e454703') in 0.1021886 seconds
Start importing Packages/com.unity.render-pipelines.universal/Shaders/AutodeskInteractive/AutodeskInteractive.shadergraph using Guid(0e9d5a909a1f7e84882a534d0d11e49f) (ScriptedImporter) -> (artifact id: '9d418e49fd2174f57b1baf7c12242bb2') in 0.1260082 seconds
Start importing Packages/com.unity.render-pipelines.universal/Editor/ShaderGraph/GraphTemplates/UITKFullTemplate.shadergraph using Guid(3e01bbae25716b24ea9da11102b44902) (ScriptedImporter) -> (artifact id: 'b19d9205b6a4d7124465a60ce13ecf68') in 0.0662433 seconds
Start importing Packages/com.unity.shadergraph/GraphTemplates/Custom Render Texture.shadergraph using Guid(7ef2cf71ad164fe479662ae612dff99e) (ScriptedImporter) -> (artifact id: '1bec025da4b8c728cce6f11cb32c0017') in 0.0543598 seconds
Start importing Packages/com.unity.shadergraph/GraphTemplates/Cross Pipeline/1_Lit Full.shadergraph using Guid(aee84ce0dab81b049bb88017d78a63cd) (ScriptedImporter) -> (artifact id: 'd85ef33d9867d67154513891bca96596') in 0.2026732 seconds
Start importing Packages/com.unity.shadergraph/GraphTemplates/Cross Pipeline/Terrain Simple.shadergraph using Guid(def488a52add6574d9f295a507032cb8) (ScriptedImporter)Shader 'Hidden/Terrain/Terrain Simple': dependency 'AddPassShader' shader 'Hidden/Hidden/Terrain/Terrain Simple_AddPass' not found
Shader 'Hidden/Terrain/Terrain Simple': dependency 'BaseMapGenShader' shader 'Hidden/Hidden/Terrain/Terrain Simple_BaseMapGen' not found
Shader 'Hidden/Terrain/Terrain Simple': dependency 'BaseMapShader' shader 'Hidden/Universal Render Pipeline/Terrain/Lit (Base Pass)' not found
Shader 'Hidden/Terrain/Terrain Simple': dependency 'AddPassShader' shader 'Hidden/Hidden/Terrain/Terrain Simple_AddPass' not found
Shader 'Hidden/Terrain/Terrain Simple': dependency 'BaseMapGenShader' shader 'Hidden/Hidden/Terrain/Terrain Simple_BaseMapGen' not found
Shader 'Hidden/Terrain/Terrain Simple': dependency 'BaseMapShader' shader 'Hidden/Universal Render Pipeline/Terrain/Lit (Base Pass)' not found
 -> (artifact id: '09fc3d4cefb9c48d83f5d257a10e873f') in 0.2596875 seconds
Start importing Packages/com.unity.shadergraph/GraphTemplates/Cross Pipeline/0_Particle Unlit.shadergraph using Guid(af66091e0eca0c04a9c3584ae867418a) (ScriptedImporter) -> (artifact id: '82f79024b396af2c9c9252521351f8dc') in 0.1045339 seconds
Start importing Packages/com.unity.render-pipelines.universal/Editor/ShaderGraph/GraphTemplates/2D/2_2D Sprite Custom Lit.shadergraph using Guid(bfad0aba0faa90547b68abd10bb6be86) (ScriptedImporter) -> (artifact id: '7020184c1c4e72f5ec09dba96f983765') in 0.0830833 seconds
Start importing Packages/com.unity.render-pipelines.universal/Editor/ShaderGraph/GraphTemplates/Fullscreen Basic URP.shadergraph using Guid(df41eefe8c13d444ca890dddbbc61f8d) (ScriptedImporter) -> (artifact id: 'd53dfa04293dbdecc4537cb6338a4478') in 0.0534994 seconds
Start importing Packages/com.unity.render-pipelines.core/Runtime/Debug/ProbeSamplingDebugMesh.fbx using Guid(20be25aac4e22ee49a7db76fb3df6de2) (FBXImporter) -> (artifact id: '070d409d6c05634f807de24cfe81d438') in 0.1114053 seconds
Start importing Packages/com.unity.render-pipelines.core/Runtime/RenderPipelineResources/Mesh/SamplesFixture.fbx using Guid(b28fa67a0ff82c5478f27368dc627683) (FBXImporter) -> (artifact id: 'd57007faadb6b7c9dade76642588fb65') in 0.113443 seconds
Start importing Packages/com.unity.render-pipelines.core/Runtime/RenderPipelineResources/Mesh/UnityMaterialBall.fbx using Guid(39857cfad1651644682ff5b772e6e697) (FBXImporter) -> (artifact id: 'a8b34834223acd6d4e22e0a1d76b53c4') in 0.0993771 seconds
Start importing Packages/com.unity.render-pipelines.core/Runtime/RenderPipelineResources/Mesh/BackgroundMesh.fbx using Guid(b9ae429aca254fa41966db24b9e53232) (FBXImporter) -> (artifact id: '0d359e3b0203a849bd2a4595c21e6560') in 0.0429559 seconds
Start importing Packages/com.unity.2d.psdimporter/Editor/Assets/pivot.fbx using Guid(1c7762c9bce5f4ab7b060decb9e3002d) (FBXImporter) -> (artifact id: '84e9eacd89c0477ca626a694d98dafb0') in 0.0521587 seconds
Start importing Packages/com.unity.render-pipelines.core/Runtime/RenderPipelineResources/Mesh/SamplesFloorSpotlight.fbx using Guid(1dbf28c1bb322474d981b2dc555e28b0) (FBXImporter) -> (artifact id: '315c3d9093a9b70e1dac1f90ce8965a6') in 0.0399192 seconds
Start importing Packages/com.unity.render-pipelines.core/Runtime/RenderPipelineResources/Mesh/SamplesSpotlightModel.fbx using Guid(4e8732d4875cc0647b52b55a218072b6) (FBXImporter) -> (artifact id: '7d48402043a63cb5286a9aa2e41dd794') in 0.045973 seconds
Start importing Packages/com.unity.render-pipelines.core/Editor/Resources/DebugProbe.fbx using Guid(9e1c97fc44f9a8744b61b58f72c56de4) (FBXImporter) -> (artifact id: '32470fec15c74da940e96d51fd9b0e86') in 0.0369436 seconds
Start importing Packages/com.unity.render-pipelines.universal/Editor/SceneTemplates/Standard/GlobalVolumeProfile.asset using Guid(103b0616690034ca1a309e958ed431fc) (NativeFormatImporter) -> (artifact id: 'ae47e29d22d99c727ee8075492dd13c4') in 0.011122 seconds
Start importing Packages/com.unity.2d.animation/Editor/Assets/ComponentIcons/Animation.SpriteSkin.asset using Guid(607b17a3f96ae4b97b6b24dcdb2012ee) (NativeFormatImporter) -> (artifact id: '30b81928eea54c330ea5896932822622') in 0.026208 seconds
Start importing Packages/com.unity.render-pipelines.core/Editor/Icons/Processed/PassInspector Icon.asset using Guid(f07c8ecc9e9de7842ab9c99a9256ff7d) (NativeFormatImporter) -> (artifact id: '8e5ad2632b106e26212037a1b9f6fcd1') in 0.0202217 seconds
Start importing Packages/com.unity.render-pipelines.universal/Runtime/Data/PostProcessData.asset using Guid(41439944d30ece34e96484bdb6645b55) (NativeFormatImporter) -> (artifact id: '773dd7a50e62e00d2090db9f310907fb') in 0.0127787 seconds
Start importing Assets/_Project/Content/Dialogue/DialogueSet_Briefcase.asset using Guid(41a5079fcbfd4dd1a3ad2892228cc5f5) (NativeFormatImporter) -> (artifact id: '38758418bec0a298af8a58bc9edb9e76') in 0.0045052 seconds
Start importing Packages/com.unity.2d.animation/Editor/Assets/ComponentIcons/d_Animation.SpriteSkin.asset using Guid(41ba21739e79d42819811459918315b2) (NativeFormatImporter) -> (artifact id: 'b4cde1aae94c4cc7c3035e67931fc6d3') in 0.0249019 seconds
Start importing Assets/Settings/Renderer2D.asset using Guid(424799608f7334c24bf367e4bbfa7f9a) (NativeFormatImporter) -> (artifact id: '88468b1c4a5040bf8af9f540f5e60c3c') in 0.0033046 seconds
Start importing Assets/_Project/Content/Rooms/Room2.asset using Guid(a2541537823942c19f19b8e77e718a5f) (NativeFormatImporter) -> (artifact id: '52d5c09dbc6189b9e7e30e1adb77da89') in 0.0056978 seconds
Start importing Assets/_Project/Content/Dialogue/DialogueSet_Protagonist_Object.asset using Guid(b27178dd796f423c98c6a93c0cf2a190) (NativeFormatImporter) -> (artifact id: 'd71cc47831b52fb16ed7f5633457b8d0') in 0.0034967 seconds
Start importing Packages/com.unity.2d.animation/Editor/Assets/ComponentIcons/Animation.SpriteResolver.asset using Guid(d2cb3a8ce3b824bea895b92d838d0514) (NativeFormatImporter) -> (artifact id: 'bf31cb43aad449218d1682c2ae2297ca') in 0.030649 seconds
Start importing Packages/com.unity.2d.spriteshape/Editor/ObjectMenuCreation/DefaultAssets/Sprite Shape Profiles/Sprite Shape Profile.asset using Guid(f24cddf7c09a6442abbce710a6fd7397) (NativeFormatImporter) -> (artifact id: '884b301e58d610f0a1f31e128bc99cec') in 0.0327366 seconds
Start importing Packages/com.unity.2d.animation/Editor/Assets/ComponentIcons/Animation.SpriteLibrary.asset using Guid(33f954c4cbc334f2f92518b5f4a95a11) (NativeFormatImporter) -> (artifact id: '8b6b1305afe24531a4db44e1a408ae7a') in 0.0306573 seconds
Start importing Assets/UniversalRenderPipelineGlobalSettings.asset using Guid(93b439a37f63240aca3dd4e01d978a9f) (NativeFormatImporter) -> (artifact id: 'bdbaf9f475fa868b87177f36ca9ecd85') in 0.0040406 seconds
Start importing Packages/com.unity.render-pipelines.core/Editor/Icons/Processed/d_DecalProjector Icon.asset using Guid(340b2e8f8761e254d8ee52bc663cedbd) (NativeFormatImporter) -> (artifact id: 'a9926f4c8cebc2707ad671d8912be8af') in 0.0260637 seconds
Start importing Assets/TextMesh Pro/Resources/Sprite Assets/EmojiOne.asset using Guid(c41005c129ba4d66911b75229fd70b45) (NativeFormatImporter) -> (artifact id: '400e02c47afc6e214bd005827792d6ab') in 0.0085795 seconds
Start importing Packages/com.unity.2d.common/Editor/ScriptablePacker/SpriteAtlasGeometryPacker.asset using Guid(c40c2d7ca127c0243a5c4254595d2869) (NativeFormatImporter) -> (artifact id: '30fc6e8f8d79811cbc312b351d27922c') in 0.0203071 seconds
Start importing Packages/com.unity.render-pipelines.core/Editor/Icons/Processed/d_VolumeProfile Icon.asset using Guid(150de12d7eed3a2429509ab2146f6345) (NativeFormatImporter) -> (artifact id: '1ec4983a1e76a61eb1ce5f922ddfe738') in 0.0238756 seconds
Start importing Packages/com.unity.render-pipelines.universal/Tests/Editor/PostProcessDataTests/PostProcessData BloomPS Different 1.asset using Guid(350a709cf1218764c94f752764b6ab69) (NativeFormatImporter) -> (artifact id: 'f1ce8f5e2f0f402639b2a45f42c70339') in 0.0685926 seconds
Start importing Packages/com.unity.render-pipelines.core/Editor/Icons/Processed/Volume Icon.asset using Guid(65d673f04ea8f2f49919cf67d18aaf54) (NativeFormatImporter) -> (artifact id: '3e82559381d3f7626fa9f48fd1a71592') in 0.0264052 seconds
Start importing Packages/com.unity.render-pipelines.core/Editor/Icons/Processed/RenderPipelineResources Icon.asset using Guid(9577fdc34c3b03242bf439342d37043b) (NativeFormatImporter) -> (artifact id: '55271f66f3d64265aa4c4e207ce5fae4') in 0.0276781 seconds
Start importing Assets/_Project/Content/Rooms/RoomGraph.asset using Guid(950acb00470943afa53c1bce90cbb2c3) (NativeFormatImporter) -> (artifact id: 'cdc35aeafd8264b685918856efd47cce') in 0.0040318 seconds
Start importing Packages/com.unity.render-pipelines.core/Editor/Icons/Processed/d_LocalVolumetricFog Icon.asset using Guid(a51c08ea4f8a47641a38f14eff7be3db) (NativeFormatImporter) -> (artifact id: 'bec642be8c78ae3254c83990c8a0ac16') in 0.0257454 seconds
Start importing Assets/_Project/Content/Evidence/EvidenceDefinition_Letter.asset using Guid(862563c0d187445996409aad2906194a) (NativeFormatImporter) -> (artifact id: 'fcbb34336aab25593db90c411fa34f82') in 0.0053915 seconds
Start importing Packages/com.unity.render-pipelines.core/Editor/Icons/Processed/DecalProjector Icon.asset using Guid(9603ab9e0ac90754298d959374a0ec29) (NativeFormatImporter) -> (artifact id: '038af9788dce138047675b79317e255e') in 0.0240687 seconds
Start importing Packages/com.unity.render-pipelines.core/Editor/Icons/Processed/d_RenderPipelineResources Icon.asset using Guid(f6437d4e6a2f10345a40803d33f489bf) (NativeFormatImporter) -> (artifact id: '3ce1aa6a0a9b9f8ee9ba1baa9ce6154a') in 0.0168968 seconds
Start importing Packages/com.unity.render-pipelines.core/Editor/Icons/Processed/d_Volume Icon.asset using Guid(177b2538515c71b4a86aa1cad939807a) (NativeFormatImporter) -> (artifact id: '6270493438bfcb47713762428d420ac0') in 0.0263696 seconds
Start importing Packages/com.unity.2d.animation/Editor/Assets/ComponentIcons/d_Animation.SpriteLibrary.asset using Guid(67c59659677c64521a754356d551b44f) (NativeFormatImporter) -> (artifact id: '338e0455d749a252a7284b64d0bd3960') in 0.0238218 seconds
Start importing Packages/com.unity.render-pipelines.universal/Tests/Editor/PostProcessDataTests/PostProcessData BloomPS Different.asset using Guid(e7b20d8e594294f4380ea14212e1b042) (NativeFormatImporter) -> (artifact id: '478c6487015b56bc0580cc3e78e0e26d') in 0.0230137 seconds
Start importing Packages/com.unity.shadergraph/Editor/Resources/DefaultHeatmapValues.asset using Guid(089885f17bac7464a80c68e81d8538a1) (NativeFormatImporter) -> (artifact id: 'e7c7e627f3b4bb910b40efeaffb4210f') in 0.0262742 seconds
Start importing Assets/Settings/UniversalRP.asset using Guid(681886c5eb7344803b6206f758bf0b1c) (NativeFormatImporter) -> (artifact id: '118a51bd50ee8039af503b4e5ec34f6c') in 0.0033004 seconds
Start importing Assets/_Project/Content/Evidence/EvidenceDefinition_BoardingPass.asset using Guid(b823bbd0c707412380e87c6e5dc05c45) (NativeFormatImporter) -> (artifact id: '3b64326b8e93c1f84da30803c8b9a715') in 0.0030869 seconds
Start importing Assets/_Project/Content/Dialogue/DialogueSet_Letter.asset using Guid(c8a6bbc6916c4de3951c9aa11792aaed) (NativeFormatImporter) -> (artifact id: 'fb54192910b1e7d0622d4dec1361e573') in 0.003213 seconds
Start importing Assets/_Project/Content/Dialogue/DialogueSet_Marcus_Linear.asset using Guid(390a0e6d99f9461194670d616512ea85) (NativeFormatImporter) -> (artifact id: '347c995e8d2f05f7b40d9a4a335e8275') in 0.0038429 seconds
Start importing Packages/com.unity.render-pipelines.universal/Editor/SceneTemplates/Indoors/LightingData.asset using Guid(695c65e91172db945bf049e595adcc66) (NativeFormatImporter) -> (artifact id: '9a6b898057d23c1388d901b8dbb8f1f2') in 0.0144378 seconds
Start importing Assets/TextMesh Pro/Resources/Style Sheets/Default Style Sheet.asset using Guid(f952c082cb03451daed3ee968ac6c63e) (NativeFormatImporter) -> (artifact id: '9c7fcbb240ceb51f42adc557c23bd2d4') in 0.0043297 seconds
Start importing Packages/com.unity.2d.psdimporter/Editor/Pipeline.asset using Guid(7a602206d712e496b8b4f2c9fb6ce07c) (NativeFormatImporter) -> (artifact id: '5ce55972949771b623d45042db374de2') in 0.0213627 seconds
Start importing Packages/com.unity.render-pipelines.universal/Runtime/Data/UniversalRendererData.asset using Guid(ba6e69114eba6af4585b7b850051b2d9) (NativeFormatImporter) -> (artifact id: 'e9ad2070959e90d9af222fdfd170ce9f') in 0.0295572 seconds
Start importing Packages/com.unity.render-pipelines.core/Editor/Icons/Processed/VolumeProfile Icon.asset using Guid(faa56264e2faf674c8be98efbfd8e2a4) (NativeFormatImporter) -> (artifact id: 'ad099e67b3cdc8fadeb0df39ee69d1e5') in 0.0244891 seconds
Start importing Packages/com.unity.2d.animation/Editor/Assets/ComponentIcons/d_Animation.SpriteResolver.asset using Guid(1beab167850ca46a1bd9c199729da371) (NativeFormatImporter) -> (artifact id: '767320d62fd552f55832ec63c940e5cd') in 0.0250735 seconds
Start importing Assets/_Project/Content/Dialogue/DialogueSet_Noah_Branch.asset using Guid(3b047e91959d4937aee1080bedca4de4) (NativeFormatImporter) -> (artifact id: '2feadef2be6d78e1549bc62a878be75e') in 0.003324 seconds
Start importing Assets/_Project/Content/Rooms/Room3.asset using Guid(7b2337840b74457994a4542e284b3f0b) (NativeFormatImporter) -> (artifact id: 'b056a209f25f4a5bd368c42da4893e70') in 0.0025939 seconds
Start importing Packages/com.unity.render-pipelines.universal/Editor/SceneTemplates/Standard/LightingData.asset using Guid(bbf92febd37eec24fa8da21f59ace918) (NativeFormatImporter) -> (artifact id: 'f941e067d7e2884bba64631b6c9234a0') in 0.0112863 seconds
Start importing Packages/com.unity.render-pipelines.core/Editor/Icons/Processed/Resources Icon.asset using Guid(0c718439afc500a47899efc9499bc9f5) (NativeFormatImporter) -> (artifact id: '90537c1511ac064686a07af92b30bf95') in 0.0212985 seconds
Start importing Packages/com.unity.render-pipelines.core/Editor/Icons/Processed/LocalVolumetricFog Icon.asset using Guid(acb29b12f9f806e4086dd007d41e47e2) (NativeFormatImporter) -> (artifact id: 'a0967288c54c5ce33cc52718fcc28802') in 0.0173558 seconds
Start importing Assets/_Project/Content/Rooms/Room1.asset using Guid(6df2fd7ade734f5b8940813c83a82bf8) (NativeFormatImporter) -> (artifact id: '5a705d5047639dd06ecc58054f4d4029') in 0.0026048 seconds
Start importing Packages/com.unity.render-pipelines.core/Runtime/RenderPipelineResources/Default Lens Flare (SRP).asset using Guid(bd7eaf3bd49c39f4cb77bd809459aa72) (NativeFormatImporter) -> (artifact id: 'b78676d3d65c61a83272c7a98fe81c1a') in 0.0291978 seconds
Start importing Packages/com.unity.render-pipelines.universal/Editor/Volume/DefaultVolumeProfile.asset using Guid(eda47df5b85f4f249abf7abd73db2cb2) (NativeFormatImporter) -> (artifact id: '799151250d50a362ab2c8b44051ca144') in 0.0150462 seconds
Start importing Assets/TextMesh Pro/Resources/Fonts & Materials/LiberationSans SDF - Fallback.asset using Guid(2e498d1c8094910479dc3e1b768306a4) (NativeFormatImporter) -> (artifact id: '1731ad08df8ad6127dac31e529e88524') in 0.0108572 seconds
Start importing Packages/com.unity.2d.common/Editor/ScriptablePacker/DefaultScriptablePacker.asset using Guid(9eaaf0b28a38f804f9fadea8b77e198d) (NativeFormatImporter) -> (artifact id: 'fdc386ff42cb2df8062a08ae83d7b757') in 0.0206029 seconds
Start importing Packages/com.unity.render-pipelines.core/Editor/Icons/Processed/d_PassInspector Icon.asset using Guid(de46f443cc7a01d4a86b2535f132a51d) (NativeFormatImporter) -> (artifact id: '03f8a53c285e696ca189b20762810774') in 0.0211033 seconds
Start importing Assets/DefaultVolumeProfile.asset using Guid(3f9215ea0144899419cfbc0957140d3f) (NativeFormatImporter) -> (artifact id: 'badf8f3bada87a596004cef28613f17d') in 0.0031578 seconds
Start importing Assets/TextMesh Pro/Resources/TMP Settings.asset using Guid(3f5b5dff67a942289a9defa416b206f3) (NativeFormatImporter) -> (artifact id: '63bb2f23f93aea07631d58da1eaf0415') in 0.0111808 seconds
Start importing Packages/com.unity.render-pipelines.core/Editor/Icons/Processed/d_Resources Icon.asset using Guid(5f91283c363fa3943844c7b87c3ce64d) (NativeFormatImporter) -> (artifact id: '2962c33c15b15bc48304cd673b3f6d6e') in 0.0207966 seconds
Start importing Packages/com.unity.render-pipelines.universal/Editor/SceneTemplates/Indoors/Indoors Baking Set.asset using Guid(6f5f3e944558b294093fde8026e4d36e) (NativeFormatImporter) -> (artifact id: '1f357de00def547ebd6b5c747feeaf18') in 0.0334074 seconds
Start importing Assets/TextMesh Pro/Resources/Fonts & Materials/LiberationSans SDF.asset using Guid(8f586378b4e144a9851e7b34d9b748ee) (NativeFormatImporter) -> (artifact id: '33bf0e1648b404026079c59d341381f2') in 0.0026533 seconds
Start importing Packages/com.unity.render-pipelines.universal/Editor/SceneTemplates/Indoors/GlobalVolumeProfile.asset using Guid(afa2d039a61b9a44ab0eb7f1c138af34) (NativeFormatImporter) -> (artifact id: '4af27586657552fd846d090a7b91dd12') in 0.0117155 seconds
Start importing Packages/com.unity.collab-proxy/Lib/Editor/Localization/cm-help.zh-Hans.txt using Guid(0038217eeabd444c4a0ec1cbc366a840) (TextScriptImporter) -> (artifact id: 'cbcdde4a32fe62b0e71676bcff62c67c') in 0.0451487 seconds
Start importing Packages/com.unity.2d.animation/Third Party Notices.md using Guid(004c70e5832534d4798a9e1c2b525aee) (TextScriptImporter) -> (artifact id: 'a4741321dc0797b57a5848c2ad8d71e6') in 0.0275433 seconds
Start importing Packages/com.unity.render-pipelines.core/CHANGELOG.md using Guid(20456a2cc8a214f9d9846725cff9fea4) (TextScriptImporter) -> (artifact id: 'ceacaf669c8a0767a00be85c5e8a745c') in 0.0243838 seconds
Start importing Packages/com.unity.visualscripting/Third Party Notices.md using Guid(20e774542c826284fbc98ca46bac755c) (TextScriptImporter) -> (artifact id: '2bd71d71af3b2a2cf93f565d879b9dac') in 0.0164183 seconds
Start importing Packages/com.unity.searcher/LICENSE.md using Guid(200891d0445794843bffcc351163c84c) (TextScriptImporter) -> (artifact id: 'dceccae4fe3335f7d5609c4584d38347') in 0.0244918 seconds
Start importing Packages/com.unity.2d.sprite/LICENSE.md using Guid(20ef7441e2dc7954c9ba3a12ffbac4d9) (TextScriptImporter) -> (artifact id: '4e01aae592bdfc098dcd6f5114308079') in 0.0233965 seconds
Start importing Packages/com.unity.collab-proxy/Lib/Editor/Localization/images.ja.txt using Guid(30b2bcf5613b04349be9a5342224bc84) (TextScriptImporter) -> (artifact id: '65aeff929ed191ee6c657f7ff4bdbfb4') in 0.0284172 seconds
Start importing Packages/com.unity.modules.subsystems/package.json using Guid(30b312a167534621b316172253b08723) (PackageManifestImporter) -> (artifact id: '5fddaf95e1048f20ba7f7820d94a41a8') in 0.015198 seconds
Start importing Packages/com.unity.render-pipelines.universal/package.json using Guid(30648b8d550465f4bb77f1e1afd0b37d) (PackageManifestImporter) -> (artifact id: '545386d6c5389b89f8d60a335f6f2ee9') in 0.0129491 seconds
Start importing Packages/com.unity.collab-proxy/Lib/Editor/Localization/i3.es.txt using Guid(402a37c67f95c46d98827069b3b65e4c) (TextScriptImporter) -> (artifact id: '37efb56b440ceacb4a22cebf09304a69') in 0.0262767 seconds
Start importing Packages/com.unity.modules.jsonserialize/package.json using Guid(40bf3cec17fa0b49fe04443c8332d638) (PackageManifestImporter) -> (artifact id: '4c54406cdf6f27a0dfd74653ac191550') in 0.0142394 seconds
Start importing Packages/com.unity.collab-proxy/Lib/Editor/Localization/guihelp.ja.txt using Guid(5026f4ee4e60a4de089bd9edc13171c0) (TextScriptImporter) -> (artifact id: '07c190f64b2caf89faa50b2d89535c8b') in 0.0326526 seconds
Start importing Packages/com.unity.burst/package.json using Guid(60714b3a36613ab2918a1439869a826f) (PackageManifestImporter) -> (artifact id: '5fc6ad0daa076a3e94da611e97a065bb') in 0.0137565 seconds
Start importing Packages/com.unity.ide.visualstudio/CHANGELOG.md using Guid(6022bdd5b2896a54f94123b812705321) (TextScriptImporter) -> (artifact id: '720a745ec5db42376872ae1664e4f16f') in 0.0293728 seconds
Start importing Packages/com.unity.multiplayer.center/LICENSE.md using Guid(70554f6c9e4114e1084bb38f9ea400ce) (TextScriptImporter) -> (artifact id: 'c4bd63aaea861ad58925ef6690300eb1') in 0.0251073 seconds
Start importing Packages/com.unity.visualscripting/README.md using Guid(70b768f311ee24d93b61dbdf4169a93f) (TextScriptImporter) -> (artifact id: '1471b78007113fca7e5657629a766e7e') in 0.0039902 seconds
Start importing Packages/com.unity.collab-proxy/Lib/Editor/Localization/workspaceserver.zh-Hant.txt using Guid(706b0eaa51e6f4c278989cc67f6ff480) (TextScriptImporter) -> (artifact id: '79dbd8517e00badbef34b1a95171a3d9') in 0.0316126 seconds
Start importing Packages/com.unity.collab-proxy/Lib/Editor/Localization/commontypes.es.txt using Guid(80e155117764449b7a8a890d28cfd8c2) (TextScriptImporter) -> (artifact id: 'd4ecca675b1beed4d563b0db906e50c9') in 0.0268382 seconds
Start importing Packages/com.unity.modules.screencapture/package.json using Guid(80beef77cb19e713c7c2d481b65ed485) (PackageManifestImporter) -> (artifact id: '2f4796478e898a299d67d69a4e932b6a') in 0.012448 seconds
Start importing Packages/com.unity.modules.cloth/package.json using Guid(906c12bc9cd95d3963c6d58f62522c78) (PackageManifestImporter) -> (artifact id: '3d693bca45ffae6fac5cd7db888ef115') in 0.0128001 seconds
Start importing Packages/com.unity.2d.animation/LICENSE.md using Guid(a061223c7e76544829ec45015410a4b4) (TextScriptImporter) -> (artifact id: 'b1d01c09cd6df7cb0325f487132f2638') in 0.0245298 seconds
Start importing Packages/com.unity.collab-proxy/Lib/Editor/Localization/semantic.es.txt using Guid(a08b920ba06c544bbbb9042f68056940) (TextScriptImporter) -> (artifact id: 'd6e5657e41c9cb3819bb1d90cc0c28a4') in 0.0275797 seconds
Start importing Packages/com.unity.test-framework.performance/package.json using Guid(b030b7e8a4c531241b496403efc884ab) (PackageManifestImporter) -> (artifact id: '600eed6c640081ce0f5bf982d73379fb') in 0.0051515 seconds
Start importing Packages/com.unity.collab-proxy/Lib/Editor/Localization/plastic-gui.zh-Hans.txt using Guid(b0263de00b1bd43a5b1ffa31691e194e) (TextScriptImporter) -> (artifact id: 'ba4aafcb4f1852a43604c44ccb3ce915') in 0.0257962 seconds
Start importing Packages/com.unity.2d.tilemap/LICENSE.md using Guid(b0560f6f4fbd3a341a3d14343c000889) (TextScriptImporter) -> (artifact id: '159c16218b7926fc8b62e5bb0637264b') in 0.0259027 seconds
Start importing Packages/com.unity.modules.unitywebrequesttexture/package.json using Guid(d0e3ad91972c66f5238f5b9b7d5ae58a) (PackageManifestImporter) -> (artifact id: 'e55c9ecf8b6cd2df41ad2d48f83627ef') in 0.0131511 seconds
Start importing Packages/com.unity.2d.tilemap.extras/LICENSE.md using Guid(d096e666129ea0247bb05049143ba33a) (TextScriptImporter) -> (artifact id: 'cb45b6189b08f1311ff680d893fb9bdd') in 0.0257028 seconds
Start importing Packages/com.unity.ugui/README.md using Guid(e0ae6629cc70b514889df37fccb76832) (TextScriptImporter) -> (artifact id: '44afeb028f510a9f4544ce88fd1cf112') in 0.004247 seconds
Start importing Packages/com.unity.inputsystem/package.json using Guid(f0e14ea80f96b445f97b1c83650d5733) (PackageManifestImporter) -> (artifact id: '0b3bcdcbdf13d8ae3dd6c516649bbafc') in 0.0157686 seconds
Start importing Packages/com.unity.modules.ai/package.json using Guid(f0f13f2ab3d6d13cfc6e4656824bfca8) (PackageManifestImporter) -> (artifact id: '993ffce69848b7fc2884f536f4e72d66') in 0.015601 seconds
Start importing Packages/com.unity.collab-proxy/Lib/Editor/Localization/differences.en.txt using Guid(f043e5489ede848928e1a5292dfdf645) (TextScriptImporter) -> (artifact id: 'a13003bddf2a609c1fde94856963aafe') in 0.0342496 seconds
Start importing Packages/com.unity.collab-proxy/Lib/Editor/Localization/semantic.ja.txt using Guid(f0b7b5a372cfb44338daa1754f8285f8) (TextScriptImporter) -> (artifact id: '64058f22b87aa307bb1ceb200e1379a9') in 0.038013 seconds
Start importing Packages/com.unity.collab-proxy/Lib/Editor/Localization/semantic.zh-Hans.txt using Guid(f029733eb8bb74bfe9157299b13bcc27) (TextScriptImporter) -> (artifact id: '14d74b59a70b513d509a1b4c51f9bb3d') in 0.0342168 seconds
Start importing Packages/com.unity.collab-proxy/Lib/Editor/Localization/clientcommon.ja.txt using Guid(f04ab50f8452f4367be9271932ec2cd4) (TextScriptImporter) -> (artifact id: '1df8ce15a2cb654f148be3443ec39110') in 0.0434185 seconds
Start importing Packages/com.unity.collab-proxy/Lib/Editor/Localization/configurehelper.zh-Hans.txt using Guid(01e0e23bf64e44c359f58e04304087c0) (TextScriptImporter) -> (artifact id: 'b08fb32f5d1f3c1d1d4d44817b6d5833') in 0.0401167 seconds
Start importing Packages/com.unity.render-pipelines.core/Tests/Editor/UnifiedRayTracing/TraceRays.urtshader using Guid(1142bbad8b9e8c44c83a9775ff120d37) (ScriptedImporter)
Compiling Ray Tracing Shader "TraceRays.urtshader", keywords = <no keywords>
    finished in 0.15 seconds. Local cache hits 0, remote cache hits 0, compiled 1 platform variants
 -> (artifact id: '488f1fa279908b22ccf0712b57e157d7') in 0.2062366 seconds
Start importing Packages/com.unity.collections/Unity.Collections.LowLevel.ILSupport/README.txt using Guid(11246cfa909f81542b920bd109592bf5) (TextScriptImporter) -> (artifact id: '1b58fb7926fe33e24c66b8ab16c29834') in 0.0235576 seconds
Start importing Packages/com.unity.render-pipelines.core/Tests/Editor/RenderPipeline/SettingsStrippingResults/no_strippers_active_A_B_C.json using Guid(11f45568281574f48aee9ddbe7e80112) (TextScriptImporter) -> (artifact id: '427bbbd7106043ae80798d303b5f408f') in 0.0242285 seconds
Start importing Packages/com.unity.inputsystem/ValidationConfig.json using Guid(21e367e100361604f9ad6287fd367d4a) (TextScriptImporter) -> (artifact id: '6747c8a6d1a859362fba897ea410b516') in 0.0144828 seconds
Start importing Packages/com.unity.collab-proxy/Lib/Editor/Localization/xdiff.en.txt using Guid(219627149b7534b6b80dd713cf17c866) (TextScriptImporter) -> (artifact id: 'b4bfefc0af665c41c60ee1ad0317250b') in 0.0265633 seconds
Start importing Packages/com.unity.ugui/package.json using Guid(319b8889f363f5947acf209c17a94149) (PackageManifestImporter) -> (artifact id: '0d56f132eb0965e68b645baebd500335') in 0.0045075 seconds
Start importing Packages/com.unity.collections/Unity.Collections.Tests/System.Runtime.CompilerServices.Unsafe/System.Runtime.CompilerServices.Unsafe.xml using Guid(41f2013e3220e784d9de8f4ba5c67d9b) (TextScriptImporter) -> (artifact id: '00a425f930eeb7d9e93c3e80945df806') in 0.035286 seconds
Start importing Packages/com.unity.collab-proxy/Lib/Editor/Localization/workspaceserver.ja.txt using Guid(5107d60b85a9a49d3b713b1ccbb24766) (TextScriptImporter) -> (artifact id: '590a1a3ae17deb7cb3fc84bd8328470b') in 0.0328501 seconds
Start importing Packages/com.unity.render-pipelines.universal/Editor/ScriptTemplates/ScriptableRendererFeature.txt using Guid(51493ed8d97d3c24b94c6cffe834630b) (TextScriptImporter) -> (artifact id: 'de536b94159dd269ec9412f04ed502c6') in 0.0331146 seconds
Start importing Packages/com.unity.2d.tilemap/package.json using Guid(51797d68d3132bb419217a229e09fc47) (PackageManifestImporter) -> (artifact id: 'ac0cae7a0bf7008133930059bf2b0226') in 0.0135643 seconds
Start importing Packages/com.unity.nuget.newtonsoft-json/README.md using Guid(51bd45ca4f0f28342a12f4b0c80e9f4f) (TextScriptImporter) -> (artifact id: '48368251d4d96bf775df1340ab32befd') in 0.0252999 seconds
Start importing Packages/com.unity.collab-proxy/Lib/Editor/Localization/cm.es.txt using Guid(719a6e14901354868b50c5756cb51194) (TextScriptImporter) -> (artifact id: '0a2cc4b99e8f96bb8d24ec7de8015af3') in 0.0315141 seconds
Start importing Packages/com.unity.render-pipelines.universal/Runtime/RendererFeatures/SurfaceCacheGI/SurfaceCacheCore/RisEstimation.urtshader using Guid(713f6141bd66a134383b787f2eaa7c11) (ScriptedImporter)
Compiling Ray Tracing Shader "RisEstimation.urtshader", keywords = <no keywords>
    finished in 0.11 seconds. Local cache hits 0, remote cache hits 0, compiled 1 platform variants
 -> (artifact id: 'e10db10dd3fff1482e6f6829c30241da') in 0.1490097 seconds
Start importing Packages/com.unity.ext.nunit/package.json using Guid(8143d3a8390f2c64685e3bc272bd9e90) (PackageManifestImporter) -> (artifact id: 'b3b8f0f121831b39f23fd68d5d301926') in 0.0118591 seconds
Start importing Packages/com.unity.inputsystem/LICENSE.md using Guid(9166eed4756114bdaa498aca2df93e19) (TextScriptImporter) -> (artifact id: '7c9d36dfdaa6173e588e0793b0d80d1c') in 0.0209337 seconds
Start importing Packages/com.unity.render-pipelines.universal-config/package.json using Guid(b13c5df96839b924b85df50f9659b9e4) (PackageManifestImporter) -> (artifact id: '3ae81c29170bca1bc39cf1b7573af8c1') in 0.0120023 seconds
Start importing Packages/com.unity.collab-proxy/README.md using Guid(c10740cd62ccaf54c8880da0a3f4d10f) (TextScriptImporter) -> (artifact id: 'fab1782eaa75254ff435db335229cd04') in 0.0238495 seconds
Start importing Packages/com.unity.2d.tilemap.extras/Third Party Notices.md using Guid(d131a2d0c5c33464b90253c59096277f) (TextScriptImporter) -> (artifact id: '997b18cadae65d2a5d0171e8dd963912') in 0.0264862 seconds
Start importing Packages/com.unity.2d.aseprite/CHANGELOG.md using Guid(d1e6a8865d4b048aa99eb62f57e8cd10) (TextScriptImporter) -> (artifact id: '3646ccf583efcbcc6582778baf65c8f1') in 0.0286182 seconds
Start importing Packages/com.unity.render-pipelines.core/Tests/Editor/ShaderStripping/Results/UI_Default_0_0.json using Guid(d18eadffb612a2f4a995f89ad69c62c3) (TextScriptImporter) -> (artifact id: 'c9822bc28d5917466ed41e5b98996790') in 0.0262258 seconds
Start importing Packages/com.unity.collab-proxy/Lib/Editor/Localization/commontypes.zh-Hant.txt using Guid(e17d60c92c7634fd38dbc5da644e653e) (TextScriptImporter) -> (artifact id: '6cdd731b1ac055f31f30c460ae404889') in 0.0346175 seconds
Start importing Packages/com.unity.modules.assetbundle/package.json using Guid(e1ef8466c8fd01a549f10baa4d51fa17) (PackageManifestImporter) -> (artifact id: 'bd1378d04a55ff92f406f64b548a4dfc') in 0.0055691 seconds
Start importing Packages/com.unity.collab-proxy/Lib/Editor/Localization/semantic.zh-Hant.txt using Guid(126d59d6b93214ad78fb154cae61c871) (TextScriptImporter) -> (artifact id: '62a7cda82156176fe73fb66cbfd06ce0') in 0.035753 seconds
Start importing Packages/com.unity.timeline/Editor/StyleSheets/res/Timeline_LightSkin.txt using Guid(3235ecefad2a6a645aa0222aca200aeb) (TextScriptImporter) -> (artifact id: '63e9eb84be4a9807a850be9eaa0509b0') in 0.0176715 seconds
Start importing Packages/com.unity.modules.imgui/package.json using Guid(42fe78c8fe682715a2cb531422e6ccb3) (PackageManifestImporter) -> (artifact id: 'b643c636c8e55776455f8adce1983951') in 0.013623 seconds
Start importing Packages/com.unity.collab-proxy/LICENSE.md using Guid(52a2c019761d4f74ea3dbdaa0d889673) (TextScriptImporter) -> (artifact id: '2e1e1f79fcffa0d84c1233c07612897a') in 0.0226934 seconds
Start importing Packages/com.unity.visualscripting/Editor/VisualScripting.Core/Dependencies/YamlDotNet/Unity.VisualScripting.YamlDotNet.xml using Guid(72e2048684c0c45b5875f26f9ccb4f21) (TextScriptImporter) -> (artifact id: '5bdff6627711608c768d08353a17f36c') in 0.0299963 seconds
Start importing Packages/com.unity.collab-proxy/Lib/Editor/Localization/xdiff.zh-Hant.txt using Guid(92b1f4bae4c2345e09ef78778fe593e4) (TextScriptImporter) -> (artifact id: '8d733eac11ede6137c192c9adb9434b6') in 0.0262941 seconds
Start importing Packages/com.unity.modules.tilemap/package.json using Guid(92a378669877c05c6071d0fed687bb95) (PackageManifestImporter) -> (artifact id: '4056b6dbe265f7ea644917ceb3d938ad') in 0.0131261 seconds
Start importing Packages/com.coplaydev.unity-mcp/package.json using Guid(a2f7ae0675bf4fb478a0a1df7a3f6c64) (PackageManifestImporter) -> (artifact id: '681bbda9059b2077cc3136f79c0d7e2d') in 0.0134437 seconds
Start importing Packages/com.unity.test-framework.performance/ValidationExceptions.json using Guid(a23a55c69f9544b56a85639e7258ea1d) (TextScriptImporter) -> (artifact id: '0de6bb025ea649b84fc90771cdd733ed') in 0.0036967 seconds
Start importing Packages/com.unity.collab-proxy/Lib/Editor/Localization/basecommands.en.txt using Guid(d2c40a1f674654076953b01aad530c3d) (TextScriptImporter) -> (artifact id: '4ea18e57ea7bc8c8eed8bfa4060191ee') in 0.02626 seconds
Start importing Packages/com.unity.2d.tilemap.extras/CHANGELOG.md using Guid(e2b8acf174765f141a47de79f2db4b26) (TextScriptImporter) -> (artifact id: '51594613b5035ba5e129682dc934b302') in 0.0254096 seconds
Start importing Packages/com.unity.collab-proxy/Lib/Editor/Localization/workspaceserver.zh-Hans.txt using Guid(f264af12220984226b5566f53fa5b0cd) (TextScriptImporter) -> (artifact id: '929bf570dd8ee4404ddae6b44988fe9b') in 0.0270874 seconds
Start importing Packages/com.unity.render-pipelines.universal/Editor/RendererFeatures/NewPostProcessRendererFeature.cs.txt using Guid(03e97e85a392e23469cd704039e21501) (TextScriptImporter) -> (artifact id: '0b9e20e5364904ecf821c16a39959cd5') in 0.0320711 seconds
Start importing Packages/com.unity.collab-proxy/Lib/Editor/Localization/xdiff.ja.txt using Guid(03ead3a17c4c44702845a97eabdc0768) (TextScriptImporter) -> (artifact id: 'b38c414b1e03e03745491b26cf38b29b') in 0.0314035 seconds
Start importing Packages/com.unity.timeline/package.json using Guid(13a9c1b4df2e489e8eb9cacca7429596) (PackageManifestImporter) -> (artifact id: '2bca7c1657fc7efb76e25bcb51169739') in 0.0041146 seconds
Start importing Packages/com.unity.collab-proxy/Lib/Editor/Localization/clientcommon.zh-Hant.txt using Guid(33a29fe30b25e405a802d7f7a68ead93) (TextScriptImporter) -> (artifact id: '3b4aa023d8e93022be659894a3859107') in 0.0368048 seconds
Start importing Packages/com.unity.modules.accessibility/package.json using Guid(43674d438e19b89d7fe6af07234f3252) (PackageManifestImporter) -> (artifact id: '9a98f0a4a23cfb2780f9ebc86419c8bb') in 0.0125457 seconds
Start importing Packages/com.unity.collab-proxy/Lib/Editor/Localization/cm-help.en.txt using Guid(63b4d85ff9a8149b0b6e6ac494e06c70) (TextScriptImporter) -> (artifact id: '3c28e8ba4693fd84c5832ff1b2e21532') in 0.029102 seconds
Start importing Packages/com.unity.inputsystem/CHANGELOG.md using Guid(a3e12f7b92d6e49c0b430ae7813c2398) (TextScriptImporter) -> (artifact id: '298405c52a65abce4e917c5b3228af95') in 0.0277766 seconds
Start importing Packages/com.unity.searcher/README.md using Guid(a363ef2608aa3684794c3db0480fcd81) (TextScriptImporter) -> (artifact id: '4ca074f0d9fce8061be0c79b5e86fb79') in 0.032127 seconds
Start importing Packages/com.unity.ide.visualstudio/ValidationConfig.json using Guid(a3f71b076c36a204a864f8c44142b3a9) (TextScriptImporter) -> (artifact id: '24357cb0c47577b7373223c2476cd21b') in 0.0278021 seconds
Start importing Packages/com.unity.2d.common/LICENSE.md using Guid(c3b59bc98951d4f7ea2ad99b77e35f03) (TextScriptImporter) -> (artifact id: '5cfa6fe6b919041bfdfcde56ff166490') in 0.0302941 seconds
Start importing Packages/com.unity.multiplayer.center/README.md using Guid(c359bcaf4a0bc4040aac650bf14ec619) (TextScriptImporter) -> (artifact id: '1479d3316a4547e823ef71ef56c076f5') in 0.015117 seconds
Start importing Packages/com.coplaydev.unity-mcp/README.md using Guid(c3d9e362fb93e46f59ce7213fbe4f2b1) (TextScriptImporter) -> (artifact id: 'eb4b69af8a5089118b94512ee836dd71') in 0.0266732 seconds
Start importing Packages/com.unity.2d.tooling/LICENSE.md using Guid(d349fb5fc6603f14baa6f6adceefbb13) (TextScriptImporter) -> (artifact id: '76ef5ea8bc3edbd14cbfe26b11924078') in 0.0210374 seconds
Start importing Packages/com.unity.modules.terrainphysics/package.json using Guid(d3cbe921f7b3d9a3257e7c61a5761796) (PackageManifestImporter) -> (artifact id: 'f5e2c961ee3d9c345b9cfb0721893363') in 0.0125735 seconds
Start importing Packages/com.unity.mathematics/package.json using Guid(d34d0af25c21141a98c0cf3c0066444f) (PackageManifestImporter) -> (artifact id: '4f8aaef6e675f0d139584cd98f31bbcf') in 0.0049346 seconds
Start importing Packages/com.unity.2d.sprite/README.md using Guid(e31c136ab48c1194184380e435f3936d) (TextScriptImporter) -> (artifact id: 'f6370a54792b9c6aa3c5139106c1ef5c') in 0.0249604 seconds
Start importing Packages/com.unity.collab-proxy/Lib/Editor/Localization/guihelp.es.txt using Guid(f3a25560eb3f44acdb02ae58620e078c) (TextScriptImporter) -> (artifact id: '31212d996d27a3c85392586ed4dc6a60') in 0.0258859 seconds
Start importing Packages/com.unity.burst/ValidationExceptions.json using Guid(f383c015504b380698ba4a8681b1223e) (TextScriptImporter) -> (artifact id: '9d234e9aaed826c4623358ed285e294c') in 0.0215335 seconds
Start importing Packages/com.unity.collab-proxy/Lib/Editor/Localization/configurehelper.ko.txt using Guid(f3ea369c0ef5144dca2e08159f292177) (TextScriptImporter) -> (artifact id: 'e3b8020ee137c41ecf9e45f76eda1646') in 0.0293133 seconds
Start importing Packages/com.unity.collab-proxy/Lib/Editor/Localization/clientcommon.en.txt using Guid(f34c66cec4f114ab9abbf9a87dd1fc50) (TextScriptImporter) -> (artifact id: 'b56bc09aa861c8e1894a6719ca7b0552') in 0.034971 seconds
Start importing Packages/com.unity.render-pipelines.core/Tests/Editor/RenderPipeline/SettingsStrippingResults/KeepAStripper_RemoveAStripper_A_B_C.json using Guid(241278b82c9201f40817c73e0e86a393) (TextScriptImporter) -> (artifact id: '5e0e84a9b756327a62047ff3fc8b40ae') in 0.0216797 seconds
Start importing Packages/com.unity.nuget.newtonsoft-json/LICENSE.md using Guid(24efe08f95549ab4699df4c1b55703e5) (TextScriptImporter) -> (artifact id: '8501ab4fa23de162aee8e4a2c433fc59') in 0.0227251 seconds
Start importing Packages/com.unity.timeline/Editor/StyleSheets/res/Timeline_DarkSkin.txt using Guid(54905d77593e9eb44a7c25d704bb4163) (TextScriptImporter) -> (artifact id: '11c451b2c526ba97ae70e067975c9f21') in 0.0141348 seconds
Start importing Packages/com.unity.visualscripting/package.json using Guid(545a9d2bc7370224f8d14c22f2f580e0) (PackageManifestImporter) -> (artifact id: '804d1316ddfb3f97e0466a795e314a8e') in 0.0037503 seconds
Start importing Packages/com.unity.burst/CHANGELOG.md using Guid(544e4fbf839e39e1b693958db86e8cc8) (TextScriptImporter) -> (artifact id: '9ab3141fdb02fdb046c4c9e32f42af55') in 0.0247296 seconds
Start importing Packages/com.unity.collab-proxy/Lib/Editor/Localization/plastic-gui.zh-Hant.txt using Guid(647748199c4bd4ccfae42e62fc5a3acd) (TextScriptImporter) -> (artifact id: '8592b22241b32eba50fe4ddc59efcc9d') in 0.0245441 seconds
Start importing Packages/com.unity.collab-proxy/Lib/Editor/Localization/commontypes.ja.txt using Guid(74621c72e13ad47d88571eae06795323) (TextScriptImporter) -> (artifact id: '0b3b8fd1e3ac12a5a715a307bac932a9') in 0.0275006 seconds
Start importing Packages/com.unity.2d.tooling/CHANGELOG.md using Guid(744511170d2d3a7469a933bed4f61c03) (TextScriptImporter) -> (artifact id: '0b0cabfda3b3634913e11de558f0107b') in 0.0198951 seconds
Start importing Packages/com.unity.collab-proxy/package.json using Guid(743fda8c4b219c8429fb5a77ede1c879) (PackageManifestImporter) -> (artifact id: 'ca0bbf923c2052ac2db58437a6873627') in 0.0116538 seconds
Start importing Packages/com.unity.collab-proxy/Lib/Editor/Localization/differences.ko.txt using Guid(846a71cefa88440b1827812cb1fcf231) (TextScriptImporter) -> (artifact id: '3f2a85eae98494e619330788d961c4a0') in 0.0524191 seconds
Start importing Packages/com.unity.render-pipelines.core/Editor/Lighting/ProbeVolume/RenderingLayerMask/TraceRenderingLayerMask.urtshader using Guid(94a070d33e408384bafc1dea4a565df9) (ScriptedImporter)
Compiling Ray Tracing Shader "TraceRenderingLayerMask.urtshader", keywords = <no keywords>
    finished in 0.09 seconds. Local cache hits 0, remote cache hits 0, compiled 1 platform variants
 -> (artifact id: '429af685779b9b6687d168527af601a1') in 0.1175471 seconds
Start importing Packages/com.unity.nuget.newtonsoft-json/Third Party Notices.md using Guid(9422d9b1fde3cf644b4a0dddd10a7348) (TextScriptImporter) -> (artifact id: '5554922647665a391624980353b0a837') in 0.0214439 seconds
Start importing Packages/com.unity.collab-proxy/Lib/Editor/Localization/cm-help.ko.txt using Guid(9473a479453044236a9011090338b71c) (TextScriptImporter) -> (artifact id: 'd619c1245d71212f555c6c4f7671e44b') in 0.0516809 seconds
Start importing Packages/com.unity.render-pipelines.universal/Runtime/RendererFeatures/SurfaceCacheGI/SurfaceCacheCore/UniformEstimation.urtshader using Guid(94a39d12848d8d64ca962a72b74e7c50) (ScriptedImporter)
Compiling Ray Tracing Shader "UniformEstimation.urtshader", keywords = <no keywords>
    finished in 0.09 seconds. Local cache hits 0, remote cache hits 0, compiled 1 platform variants
 -> (artifact id: '5ce19e5f1a23e02548f0bf81582d69bb') in 0.1245591 seconds
Start importing Packages/com.unity.2d.animation/README.md using Guid(f497b12fab15d4d2eabb5029505fec1a) (TextScriptImporter) -> (artifact id: 'f8cd5687d690db2d70eab6c2e3c223e7') in 0.0203792 seconds
Start importing Packages/com.unity.ext.nunit/CHANGELOG.md using Guid(f49bbe06ffa5ae24abe32abdab430c24) (TextScriptImporter) -> (artifact id: 'fceecea86d3291d57dee7acd6734d35a') in 0.0212865 seconds
Start importing Packages/com.unity.ugui/PackageConversionData.json using Guid(05f5bfd584002f948982a1498890f9a9) (TextScriptImporter) -> (artifact id: 'd9e43e27959cd399247c69832ab9dc4f') in 0.0118099 seconds
Start importing Packages/com.unity.modules.unitywebrequestassetbundle/package.json using Guid(05f7f519769978b79b31d063a7fc6fa1) (PackageManifestImporter) -> (artifact id: '4f2160dda0ab469cf2df5b0cd4f92db7') in 0.0116627 seconds
Start importing Packages/com.unity.collab-proxy/Lib/Editor/Localization/commontypes.zh-Hans.txt using Guid(45c3c447520834202a1214fd8fb24f1c) (TextScriptImporter) -> (artifact id: '1ff4d218f3e4d88440c1dc01c22ef352') in 0.0266871 seconds
Start importing Packages/com.unity.ide.rider/LICENSE.md using Guid(5598b14661b5f4c43bed757f34b6d172) (TextScriptImporter) -> (artifact id: '49d700dcf59f487c894ff6cdb50f0d2b') in 0.0207369 seconds
Start importing Packages/com.unity.collab-proxy/Lib/Editor/Localization/images.zh-Hant.txt using Guid(551a1f382ee9f495dab156563ea2a026) (TextScriptImporter) -> (artifact id: '86246d505fcbc2355ca4dc687b6b6588') in 0.0271862 seconds
Start importing Packages/com.unity.render-pipelines.core/Tests/Editor/UnifiedRayTracing/TraceTransparentRays.urtshader using Guid(6513c3b892e933c4f8d00c19d5c47532) (ScriptedImporter)
Compiling Ray Tracing Shader "TraceTransparentRays.urtshader", keywords = <no keywords>
    finished in 0.01 seconds. Local cache hits 0, remote cache hits 0, compiled 1 platform variants
 -> (artifact id: 'ca58980c3b604796b728d1cb3c92f61a') in 0.0390226 seconds
Start importing Packages/com.unity.collab-proxy/Lib/Editor/Localization/mergetool.zh-Hant.txt using Guid(659cea81136eb4fa9afc4f5f9e2ce497) (TextScriptImporter) -> (artifact id: '394f35516496fa30a0ce6b93c42275ef') in 0.0257816 seconds
Start importing Packages/com.unity.ide.visualstudio/package.json using Guid(656f74f6edaa396458412b9e3903d8cd) (PackageManifestImporter) -> (artifact id: 'f015d583ec99e5248c22ceae467b9909') in 0.0113023 seconds
Start importing Packages/com.unity.collab-proxy/Lib/Editor/Localization/mergetool.zh-Hans.txt using Guid(75a5697d1de324cf3879dec50dda847c) (TextScriptImporter) -> (artifact id: '1667d37d136ffdb77542e0cea640cc49') in 0.0264907 seconds
Start importing Packages/com.unity.collab-proxy/Lib/Editor/Localization/commontypes.en.txt using Guid(75d502302be264c9186a574e5db8f340) (TextScriptImporter) -> (artifact id: 'c7e30c0078e1cfe1a3af86d525dbb501') in 0.0229087 seconds
Start importing Packages/com.unity.render-pipelines.core/ValidationConfig.json using Guid(75497c58fb28415a98098a98e7133272) (TextScriptImporter) -> (artifact id: 'a7e1c03fe37934ac9434255e3e62d48e') in 0.0217842 seconds
Start importing Packages/com.unity.render-pipelines.core/package.json using Guid(753d1ac2429a21a44ac5f937cbbb409f) (PackageManifestImporter) -> (artifact id: 'b9f9ac05577edba04d4e0ff7479fb30e') in 0.0111513 seconds
Start importing Packages/com.unity.collab-proxy/Lib/Editor/Localization/plastic-gui.en.txt using Guid(85cf137017b5d44d39f15af90ed96f23) (TextScriptImporter) -> (artifact id: 'c9fe5fc7c33ff1e824280d24b2f67b9d') in 0.0132846 seconds
Start importing Packages/com.unity.modules.imageconversion/package.json using Guid(953fab16d15d5885b3600fcd6388b2ad) (PackageManifestImporter) -> (artifact id: '4914195fadd462954a635b65250787ed') in 0.0120091 seconds
Start importing Packages/com.unity.render-pipelines.core/Tests/Editor/RenderPipeline/SettingsStrippingResults/PrivateCtorAStripper_A_B_C.json using Guid(a50296725d3e4cf4aa43416a9a85b52c) (TextScriptImporter) -> (artifact id: '0399baf6faff2dd78ebbad007ed7d043') in 0.0149215 seconds
Start importing Packages/com.unity.collab-proxy/Lib/Editor/Localization/basecommands.zh-Hant.txt using Guid(a5e3865464ad84fca9a66428aea44d33) (TextScriptImporter) -> (artifact id: 'f1c3ff9e1c6992b1690d9e857885611c') in 0.0305053 seconds
Start importing Packages/com.unity.collections/CHANGELOG.md using Guid(a5d815866ec304e56b03ec5cfc5f8b0a) (TextScriptImporter) -> (artifact id: 'd681d9e6ba24be674779bf36b23059d4') in 0.0223702 seconds
Start importing Packages/com.unity.2d.spriteshape/Runtime/External/LibTessDotNet/LICENSE.txt using Guid(b5ea83a04894a434f9b5e5b5d91c75e5) (TextScriptImporter) -> (artifact id: '600958edbb8370b9befc4aa42f49ce2b') in 0.0214458 seconds
Start importing Packages/com.unity.shadergraph/package.json using Guid(d5ac453c34e359d439de9d724772ed3d) (PackageManifestImporter) -> (artifact id: 'e77f9d420f2ac52e5387f7dd8757b37f') in 0.0116205 seconds
Start importing Packages/com.unity.nuget.newtonsoft-json/CHANGELOG.md using Guid(16f24f695cc06684991baf4b1bc6ad22) (TextScriptImporter) -> (artifact id: '096cf39e518db792a986b5a82794ade3') in 0.0247499 seconds
Start importing Packages/com.unity.render-pipelines.universal/CHANGELOG.md using Guid(16b5d2a7d862f49ffb9453600e8ee776) (TextScriptImporter) -> (artifact id: 'b3eda0f0c5143132cbe0c98990434081') in 0.0268807 seconds
Start importing Packages/com.unity.modules.unityanalytics/package.json using Guid(26a4f29db434fd79025c91f6126382cc) (PackageManifestImporter) -> (artifact id: '4f55ed6c07c9d593d430c69b12caecd5') in 0.0124772 seconds
Start importing Packages/com.unity.shadergraph/LICENSE.md using Guid(3627da0ec84594020b79e02cec8d0b41) (TextScriptImporter) -> (artifact id: '72b4fa774d99603f0009b0150b6b09bb') in 0.0211454 seconds
Start importing Packages/com.unity.collab-proxy/Lib/Editor/Localization/images.zh-Hans.txt using Guid(46969e2907e104a649761ed2ce5c9acd) (TextScriptImporter) -> (artifact id: '51b9526398e5e5ebf0246f609777174f') in 0.0279443 seconds
Start importing Packages/com.unity.mathematics/CHANGELOG.md using Guid(56de866d5032f461baa43decd9ce3bd8) (TextScriptImporter) -> (artifact id: 'c915c18a00b5a08c993883945607100d') in 0.021983 seconds
Start importing Packages/com.unity.collections/LICENSE.md using Guid(568f02fe7676e4d659782d6038df91de) (TextScriptImporter) -> (artifact id: 'd65e4ff8f611b581202afa9dfb67221e') in 0.0221397 seconds
Start importing Packages/com.unity.ide.rider/package.json using Guid(66c95bb3c74257f41bae2622511dc02d) (PackageManifestImporter) -> (artifact id: '18ec1dd40324424f6cefa6c7ab747c6f') in 0.0122018 seconds
Start importing Packages/com.unity.2d.tooling/README.md using Guid(669cbd6dca22ed946bd5862232343456) (TextScriptImporter) -> (artifact id: 'cfc6be170c48b1ff3a00a31a48d38fdc') in 0.0211379 seconds
Start importing Packages/com.unity.searcher/package.json using Guid(86b0e09d2fd75564f90fbc601e1eec6b) (PackageManifestImporter) -> (artifact id: 'c95adb7b818b5f538add0afc7dd3b3c3') in 0.0116217 seconds
Start importing Packages/com.unity.ide.rider/CHANGELOG.md using Guid(8645aa9c3c74fb34ba9499e14fb332b5) (TextScriptImporter) -> (artifact id: '836fe87ab4920ce23d1d96bbda553c1a') in 0.0247789 seconds
Start importing Packages/com.unity.collections/Unity.Collections.PerformanceTests/README.md using Guid(86abcf43c46cd3743bb775a4682f2d1d) (TextScriptImporter) -> (artifact id: '313554527ad309fd74494e9fa26f1882') in 0.024304 seconds
Start importing Packages/com.unity.modules.video/package.json using Guid(96d14b71b907bb52333b2886e665aba6) (PackageManifestImporter) -> (artifact id: '5663ce496606d4af708204c817adcf41') in 0.0134081 seconds
Start importing Packages/com.unity.shadergraph/ValidationConfig.json using Guid(a65122cb60c266746acf35e0e5c8ac96) (TextScriptImporter) -> (artifact id: 'eb979cab433de53d88e96e5acd74567d') in 0.0205134 seconds
Start importing Packages/com.unity.collab-proxy/Lib/Editor/Localization/images.en.txt using Guid(a6c98e10980b3448d8255dad9083b222) (TextScriptImporter) -> (artifact id: '9fe7f474ff85c281c72dae19c3e4f2a8') in 0.0238616 seconds
Start importing Packages/com.unity.ide.rider/ValidationExceptions.json using Guid(b6029123aa4ab4e0481a4b3ad8a15af9) (TextScriptImporter) -> (artifact id: 'e7589f402abb91a19b40b94844b636c9') in 0.0201447 seconds
Start importing Packages/com.unity.collab-proxy/Lib/Editor/Localization/differences.es.txt using Guid(b622566ab85e54a9697b185b51659399) (TextScriptImporter) -> (artifact id: '6249a0d44a925ad7172b68176d4610f1') in 0.0252688 seconds
Start importing Packages/com.unity.collab-proxy/Lib/Editor/Localization/differences.zh-Hans.txt using Guid(b60eb5d9730c144d1aee252ab81e3504) (TextScriptImporter) -> (artifact id: '6f7d353480637d0820e38f8ab7fdfa4d') in 0.0275391 seconds
Start importing Packages/com.unity.collab-proxy/Lib/Editor/Localization/plastic-gui.ja.txt using Guid(c6293b585df4e466189a95315976af97) (TextScriptImporter) -> (artifact id: 'c7fb776b9d8ab503535c22e639c9f260') in 0.0217515 seconds
Start importing Packages/com.unity.test-framework/CHANGELOG.md using Guid(d691174143fd3774ba63d7c493633b99) (TextScriptImporter) -> (artifact id: '042e5d077a319e13cd83b80ccc9d2b2b') in 0.0040126 seconds
Start importing Packages/com.unity.shadergraph/CHANGELOG.md using Guid(d652dd37e32b64cc9b4e36a1e7ddf1b8) (TextScriptImporter) -> (artifact id: '1c03ab1d464a97c854abc24fe7d59fd7') in 0.0263129 seconds
Start importing Packages/com.unity.test-framework/package.json using Guid(d6a2e6e4803de7b43baacdc355fc144d) (PackageManifestImporter) -> (artifact id: 'b4c291a7b646fefb4f0c6f571829a42c') in 0.0036043 seconds
Start importing Packages/com.unity.2d.aseprite/ValidationExceptions.json using Guid(d6e3d33b24a204546bcb65611742890c) (TextScriptImporter) -> (artifact id: '09895da73ff657ed897a90e67d5a1d21') in 0.0226408 seconds
Start importing Packages/com.unity.timeline/README.md using Guid(f66454863bc106549a6b53849ee63b41) (TextScriptImporter) -> (artifact id: '7f1ef2892420a98ad561f5e401d84978') in 0.0152034 seconds
Start importing Packages/com.unity.2d.common/CHANGELOG.md using Guid(1791df116968841c6bc27470d2ebeaa8) (TextScriptImporter) -> (artifact id: '4e276a9f621c3729198c427f72a2f987') in 0.0240231 seconds
Start importing Packages/com.unity.2d.aseprite/LICENSE.md using Guid(17a1fcc79c9564c8481ae2568e1d4d9f) (TextScriptImporter) -> (artifact id: 'f9881bb394184c6adf3214d48523f9ab') in 0.02208 seconds
Start importing Packages/com.unity.nuget.mono-cecil/package.json using Guid(17a4fd582bf2d47479cf5c1508ca82c6) (PackageManifestImporter) -> (artifact id: '7d8277172f9172650445d26e2efb1263') in 0.0116036 seconds
Start importing Packages/com.unity.collab-proxy/Lib/Editor/Localization/guihelp.ko.txt using Guid(37721dcbaf04b4ee89012f6a601fde0d) (TextScriptImporter) -> (artifact id: 'd2f3c3883130a0ff5970d4a08342f8c2') in 0.0356953 seconds
Start importing Packages/com.unity.collab-proxy/Lib/Editor/Localization/clientcommon.es.txt using Guid(47d096025e0d84e8dbc9dd46f5f14838) (TextScriptImporter) -> (artifact id: 'e4728e47650ff2665309d3316927e101') in 0.0415718 seconds
Start importing Packages/com.unity.collab-proxy/Lib/Editor/Localization/plastic-gui.ko.txt using Guid(47435a7ac7d5943fcbec0a36875451c8) (TextScriptImporter) -> (artifact id: '95de22a9d90a733fc29497b1236f0d80') in 0.0306661 seconds
Start importing Packages/com.unity.render-pipelines.universal/Editor/ScriptTemplates/UnlitURP.txt using Guid(4796721ff66d641078403679f98f5dbb) (TextScriptImporter) -> (artifact id: 'e7f6a81a8a5c6b9aa1c38136158ef920') in 0.0196832 seconds
Start importing Packages/com.unity.collab-proxy/CHANGELOG.md using Guid(47777d81697d65f45befb6ccd55b2324) (TextScriptImporter) -> (artifact id: 'bfdf175a86ac5700e42c6340b6b541eb') in 0.0225719 seconds
Start importing Packages/com.unity.collab-proxy/Lib/Editor/Localization/configurehelper.ja.txt using Guid(473dfafa5c0044ee7b7932da67381c23) (TextScriptImporter) -> (artifact id: 'a8d4de901675b975e7a1024dd63586f3') in 0.0247658 seconds
Start importing Assets/Docs/The_Wake_Without_Footprints_Unity_3인_개발계획.md using Guid(5709a28604936344699505ec0200ec23) (TextScriptImporter) -> (artifact id: '664276387a0e168e6c2fbcd4ba0a24a6') in 0.0038731 seconds
Start importing Packages/com.unity.collab-proxy/Lib/Editor/Localization/plastic-gui.es.txt using Guid(570a0b5e54aa34d9098a77877ed47a22) (TextScriptImporter) -> (artifact id: '0c34a899d27195ab0c879d321e483703') in 0.0236389 seconds
Start importing Packages/com.unity.collab-proxy/Lib/Editor/Localization/xdiff.zh-Hans.txt using Guid(7718cfa859bb1491cbbd81d7f13667f2) (TextScriptImporter) -> (artifact id: '8fb6d57fa8881792984e3012e2af304c') in 0.0260819 seconds
Start importing Packages/com.unity.modules.particlesystem/package.json using Guid(87d720faa37005c08600090e04d8c739) (PackageManifestImporter) -> (artifact id: 'd6aa8c20d84b997ec285a739a17be19d') in 0.0115282 seconds
Start importing Packages/com.unity.collab-proxy/Lib/Editor/Localization/cm-help.ja.txt using Guid(97b1c8a1efbe8437790c98e3cfacaf16) (TextScriptImporter) -> (artifact id: '385b03dab47d21b43610b478be3334df') in 0.0479972 seconds
Start importing Packages/com.unity.mathematics/LICENSE.md using Guid(a7f87992cd1d44040ae42b05e5fbdaa5) (TextScriptImporter) -> (artifact id: 'dcb480f55b9e03877084c202f58984ab') in 0.0237259 seconds
Start importing Packages/com.unity.2d.sprite/CHANGELOG.md using Guid(b7007d815829e7644bb81d1f8004a340) (TextScriptImporter) -> (artifact id: 'e0d296e5887392c86686326100524cf6') in 0.0216721 seconds
Start importing Packages/com.unity.render-pipelines.core/Tests/Editor/ShaderStripping/Results/UI_Default_Sprites_Default_5_0.5.json using Guid(b7530f054ac4b4b4183bef9efddcb60f) (TextScriptImporter) -> (artifact id: '5ee249e49f6cf93e7a5b11d303f86232') in 0.0221965 seconds
Start importing Packages/com.unity.collab-proxy/Lib/Editor/Localization/workspaceserver.ko.txt using Guid(b7aa9907323034f18b28d36c3a312651) (TextScriptImporter) -> (artifact id: '0b4f4d4632bee374ed25f13b9b846031') in 0.0232835 seconds
Start importing Packages/com.unity.collab-proxy/Lib/Editor/Localization/semantic.ko.txt using Guid(d7e36c71652834f3aaaef4d98eff71f2) (TextScriptImporter) -> (artifact id: '09ebd6c8e4b97f63f6b5f913fe7d57a4') in 0.0274411 seconds
Start importing Packages/com.unity.collab-proxy/Lib/Editor/Localization/cm.zh-Hant.txt using Guid(e7c47e3ca2fec43e79a45ce9a87921b6) (TextScriptImporter) -> (artifact id: 'b59d54eed8d2df30cec97d5d4b541be5') in 0.0264988 seconds
Start importing Packages/com.unity.inputsystem/README.md using Guid(f747a892239fb40f9a9b9e2acf9929ee) (TextScriptImporter) -> (artifact id: '3ae4f911971c56e7f716f83b8485fc56') in 0.0195462 seconds
Start importing Packages/com.unity.modules.physics2d/package.json using Guid(f7a8357347c80dc69c08d0b1a05e2122) (PackageManifestImporter) -> (artifact id: 'e2187f6cfb7435ccc7f0487e9567b857') in 0.0113916 seconds
Start importing Packages/com.unity.collab-proxy/Lib/Editor/Localization/cm.ja.txt using Guid(f779f51f389c34eb29cae3ae09ba0eb3) (TextScriptImporter) -> (artifact id: '2c1385ad4a4a231a83b1717d97ebc99d') in 0.0291838 seconds
Start importing Packages/com.unity.shadergraph/README.md using Guid(08534868baca5cc4092711da8c94e981) (TextScriptImporter) -> (artifact id: '07c637b5701b48568373dfe81f8fdc21') in 0.0243381 seconds
Start importing Packages/com.unity.modules.vr/package.json using Guid(18a4fadfef534684d5af39ca8dc48fe9) (PackageManifestImporter) -> (artifact id: '84052aabb171f6ab790f35d596f62a3c') in 0.0121709 seconds
Start importing Packages/com.unity.collab-proxy/Lib/Editor/Localization/i3.ja.txt using Guid(280760e27a27641a7aa1da01f6b57d1f) (TextScriptImporter) -> (artifact id: '4c06a2c98c3c0861bced907f3ac1c757') in 0.028691 seconds
Start importing Packages/com.unity.burst/Third Party Notices.md using Guid(28c762070e0d3359b18a59f9402d5013) (TextScriptImporter) -> (artifact id: '0594e0b44a72c47bdccb3985fe019f76') in 0.0295454 seconds
Start importing Packages/com.unity.visualscripting/ValidationExceptions.json using Guid(28daaf27186926745a8e1ebf5539c5f8) (TextScriptImporter) -> (artifact id: 'b53125e811d441a45695090fa98a5bc9') in 0.0141213 seconds
Start importing Assets/TextMesh Pro/Sprites/EmojiOne Attribution.txt using Guid(381dcb09d5029d14897e55f98031fca5) (TextScriptImporter) -> (artifact id: 'c9e3cba1154a24d2ed67788c11ce4ae8') in 0.0034464 seconds
Start importing Packages/com.unity.2d.common/package.json using Guid(68f1917ec3cac45b080c26153375c2bb) (PackageManifestImporter) -> (artifact id: 'b02bf9963ea1bca8d6c012858b87e36e') in 0.0142192 seconds
Start importing Packages/com.unity.collab-proxy/Lib/Editor/Localization/images.ko.txt using Guid(68b2b40d7b2d24d4b8daab86e7c9be2d) (TextScriptImporter) -> (artifact id: 'd8b507f8721fb6876826d64971ddd454') in 0.0319146 seconds
Start importing Packages/com.unity.test-framework.performance/Third Party Notices.md using Guid(682cbcd3b2e7545e2bbc6306016e7bb7) (TextScriptImporter) -> (artifact id: '56427e1b4ac5622fb901fa78006ce993') in 0.0040735 seconds
Start importing Packages/com.unity.modules.vectorgraphics/package.json using Guid(78e5667e52329c3ceef41288763404ae) (PackageManifestImporter) -> (artifact id: '8bda5c963352e20d9c07831179d6adc4') in 0.0138243 seconds
Start importing Packages/com.unity.ide.visualstudio/ThirdPartyNotices.md using Guid(7809f42f64c877f4b90ac233e5ec2372) (TextScriptImporter) -> (artifact id: 'd241ed5bb98769970512d80e17245a44') in 0.0239079 seconds
Start importing Packages/com.unity.ide.visualstudio/ValidationExceptions.json using Guid(788fbcfc0abc6c54b9504cfee3176c22) (TextScriptImporter) -> (artifact id: 'd12498102750afadc18e8e0995d48361') in 0.0242876 seconds
Start importing Packages/com.unity.collab-proxy/Lib/Editor/Localization/guihelp.zh-Hant.txt using Guid(9879fbd25a5d642c89459f0d61359e34) (TextScriptImporter) -> (artifact id: '4ba57805498c1bf78e4b64d8b545f447') in 0.0328552 seconds
Start importing Packages/com.unity.collab-proxy/Lib/Editor/Localization/mergetool.es.txt using Guid(98eabb8d06d1a43cfa8511535011b8f1) (TextScriptImporter) -> (artifact id: 'bee55e5dd75aa8b9536d04eb35c7d2ea') in 0.0267436 seconds
Start importing Packages/com.unity.shadergraph/Editor/Resources/GraphView/Nodes/UITKShaderPreview-Vector.svg using Guid(a8d7d25cc14c27f4e9257da19b888497) (ScriptedImporter) -> (artifact id: '20b61f2c45f724873c1d84385622f482') in 1.713279 seconds
Start importing Packages/com.unity.nuget.newtonsoft-json/link.xml using Guid(a8a90c35b04530c4f971aaef6fdf3612) (TextScriptImporter) -> (artifact id: '5807b3eaf8f2b7f4cc31155895c29cd0') in 0.0242202 seconds
Start importing Packages/com.unity.collections/Unity.Collections.Tests/System.IO.Hashing/System.IO.Hashing.xml using Guid(b8e3d14e41c60bf44bafafc1c6cbbb2d) (TextScriptImporter) -> (artifact id: '11582e6707301f0c098ef99a26dcaf1c') in 0.0373224 seconds
Start importing Packages/com.unity.modules.wind/package.json using Guid(b83f06ac0c0696e9563230865ca72b81) (PackageManifestImporter) -> (artifact id: '48870b0fad529c24ec23948838d08134') in 0.0143867 seconds
Start importing Packages/com.unity.ugui/CHANGELOG.md using Guid(c851bee4305bddf438cc6ffc515991ce) (TextScriptImporter) -> (artifact id: '80aa7e1c8215b9d3824af55dd65c9c21') in 0.0050003 seconds
Start importing Packages/com.unity.multiplayer.center/Third Party Notices.md using Guid(c8f6fa942856442b8bd72594d3ce7363) (TextScriptImporter) -> (artifact id: 'f117005acc7b64b33c08eea913553eaf') in 0.026225 seconds
Start importing Assets/TextMesh Pro/Resources/LineBreaking Leading Characters.txt using Guid(d82c1b31c7e74239bff1220585707d2b) (TextScriptImporter) -> (artifact id: '36f8e2c2143ec54032d03cd5406f6e7a') in 0.0042484 seconds
Start importing Packages/com.unity.modules.umbra/package.json using Guid(d85e5eeaf8f135aeaaebdc8aa3cff6c3) (PackageManifestImporter) -> (artifact id: '6d849251c9e4cdd9848460d7e0ea0550') in 0.0143582 seconds
Start importing Packages/com.unity.nuget.newtonsoft-json/package.json using Guid(f8d4e5c2f2df25449ae8c391afbe5114) (PackageManifestImporter) -> (artifact id: '1ebf05e4d0c977e753304024401e5845') in 0.0126947 seconds
Start importing Packages/com.unity.visualscripting/LICENSE.md using Guid(f8d9014a332bd894485ce367ca17d086) (TextScriptImporter) -> (artifact id: '0f282fa1bfe2b2aa6ec843fbe2deefd6') in 0.0151594 seconds
Start importing Packages/com.unity.collab-proxy/Lib/Editor/Localization/configurehelper.en.txt using Guid(f8fabb85242ab4dc4916dd3486ebfed7) (TextScriptImporter) -> (artifact id: 'e23fa8a657c785838440f6a7d5cf36ab') in 0.0379901 seconds
Start importing Packages/com.unity.nuget.mono-cecil/Third Party Notices.md using Guid(192a998b912484856a34120268cfbfc9) (TextScriptImporter) -> (artifact id: 'e07d49955e23fcc39e799189a37025ad') in 0.0243943 seconds
Start importing Packages/com.unity.2d.animation/CHANGELOG.md using Guid(29c81981f22b24a2c8585a80ec3ee610) (TextScriptImporter) -> (artifact id: 'b0fe3722a5ad803a97ccd2fbc19e5767') in 0.0283337 seconds
Start importing Packages/com.unity.collab-proxy/Lib/Editor/Localization/common.en.txt using Guid(29abf003bc40e4f079730eb88d538d98) (TextScriptImporter) -> (artifact id: 'd11fb98cb08aa363219de72261502943') in 0.0343171 seconds
Start importing Packages/com.unity.2d.spriteshape/CHANGELOG.md using Guid(3909d2eb8b6444c6f972a20db7914b89) (TextScriptImporter) -> (artifact id: '8187d590bdfe67e9900a05393ee64af8') in 0.0276758 seconds
Start importing Packages/com.unity.collab-proxy/Lib/Editor/Localization/clientcommon.ko.txt using Guid(49219f4ee5ecc4611aaf67609eeed843) (TextScriptImporter) -> (artifact id: '07c68c41c9b4fc5ed18135ba25ec8c8c') in 0.0386347 seconds
Start importing Packages/com.unity.2d.spriteshape/README.md using Guid(79531da4240f84a7a9187cfde72e9612) (TextScriptImporter) -> (artifact id: '8f33bdba511c666ccaea5d3f4b0af30d') in 0.023121 seconds
Start importing Packages/com.unity.collab-proxy/Lib/Editor/Localization/mergetool.ja.txt using Guid(8983c337cf5ff4fb4b063735c7249470) (TextScriptImporter) -> (artifact id: 'a67d1cac23825951bb5b9926e17796e7') in 0.034273 seconds
Start importing Packages/com.unity.2d.spriteshape/LICENSE.md using Guid(893b6fc79706f4a7cad3f07ed30c3f4c) (TextScriptImporter) -> (artifact id: '92cb0ced8001a2dec8ded9291245c2c4') in 0.0249971 seconds
Start importing Packages/com.unity.collab-proxy/Lib/Editor/FileSystemWatcherLicense.txt using Guid(992242bf8b23e574bbc95a128844c481) (TextScriptImporter) -> (artifact id: 'd61661bb14505898476df58ff3330b96') in 0.0316251 seconds
Start importing Packages/com.unity.2d.tilemap.extras/package.json using Guid(a9f15b7c9363d9944a7d69248fd279ec) (PackageManifestImporter) -> (artifact id: 'b24cd917916da0ce61063f553cc458fa') in 0.0144061 seconds
Start importing Packages/com.unity.collab-proxy/Lib/Editor/Localization/images.es.txt using Guid(b957b2a4b3ff04e9cb838bca1e5c5877) (TextScriptImporter) -> (artifact id: 'ed6f0cbe6937357716ecad8a190a449e') in 0.0252326 seconds
Start importing Packages/com.unity.collab-proxy/Lib/Editor/Localization/mergetool.ko.txt using Guid(d9ab4f4718d5d4ba19f63f47a03e8f06) (TextScriptImporter) -> (artifact id: '7bd0b8c04a75cde7532c04959523e8aa') in 0.0308831 seconds
Start importing Packages/com.unity.inputsystem/ValidationExceptions.json using Guid(d9fe79419851eee4e8c90f7d0f934859) (TextScriptImporter) -> (artifact id: '00ae2ddc5213f4ed60f1dc84795fb4af') in 0.0266747 seconds
Start importing Packages/com.unity.visualscripting/CHANGELOG.md using Guid(e943e3d5ede9d0848a8e889af1e6656c) (TextScriptImporter) -> (artifact id: '82d93aece76caa90947ea3bef7d799ad') in 0.0307821 seconds
Start importing Packages/com.unity.modules.audio/package.json using Guid(e9df95f53f1c1d0c9199e235d6c42b50) (PackageManifestImporter) -> (artifact id: '14bdb854ae6daae762f5873a0a889a4a') in 0.0145528 seconds
Start importing Packages/com.unity.ext.nunit/LICENSE.md using Guid(f91a00d2dca52b843b2d50ccf750737d) (TextScriptImporter) -> (artifact id: '55298590a2352299e08e2ff1f27aa1b0') in 0.0246722 seconds
Start importing Packages/com.unity.modules.physics/package.json using Guid(1a4266815e998967becf686f9c71f0a6) (PackageManifestImporter) -> (artifact id: '4fbeefd29956a8cb2b920ec02d72eda6') in 0.0141021 seconds
Start importing Packages/com.unity.collab-proxy/Lib/Editor/Localization/basecommands.zh-Hans.txt using Guid(2a20d22678b9745a8be20529bbe3ada3) (TextScriptImporter) -> (artifact id: '69bb677e0f095876afecf3bec085f7bc') in 0.0349244 seconds
Start importing Packages/com.unity.burst/LICENSE.md using Guid(3adebabc9c53348aab08029333dba930) (TextScriptImporter) -> (artifact id: 'd264b669ea15005bcef2308f8066e86e') in 0.0236732 seconds
Start importing Packages/com.unity.render-pipelines.universal/ValidationExceptions.json using Guid(3afe581e949e3cc489c978bd8e000c4b) (TextScriptImporter) -> (artifact id: '8676c928f375d84056c4d7aea32a74f8') in 0.0231394 seconds
Start importing Packages/com.unity.timeline/CHANGELOG.md using Guid(4a0757ee0236f39489520769ae710288) (TextScriptImporter) -> (artifact id: 'cbaf2db4b74a9827f721675dd40c0e61') in 0.0042139 seconds
Start importing Packages/com.unity.2d.common/Third Party Notices.md using Guid(4a6ed47ab3732e642a9f8b492ed24194) (TextScriptImporter) -> (artifact id: 'd14be968750dd97a7eadd2247ea74b4e') in 0.0271508 seconds
Start importing Packages/com.unity.render-pipelines.core/Editor/Lighting/ProbeVolume/DynamicGI/DynamicGISkyOcclusion.urtshader using Guid(5a2a534753fbdb44e96c3c78b5a6999d) (ScriptedImporter)
Compiling Ray Tracing Shader "DynamicGISkyOcclusion.urtshader", keywords = <no keywords>
    finished in 0.08 seconds. Local cache hits 0, remote cache hits 0, compiled 1 platform variants
 -> (artifact id: '0dc1f800bcbac359df7a7fc6400f16e4') in 0.1168901 seconds
Start importing Packages/com.unity.render-pipelines.core/Runtime/UnifiedRayTracing/Compute/RadeonRays/README.txt using Guid(6ab740f51f5df0244bb3510f143c74ef) (TextScriptImporter) -> (artifact id: '3dc7127f9d581fb0ecd6ec8a6bf10b5d') in 0.0194891 seconds
Start importing Packages/com.unity.modules.vehicles/package.json using Guid(6afb166a156df2d20433d981f4bb2832) (PackageManifestImporter) -> (artifact id: '16ef665dac3746b447ea167f980da255') in 0.0123646 seconds
Start importing Packages/com.unity.2d.spriteshape/Third Party Notices.md using Guid(7a6ed47ab3732e642a9f8b492ed24191) (TextScriptImporter) -> (artifact id: 'f8379dffad1a91868b26c80db44e6d05') in 0.0219915 seconds
Start importing Packages/com.unity.inputsystem/InputSystem/Editor/ProjectWideActions/ProjectWideActionsTemplate.json using Guid(8a190d472354bb845973412ac9c5c477) (TextScriptImporter) -> (artifact id: '8830f73ccf807181142a7ab64bea514c') in 0.022041 seconds
Start importing Packages/com.unity.2d.tilemap.extras/README.md using Guid(8a2cf010fb12d5146a68fb9a7b4d89fe) (TextScriptImporter) -> (artifact id: 'fa5bb2d0965b9c6774777c7de350bbd9') in 0.0227644 seconds
Start importing Packages/com.unity.render-pipelines.universal-config/LICENSE.md using Guid(8a8d9e4408d3f1247884b71451a0abcf) (TextScriptImporter) -> (artifact id: '5f6be654156818ac684fb127434d5dc4') in 0.0202758 seconds
Start importing Packages/com.unity.2d.psdimporter/Third Party Notices.md using Guid(9a0bf89d9a6d719479a816944f579291) (TextScriptImporter) -> (artifact id: '5f56c6569806a048fe79ce2901bec3a7') in 0.0034479 seconds
Start importing Packages/com.unity.collab-proxy/Lib/Editor/Localization/guihelp.en.txt using Guid(aabb8de0f84df41678c030174a974cd0) (TextScriptImporter) -> (artifact id: '7e98cd2207e87933a24d9e4765f884c6') in 0.0273591 seconds
Start importing Packages/com.unity.collab-proxy/Lib/Editor/Localization/guihelp.zh-Hans.txt using Guid(ba76261f79d7d44c09f58f4739f53306) (TextScriptImporter) -> (artifact id: '9915ea05cabe23dbabe8b3131ffa05fe') in 0.025981 seconds
Start importing Packages/com.unity.render-pipelines.core/LICENSE.md using Guid(ba4b5cdf8466e485ab792e0e4e45af25) (TextScriptImporter) -> (artifact id: 'cbf749fc26b67c615ba097e8d084c4a3') in 0.0131277 seconds
Start importing Packages/com.unity.collab-proxy/Lib/Editor/Localization/workspaceserver.en.txt using Guid(baab213a9735c4229971127c41e276fa) (TextScriptImporter) -> (artifact id: 'a685a699dfede569b50d0211305cc40f') in 0.0195191 seconds
Start importing Packages/com.unity.2d.psdimporter/README.md using Guid(bacef98d5d5167242a24ec99d7304aad) (TextScriptImporter) -> (artifact id: '7fedb586228e5d8c57e9b7d1bdb83f82') in 0.0207583 seconds
Start importing Packages/com.unity.inputsystem/InputSystem/Plugins/PlayerInput/DefaultInputActions.inputactions using Guid(ca9f5fa95ffab41fb9a615ab714db018) (ScriptedImporter) -> (artifact id: 'c7bb96b89281d5659142e73a61e2a083') in 0.0488029 seconds
Start importing Packages/com.unity.2d.aseprite/README.md using Guid(ea854cdb9640e4ee7b7206951309a1ab) (TextScriptImporter) -> (artifact id: 'a92dfc92284d463a46b883012e0cb334') in 0.021033 seconds
Start importing Packages/com.unity.2d.tilemap/CHANGELOG.md using Guid(ea7e55ba5de304f4496c0a6f9114405c) (TextScriptImporter) -> (artifact id: 'd27d2aa324f705079a1920b325d2b051') in 0.0236598 seconds
Start importing Packages/com.unity.modules.unitywebrequestwww/package.json using Guid(fa27413e9edb06a6058d6c894eca0338) (PackageManifestImporter) -> (artifact id: '544e02c2e4fff416b5755915f1fd3dbb') in 0.0131014 seconds
Start importing Assets/TextMesh Pro/Resources/LineBreaking Following Characters.txt using Guid(fade42e8bc714b018fac513c043d323b) (TextScriptImporter) -> (artifact id: '0f9ba20dcebfc9e01d06e067c701f263') in 0.0035954 seconds
Start importing Assets/InputSystem_Actions.inputactions using Guid(2bcd2660ca9b64942af0de543d8d7100) (ScriptedImporter) -> (artifact id: 'f92be92ef0094638da90ca395abc1f74') in 0.0235378 seconds
Start importing Packages/com.unity.collab-proxy/Lib/Editor/Localization/workspaceserver.es.txt using Guid(3b967bfb7bb7641a092de0b5008c80f8) (TextScriptImporter) -> (artifact id: '6771a014b5885103c20d6bc5753e0ba0') in 0.0206187 seconds
Start importing Packages/com.unity.multiplayer.center/CHANGELOG.md using Guid(3bbd27b3dd7be4a74aeab8da6b0af5cc) (TextScriptImporter) -> (artifact id: 'cc786d9fe9f62ad8c73bc5c3c7572c6b') in 0.0251503 seconds
Start importing Packages/com.unity.modules.unitywebrequestaudio/package.json using Guid(4b518b37798c97b0f860962cbf615533) (PackageManifestImporter) -> (artifact id: 'ef897d7e225c33dae9315c5417c1634d') in 0.0133409 seconds
Start importing Packages/com.unity.collab-proxy/Lib/Editor/Localization/basecommands.es.txt using Guid(5b620c1ab90c8486aa98357a3d5aa245) (TextScriptImporter) -> (artifact id: '524d573cef8ef1914d20f51b084ab2bd') in 0.0216592 seconds
Start importing Packages/com.unity.collab-proxy/Lib/Editor/Localization/i3.en.txt using Guid(8b54dd8fd297e447cb3cd4a1d0bf41b4) (TextScriptImporter) -> (artifact id: 'a08d70d300fff9906d2721047ff88a02') in 0.0270188 seconds
Start importing Packages/com.unity.modules.hierarchycore/package.json using Guid(9b1a5759726ef9d39a0ab82047b615f1) (PackageManifestImporter) -> (artifact id: '2c156e03cb13bcc2a06b8c9b0a7a8ac4') in 0.0126212 seconds
Start importing Packages/com.unity.collab-proxy/Lib/Editor/Localization/i3.ko.txt using Guid(9b3d12b563d0b49c1ae404d86f2476f3) (TextScriptImporter) -> (artifact id: '5f8f9b2e0db89bc39d4937a16247a2a3') in 0.0296979 seconds
Start importing Packages/com.unity.collab-proxy/Third Party Notices.md using Guid(9bff32140d1498a4a9f6f18b09e8959c) (TextScriptImporter) -> (artifact id: '430803f2814ed39ee8662eda5328c091') in 0.0249415 seconds
Start importing Packages/com.unity.collab-proxy/Lib/Editor/Localization/cm.en.txt using Guid(ab6257926b76242c39331cb6c7e0d180) (TextScriptImporter) -> (artifact id: '7ca3d302cbcdf863883d4e1b389e0dfd') in 0.031265 seconds
Start importing Packages/com.unity.collab-proxy/Lib/Editor/Localization/mergetool.en.txt using Guid(ab8259796afe24142895385548247dc5) (TextScriptImporter) -> (artifact id: '1b491994f55014893a39e80c028c2680') in 0.0277345 seconds
Start importing Packages/com.unity.collab-proxy/Lib/Editor/Localization/basecommands.ko.txt using Guid(cbf7e260580d441139244e6d69108bc7) (TextScriptImporter) -> (artifact id: 'acb04dd8e2f99e506dae727b7c87297b') in 0.0354212 seconds
Start importing Packages/com.unity.collab-proxy/ValidationConfig.json using Guid(cb3c9f5ba9ced5e4b99de1b3dbd68d09) (TextScriptImporter) -> (artifact id: 'd70107dc275928e21a49c184d7265fc5') in 0.0212464 seconds
Start importing Packages/com.unity.render-pipelines.core/Tests/Editor/RenderPipeline/SettingsStrippingResults/no_strippers_active_no_settings.json using Guid(dbc864b8cdd37be4e8900a8efad3efc5) (TextScriptImporter) -> (artifact id: '7c395ed94f17782f9d6d2e2bc430e142') in 0.0215725 seconds
Start importing Packages/com.unity.render-pipelines.core/Tests/Editor/UnifiedRayTracing/TraceRaysAndFetchAttributes.urtshader using Guid(fbc59f55df2416344b008dc23753cae2) (ScriptedImporter)
Compiling Ray Tracing Shader "TraceRaysAndFetchAttributes.urtshader", keywords = <no keywords>
    finished in 0.03 seconds. Local cache hits 0, remote cache hits 0, compiled 1 platform variants
 -> (artifact id: '9216d50ef0b1f8b055fdf5822a1034ab') in 0.0547472 seconds
Start importing Packages/com.unity.searcher/CHANGELOG.md using Guid(0ce03cb7950ade54ab84650691ce7a38) (TextScriptImporter) -> (artifact id: 'a9db7eaa315fd0b07f300c471b9307b7') in 0.025542 seconds
Start importing Packages/com.unity.collab-proxy/Lib/Editor/Localization/cm.ko.txt using Guid(0cf2133faf5334f1f8c52dfbfc9fcf6e) (TextScriptImporter) -> (artifact id: '6cb197a1bbbf71002d95f64ad5790985') in 0.0319516 seconds
Start importing Packages/com.unity.render-pipelines.core/Editor/ScriptTemplates/BlitSRP.txt using Guid(0c69256ff57964383b6408cfd6119fb3) (TextScriptImporter) -> (artifact id: 'ac577b8f342759c518e087b1be22f5fd') in 0.0202155 seconds
Start importing Packages/com.unity.modules.xr/package.json using Guid(2c814623cb42764d304be0c5ddd03ceb) (PackageManifestImporter) -> (artifact id: '5cf90f838d6837d1fee4108bf50e9644') in 0.0114497 seconds
Start importing Packages/com.unity.collab-proxy/Lib/Editor/Localization/cm.zh-Hans.txt using Guid(2c0548b030b4443e1bba441773bbc14b) (TextScriptImporter) -> (artifact id: '575c4f65e6b7eb66f492960156ef1962') in 0.026869 seconds
Start importing Packages/com.unity.collab-proxy/Lib/Editor/Localization/configurehelper.es.txt using Guid(3c17ce0c67c7e45ab84aa8d1d060f085) (TextScriptImporter) -> (artifact id: '65eb4d10a2435b41a00ab4bd6c0a63e7') in 0.0261335 seconds
Start importing Packages/com.unity.modules.adaptiveperformance/package.json using Guid(4c413a81cadcce7038e446e56570117e) (PackageManifestImporter) -> (artifact id: 'a6f258ba23d61d479758aecde11c60fd') in 0.0157503 seconds
Start importing Packages/com.unity.nuget.newtonsoft-json/Runtime/AOT/Newtonsoft.Json.xml using Guid(4c5640e415edbe342bbe339175268dfc) (TextScriptImporter) -> (artifact id: 'c7e6a9d03a5641b71f38638e5a36f35f') in 0.0345862 seconds
Start importing Packages/com.unity.test-framework.performance/CHANGELOG.md using Guid(5cb0d418e2eda6f4a8ebfe6910c17dd4) (TextScriptImporter) -> (artifact id: '3436c06b2726384414a57b49a5354c10') in 0.0256706 seconds
Start importing Packages/com.unity.collab-proxy/Lib/Editor/Localization/xdiff.ko.txt using Guid(8cb079b2a5c1f44a4ae141b0f24ef6ac) (TextScriptImporter) -> (artifact id: 'b5cfbb014751e3db971f16c2bc65b470') in 0.0251526 seconds
Start importing Packages/com.unity.timeline/ValidationExceptions.json using Guid(8c67d9fafab224c399c8eb76e0620f99) (TextScriptImporter) -> (artifact id: '2ecc25eb1dc3c757ca91c5ad90b33071') in 0.022691 seconds
Start importing Packages/com.unity.test-framework.performance/LICENSE.md using Guid(9c8887056eaaa7e4888ca0131e2892da) (TextScriptImporter) -> (artifact id: '94c44230087ad053bedd3bffe6bba333') in 0.0213296 seconds
Start importing Packages/com.unity.collab-proxy/Lib/Editor/Localization/i3.zh-Hans.txt using Guid(bc611bb38967943769e99fcb5c0aabcc) (TextScriptImporter) -> (artifact id: '03fa7f56dff3f81fcb99415477d26cad') in 0.0257987 seconds
Start importing Packages/com.unity.collab-proxy/Lib/Editor/Localization/clientcommon.zh-Hans.txt using Guid(ccb846397348148c8b3e16c35047934a) (TextScriptImporter) -> (artifact id: 'e3d6a1b9a5282018e36e0cd4bbc7812e') in 0.0314416 seconds
Start importing Packages/com.unity.2d.tilemap/Third Party Notices.md using Guid(dcf0b2fc1fc794a9f919ec1610b03a1f) (TextScriptImporter) -> (artifact id: '80daa6489489cfc1b5e78b80c6770f9e') in 0.0237755 seconds
Start importing Packages/com.unity.collab-proxy/Lib/Editor/Localization/configurehelper.zh-Hant.txt using Guid(dcf2da6b60ce74bb780465e51fa40347) (TextScriptImporter) -> (artifact id: 'f35e49f7a7a825f37fbf0f16ef8379ed') in 0.0259205 seconds
Start importing Packages/com.unity.modules.director/package.json using Guid(ec02776fe29df900b897106d61977735) (PackageManifestImporter) -> (artifact id: '050663fa3328fcc8ba0607ef180c9ff4') in 0.0133242 seconds
Start importing Packages/com.unity.collab-proxy/Lib/Editor/Localization/xdiff.es.txt using Guid(ec1212d5d510e4070be838d4f688aa3e) (TextScriptImporter) -> (artifact id: '4219e938bb3a304def1d5b9375e5a2bd') in 0.0292309 seconds
Start importing Packages/com.unity.2d.aseprite/package.json using Guid(fcf2f4964f64c4a0fa8c994d677d8bd9) (PackageManifestImporter) -> (artifact id: '0b23f46652ab38e5e58d5cb2cf8f97ff') in 0.0126921 seconds
Start importing Packages/com.unity.visualscripting/ValidationConfig.json using Guid(fc4a8343f87d64dbfafcb9922d534865) (TextScriptImporter) -> (artifact id: '2b67c754a0d8f44a862fece2b97365f6') in 0.0246122 seconds
Start importing Packages/com.unity.collab-proxy/Lib/Editor/Localization/common.es.txt using Guid(0d4ef9387a3bc423f96d7bfbdb7cf122) (TextScriptImporter) -> (artifact id: '4319161e7e7fddfdaf42c8d6dcaedc32') in 0.0326319 seconds
Start importing Packages/com.unity.collab-proxy/Lib/Editor/Localization/i3.zh-Hant.txt using Guid(3d9a394b78f3e4ba48aa868771edfcb4) (TextScriptImporter) -> (artifact id: '608997f2b39af57768ed4356863287a4') in 0.0321727 seconds
Start importing Packages/com.unity.ugui/LICENSE.md using Guid(4d3d51749e989f747b2674e0b4d9b3d7) (TextScriptImporter) -> (artifact id: 'ae566241d6b201e35280c27d51ece7ee') in 0.0299765 seconds
Start importing Packages/com.unity.collab-proxy/Lib/Editor/Localization/semantic.en.txt using Guid(5d93a4f9061c5464db4edc4b2787e604) (TextScriptImporter) -> (artifact id: 'fb8b6f62078f2696779573e107916064') in 0.0187419 seconds
Start importing Packages/com.unity.ext.nunit/README.md using Guid(5da62a0c1c5218c4aa16b74546a7822d) (TextScriptImporter) -> (artifact id: 'ebd2415c4602e9e8df3bcf5433f75a5e') in 0.0265291 seconds
Start importing Packages/com.unity.modules.terrain/package.json using Guid(6d56244f8c39a851975d3c0bd432c66f) (PackageManifestImporter) -> (artifact id: '7f03c5409fa603fad1c4d8ccf7d0f4c3') in 0.0176439 seconds
Start importing Packages/com.unity.2d.tooling/package.json using Guid(6d3791efd4b0a3c4fbc07f64e22a61b3) (PackageManifestImporter) -> (artifact id: '37d6a0485239b78e68629c716e072b88') in 0.015961 seconds
Start importing Packages/com.unity.2d.sprite/package.json using Guid(7dc5f1e5d04ac8549ac21802071e983b) (PackageManifestImporter) -> (artifact id: 'a814b787bf1856bca25304cc7e368ff5') in 0.0145036 seconds
Start importing Packages/com.unity.render-pipelines.universal/Runtime/RendererFeatures/SurfaceCacheGI/SurfaceCacheCore/RestirCandidateTemporal.urtshader using Guid(ad3a9f9982f8c4f4a839a78955e78458) (ScriptedImporter)
Compiling Ray Tracing Shader "RestirCandidateTemporal.urtshader", keywords = <no keywords>
    finished in 0.14 seconds. Local cache hits 0, remote cache hits 0, compiled 1 platform variants
 -> (artifact id: '98b33e5bc6e8cd0cd311ee0a991c0d9e') in 0.1827444 seconds
Start importing Packages/com.unity.collections/package.json using Guid(bd605698a338c4de88bb5b3c4632af68) (PackageManifestImporter) -> (artifact id: '29210e161b08ed726f9a0174b78cebba') in 0.0169747 seconds
Start importing Packages/com.unity.modules.androidjni/package.json using Guid(bd1af0a6633ee94ae21c7d1d702cdc12) (PackageManifestImporter) -> (artifact id: 'e8484e022b3ccedd12256bf63c408f83') in 0.0205804 seconds
Start importing Packages/com.unity.render-pipelines.core/Tests/Editor/RenderPipeline/SettingsStrippingResults/RemoveAStripper_A_B_C.json using Guid(bd5d01b5acb573241ba5d80705a999f3) (TextScriptImporter) -> (artifact id: 'a21c5cc9e5c527926b177714a3454443') in 0.0353888 seconds
Start importing Packages/com.unity.ide.visualstudio/CONTRIBUTING.md using Guid(cd78ce5b75b8be84d8b94cd99903161f) (TextScriptImporter) -> (artifact id: '542e6d31e419f5fa86c170ffaf92cbe7') in 0.0289234 seconds
Start importing Packages/com.unity.render-pipelines.core/Tests/Editor/ShaderStripping/Results/UI_Default_Sprites_Default_5_0.json using Guid(edc0bb404a0b82742bb56f3c56b35ff4) (TextScriptImporter) -> (artifact id: 'f26b9ed26c25c59223e393ca47198c16') in 0.0315025 seconds
Start importing Packages/com.unity.collab-proxy/Lib/Editor/Localization/cm-help.zh-Hant.txt using Guid(ed4f385e49dcd4cdd904e43f3e306360) (TextScriptImporter) -> (artifact id: '46c2f0e2917709ea70e1035de8a38caf') in 0.0525526 seconds
Start importing Packages/com.unity.ugui/PackageConversionData_Assets.json using Guid(0e0afa652c0031c48896a97b424d027b) (TextScriptImporter) -> (artifact id: '804ed7b65d087f01b748fb71ecdd6f77') in 0.028946 seconds
Start importing Packages/com.unity.nuget.mono-cecil/CHANGELOG.md using Guid(1eb7e6f92b1d7d64ba0a48ea751728f3) (TextScriptImporter) -> (artifact id: '4c1390cdc63d6dac699fcaaee8295b96') in 0.0339943 seconds
Start importing Packages/com.unity.2d.psdimporter/CHANGELOG.md using Guid(2e891b338ba9c514b871d785976f600e) (TextScriptImporter) -> (artifact id: 'f9d6286af702887f2f953c6f0bffc018') in 0.0280729 seconds
Start importing Packages/com.unity.collections/Unity.Collections.PerformanceTests/Unity.PerformanceTesting.Benchmark/README.md using Guid(2e3a7e16dc0bd2346a2514dd143105a9) (TextScriptImporter) -> (artifact id: '2d8ec273cd61e627d91d5aab903147f7') in 0.0265039 seconds
Start importing Packages/com.unity.collab-proxy/Lib/Editor/Localization/differences.zh-Hant.txt using Guid(2e9f960849fcb4ac5bf1fbf3a43c588c) (TextScriptImporter) -> (artifact id: '94755b549c90f3af92f1dd6b72412404') in 0.0284131 seconds
Start importing Packages/com.unity.test-framework/LICENSE.md using Guid(3ec7596410385054a9e0bc90377fbe63) (TextScriptImporter) -> (artifact id: '0186e104071661cdf600f060f6e90c25') in 0.0234758 seconds
Start importing Packages/com.unity.2d.spriteshape/package.json using Guid(4eabc3d1ad1424372b03cfc117521e24) (PackageManifestImporter) -> (artifact id: 'a06497a8f25ebf7fb26860982df9fa7e') in 0.0161869 seconds
Start importing Packages/com.unity.render-pipelines.universal-config/CHANGELOG.md using Guid(5e031dc4f3118ad44b907737119d7ed1) (TextScriptImporter) -> (artifact id: '6aecb873ddfa687996c2814c4f9c2114') in 0.0264696 seconds
Start importing Packages/com.unity.ide.rider/CONTRIBUTING.md using Guid(5e83f8baac96eaa47bdd9ca781cd2002) (TextScriptImporter) -> (artifact id: '041984fcabe5a30bdd447b4c42c667e1') in 0.0259272 seconds
Start importing Packages/com.unity.mathematics/ValidationExceptions.json using Guid(5ed727127196a4ecc90e24e2cd7af338) (TextScriptImporter) -> (artifact id: '4cc76c19a2de3daa0998756408ae203b') in 0.0323618 seconds
Start importing Assets/TextMesh Pro/Fonts/LiberationSans - OFL.txt using Guid(6e59c59b81ab47f9b6ec5781fa725d2c) (TextScriptImporter) -> (artifact id: '5add2df271de185909e3061e0b9b712e') in 0.0050432 seconds
Start importing Packages/com.unity.timeline/LICENSE.md using Guid(6ecb9e17e44feb84cb80451fa27b09fe) (TextScriptImporter) -> (artifact id: '42f6d01e8910622af5b262b94e5a75a2') in 0.0278499 seconds
Start importing Packages/com.unity.collab-proxy/Lib/Editor/Localization/commontypes.ko.txt using Guid(7ec87c7a6fe4e438fb10a7831d49875a) (TextScriptImporter) -> (artifact id: '664d575d8265e06e7a769e435c228df3') in 0.040912 seconds
Start importing Packages/com.unity.modules.animation/package.json using Guid(7ef8348b8ea834d7e1bc214b07f7fb87) (PackageManifestImporter) -> (artifact id: '0ce165297b0905ed3c714c8d81c161e8') in 0.0154728 seconds
Start importing Packages/com.unity.2d.tilemap/README.md using Guid(8e2a754470eca3549bf5b80afcf34aa7) (TextScriptImporter) -> (artifact id: '73937ebb6efbd540a48f28ec9a5a20b0') in 0.022132 seconds
Start importing Packages/com.unity.2d.animation/package.json using Guid(9e83c20a8293f44ec8a375d3805f477d) (PackageManifestImporter) -> (artifact id: '1365671e101422c73741db51ab764f0a') in 0.0141578 seconds
Start importing Packages/com.unity.collab-proxy/Editor/_Deprecated/README.md using Guid(9e56b150f059e654b911faff982eacf8) (TextScriptImporter) -> (artifact id: '3fdb1e7594b63f652d32d665d177ee85') in 0.0227764 seconds
Start importing Packages/com.unity.2d.psdimporter/LICENSE.md using Guid(9ede9ea0212487346a6005ee7f37db0d) (TextScriptImporter) -> (artifact id: '5d1721f0e8fda0928a40dd2a2c93f19a') in 0.0242804 seconds
Start importing Assets/_Project/Content/Dialogue/DialogueLines_Test.csv using Guid(aefdb7b82417435f806e06bf9a431a68) (TextScriptImporter) -> (artifact id: 'b7465fd2033b8dbf31ae92521b58e15e') in 0.0040344 seconds
Start importing Packages/com.unity.nuget.mono-cecil/README.md using Guid(beaa90bac8bb70d439d582bca35465cb) (TextScriptImporter) -> (artifact id: 'ff3829100b7fb7af99a5e40096540b02') in 0.0241759 seconds
Start importing Packages/com.unity.render-pipelines.universal/Editor/RendererFeatures/NewPostProcessVolumeComponent.cs.txt using Guid(de03ee604e709ec44b8356ef5776a893) (TextScriptImporter) -> (artifact id: 'ebaf6c8369708d418f833efd7ec8ea8c') in 0.0328144 seconds
Start importing Packages/com.unity.collab-proxy/Lib/Editor/Localization/basecommands.ja.txt using Guid(dea6636e50e054b768afb8ed2857c2e5) (TextScriptImporter) -> (artifact id: '44a3d4c4143aa10c5c49e8de13394a25') in 0.0321433 seconds
Start importing Packages/com.unity.render-pipelines.universal/LICENSE.md using Guid(eecaac92122b4407f8bf4998e8708aee) (TextScriptImporter) -> (artifact id: '49ca42a80feb51d4198d83afdc547c84') in 0.0253302 seconds
Start importing Packages/com.unity.render-pipelines.core/THIRD PARTY NOTICES.md using Guid(eefc64b67f7aad040905b2000990f5f3) (TextScriptImporter) -> (artifact id: '413155e29d7bd2f271b20187dd1b556a') in 0.0252496 seconds
Start importing Packages/com.unity.nuget.newtonsoft-json/Runtime/Newtonsoft.Json.xml using Guid(fed01095b990a354289891ead909238f) (TextScriptImporter) -> (artifact id: '78863cb08051e72aa4c11ab2da890b46') in 0.0397036 seconds
Start importing Packages/com.unity.collections/pvpExceptions.json using Guid(fee59c2b2318a7e4fa7a2c2af28d9553) (TextScriptImporter) -> (artifact id: 'e7d6d9de6fef388fbd1e6dba877bd237') in 0.0313952 seconds
Start importing Packages/com.unity.2d.common/README.md using Guid(fef9ee9b48f7a45aaa6991afe5f95a2b) (TextScriptImporter) -> (artifact id: '99fefc32ed5de9fcb747a926d2776433') in 0.0223256 seconds
Start importing Packages/com.unity.render-pipelines.universal/Third Party Notices.md using Guid(feee7af7dbba54f55abd26b21ca99071) (TextScriptImporter) -> (artifact id: 'ce43c6b0fa1fb40c867d7a532fb0bcd3') in 0.0255859 seconds
Start importing Packages/com.unity.burst/Unity.Burst.Unsafe.xml using Guid(1f35a383fc36434aaf9e13a75fba3b24) (TextScriptImporter) -> (artifact id: 'ff3d38efe50ba85b8e613e8b40a302c6') in 0.025602 seconds
Start importing Packages/com.unity.ide.visualstudio/LICENSE.md using Guid(1fe9e6e1ae93cf64bbdfbd29300752e1) (TextScriptImporter) -> (artifact id: 'a93d22ec2e92005beaa2c8ad0c1a7aef') in 0.015318 seconds
Start importing Packages/com.unity.2d.psdimporter/package.json using Guid(2f948ecb81c850949a2725b1ba265844) (PackageManifestImporter) -> (artifact id: '3a7e743c3a8203375091045324d3ce58') in 0.004433 seconds
Start importing Packages/com.unity.render-pipelines.core/Tests/Editor/RenderPipeline/SettingsStrippingResults/WrongStripper_A_B_C.json using Guid(2fe8312442a2a0d45b36a4263a7b0849) (TextScriptImporter) -> (artifact id: '356c5133c549f8761907526d5a34394d') in 0.0181462 seconds
Start importing Packages/com.unity.render-pipelines.universal/ValidationConfig.json using Guid(3f7d69b580ef4c288896687cfed86996) (TextScriptImporter) -> (artifact id: '17fffaa824e2105950f6ff2941394512') in 0.0236674 seconds
Start importing Packages/com.unity.modules.unitywebrequest/package.json using Guid(3fdd83b151eb8d25c5e2f82fc39dcb04) (PackageManifestImporter) -> (artifact id: 'dd8e3d3d718b3295cafb73aeafc2d7e8') in 0.014599 seconds
Start importing Packages/com.unity.modules.uielements/package.json using Guid(4f0f9b9f3ed97ad2b9ba8f1a8e4666c2) (PackageManifestImporter) -> (artifact id: 'b4bf06aa21c6a6487308088a12a0a110') in 0.01544 seconds
Start importing Packages/com.unity.collections/ValidationExceptions.json using Guid(6fe576033d6a2424c888d599967457a2) (TextScriptImporter) -> (artifact id: '62bf574c377ea0f4f30efe3348c7943f') in 0.0242081 seconds
Start importing Packages/com.unity.collab-proxy/Lib/Editor/Localization/cm-help.es.txt using Guid(6f0a4e9d0304d472fa78a70d4eeb19f5) (TextScriptImporter) -> (artifact id: 'cb299b67c2757fcf03f26ad9456023f4') in 0.03178 seconds
Start importing Assets/TextMesh Pro/Sprites/EmojiOne.json using Guid(8f05276190cf498a8153f6cbe761d4e6) (TextScriptImporter) -> (artifact id: '09629437b26e4dc7bb3be99db6ea13c6') in 0.0038048 seconds
Start importing Packages/com.unity.visualscripting/Editor/VisualScripting.Core/Dependencies/DotNetZip/Unity.VisualScripting.IonicZip.xml using Guid(9f50ad73c9e5444df9fa594abbbdcb22) (TextScriptImporter) -> (artifact id: 'd60dbbce30a40ead2736c5b8b2514350') in 0.048688 seconds
Start importing Packages/com.unity.nuget.mono-cecil/LICENSE.md using Guid(9fc87c3ee46f3b34e97e18e4fcac8151) (TextScriptImporter) -> (artifact id: '13db5c1c52a2323cebee3d982604db8f') in 0.0233968 seconds
Start importing Packages/com.unity.collab-proxy/Lib/Editor/Localization/differences.ja.txt using Guid(aff69f03cce064727895a8e6867325c6) (TextScriptImporter) -> (artifact id: 'f3385f7affbff639970c422a9736a3a0') in 0.0332352 seconds
Start importing Packages/com.unity.collections/README.md using Guid(af5aad29a2c56fd449428c9041fc68bb) (TextScriptImporter) -> (artifact id: 'abc237ae162c991a85f60885f7f75ab1') in 0.0380539 seconds
Start importing Packages/com.unity.modules.ui/package.json using Guid(bfd567a3d1631a761bca9e99fa53d86d) (PackageManifestImporter) -> (artifact id: 'b6a9b41c4f747864b57f61357f87e39b') in 0.0149684 seconds
Start importing Packages/com.unity.ext.nunit/Third Party Notices.md using Guid(bfcb3ba499f7d452b92d9a9cc3378788) (TextScriptImporter) -> (artifact id: 'a0ad95160bf24b81a3492900b4dce76e') in 0.0238669 seconds
Start importing Packages/com.unity.multiplayer.center/package.json using Guid(df0857f6a11054383be91b1f8e1b5800) (PackageManifestImporter) -> (artifact id: 'f7d7a4be8267ea77ff8fe0735c13d1dd') in 0.0122263 seconds
Start importing Packages/com.unity.render-pipelines.core/Editor/Lighting/ProbeVolume/VirtualOffset/TraceVirtualOffset.urtshader using Guid(ff2cbab5da58bf04d82c5f34037ed123) (ScriptedImporter)
Compiling Ray Tracing Shader "TraceVirtualOffset.urtshader", keywords = <no keywords>
    finished in 0.10 seconds. Local cache hits 0, remote cache hits 0, compiled 1 platform variants
 -> (artifact id: '8c8f8a0428ea96a9cb740fae125d5e1a') in 0.1400779 seconds
Start importing Packages/com.unity.render-pipelines.core/Runtime/Debugging/Prefabs/Widgets/DebugUIMessageBox.prefab using Guid(10a25524b0986f9488b430e2829bbbe8) (PrefabImporter) -> (artifact id: 'd8156f7f2e6046b9a9c4035897a1fbe0') in 0.0295599 seconds
Start importing Packages/com.unity.render-pipelines.core/Runtime/Debugging/Prefabs/Widgets/DebugUIToggleHistory.prefab using Guid(5088d0220f0c4df439cf06c5c270eacb) (PrefabImporter) -> (artifact id: '625a885a5aeaca82547c170c9505e0b0') in 0.0246981 seconds
Start importing Packages/com.unity.2d.spriteshape/Editor/ObjectMenuCreation/DefaultAssets/Sprite Shapes/Closed Sprite Shape.prefab using Guid(c0583b4e855c74b8c82e7b9b5efb5ce9) (PrefabImporter) -> (artifact id: '34e983ff1cb4c49de08b2b192b5ba3c6') in 0.0201642 seconds
Start importing Packages/com.unity.render-pipelines.core/Runtime/Debugging/Prefabs/Widgets/DebugUIVector2.prefab using Guid(326f7c58aed965d41bf7805a782d1e44) (PrefabImporter) -> (artifact id: '1e3f9d09d7af85f8b0894c006fdb9f18') in 0.0239804 seconds
Start importing Packages/com.unity.render-pipelines.core/Runtime/Debugging/Prefabs/Widgets/DebugUIHandlerRenderingLayerField.prefab using Guid(928d1ca04af80c84e8d5dabc18095d79) (PrefabImporter) -> (artifact id: 'b5b28c1fe24af8184090e1b857c4bf06') in 0.0328684 seconds
Start importing Packages/com.unity.render-pipelines.core/Runtime/Debugging/Prefabs/Widgets/DebugUIValueTuple.prefab using Guid(a2148203dd960814ca5db0c293ceda35) (PrefabImporter) -> (artifact id: '1938e1e4f972b709497c7cf0f6386295') in 0.0167727 seconds
Start importing Packages/com.unity.render-pipelines.core/Runtime/Debugging/Prefabs/Widgets/DebugUIEnumHistory.prefab using Guid(b2da6b27df236b144b3516ed8e7d36ac) (PrefabImporter) -> (artifact id: 'e743f81dffa65e3bc96f4cd82e686091') in 0.0175968 seconds
Start importing Packages/com.unity.render-pipelines.core/Runtime/Debugging/Prefabs/Widgets/DebugUIUIntField.prefab using Guid(f22bcc84a5f4a1944b075a2c4ac71493) (PrefabImporter) -> (artifact id: '52934e6e7d6daf46afc783e4b60458f5') in 0.0215103 seconds
Start importing Packages/com.unity.render-pipelines.core/Runtime/Debugging/Prefabs/Widgets/DebugUIProgressBar.prefab using Guid(d3770aaa3bbd8384aabab9ddd383e21e) (PrefabImporter) -> (artifact id: '8eb96f5f9a3a70a5494a2e5ec4d454ab') in 0.0197354 seconds
Start importing Packages/com.unity.render-pipelines.core/Runtime/Debugging/Prefabs/Widgets/DebugUIVector3.prefab using Guid(94afea5f242d72547979595ba963f335) (PrefabImporter) -> (artifact id: 'a887b1fddf877d4a6584fec0f12084f9') in 0.0208212 seconds
Start importing Packages/com.unity.render-pipelines.core/Runtime/Debugging/Prefabs/Widgets/DebugUIVector4.prefab using Guid(d47f009476100f545971a81ede14c750) (PrefabImporter) -> (artifact id: '02f31303de57341ced968f602cf3b6fe') in 0.0184367 seconds
Start importing Packages/com.unity.render-pipelines.universal/Tests/Editor/Tools/Converters/ReadonlyMaterialConverter/Cube.prefab using Guid(95cb9745d0f90ed4cb2976ad2147b05d) (PrefabImporter) -> (artifact id: '3e867e30ff07d7a2f417e37405d2812c') in 0.0211501 seconds
Start importing Packages/com.unity.2d.spriteshape/Editor/ObjectMenuCreation/DefaultAssets/Sprite Shapes/Open Sprite Shape.prefab using Guid(86ae7de409eb54f619fb1328e4d42480) (PrefabImporter) -> (artifact id: '00afd91e323c2faff65e7379aff189b0') in 0.0179061 seconds
Start importing Packages/com.unity.render-pipelines.core/Runtime/Debugging/Prefabs/Resources/DebugUIPersistentCanvas.prefab using Guid(f6b1a0fe75d5009449cf55ae76220e2b) (PrefabImporter) -> (artifact id: '53c8f12dbdf19c56cfa185a3c409f856') in 0.0188716 seconds
Start importing Packages/com.unity.render-pipelines.core/Runtime/Debugging/Prefabs/Widgets/DebugUIButton.prefab using Guid(f6ce33b91f6ffe54cadacbf4bb112440) (PrefabImporter) -> (artifact id: 'f8b0dab0bd46065918ff96a01ab85ed7') in 0.0165258 seconds
Start importing Packages/com.unity.render-pipelines.core/Runtime/Debugging/Prefabs/Widgets/DebugUIColor.prefab using Guid(77c185820dd1a464eac89cae3abccddf) (PrefabImporter) -> (artifact id: 'f14f5b1f8ba7f08adaf4703225693dd0') in 0.0202986 seconds
Start importing Packages/com.unity.render-pipelines.core/Runtime/Debugging/Prefabs/Widgets/DebugUIValuePersistent.prefab using Guid(8778e6b26b51c6a4999b94d7cacd8b5d) (PrefabImporter) -> (artifact id: '437259f2ed8a186d133639d64d403941') in 0.01827 seconds
Start importing Packages/com.unity.render-pipelines.core/Runtime/Debugging/Prefabs/Widgets/DebugUIHBox.prefab using Guid(f7f5e36797cf0c1408561665c67b179b) (PrefabImporter) -> (artifact id: '9b1daa27e385bb140e2196471c55c037') in 0.0173946 seconds
Start importing Packages/com.unity.render-pipelines.core/Runtime/Debugging/Prefabs/Widgets/DebugUIGroup.prefab using Guid(38a07789c9e87004dad98c2909f58369) (PrefabImporter) -> (artifact id: '8d19f67136e491453d2c3262bdf5b595') in 0.016144 seconds
Start importing Packages/com.unity.render-pipelines.core/Runtime/Debugging/Prefabs/Widgets/DebugUIObjectPopupField.prefab using Guid(48fb043c850cadc4a883b53785e14c6e) (PrefabImporter) -> (artifact id: '5a3b6ee910d9f8772b9c00ffe30b5bd3') in 0.0172645 seconds
Start importing Packages/com.unity.render-pipelines.core/Runtime/Debugging/Prefabs/Widgets/DebugUIEnumField.prefab using Guid(988db55689193434fb0b3b89538f978f) (PrefabImporter) -> (artifact id: 'f16a1ff21255345ec4469dee3bd05040') in 0.0172124 seconds
Start importing Packages/com.unity.render-pipelines.core/Runtime/Debugging/Prefabs/Widgets/DebugUIObject.prefab using Guid(a87cfaef648f17c41b568e842e068c51) (PrefabImporter) -> (artifact id: '52a6dfd51d9894116ceb88851e54b5bf') in 0.0182016 seconds
Start importing Packages/com.unity.render-pipelines.core/Runtime/Debugging/Prefabs/Widgets/DebugUIFloatField.prefab using Guid(d8c744701b43c864b88e7f8144e19bc5) (PrefabImporter) -> (artifact id: '99be924bfabe8ab19567446e9656ca10') in 0.018467 seconds
Start importing Packages/com.unity.render-pipelines.core/Runtime/Debugging/Prefabs/Widgets/DebugUIVBox.prefab using Guid(ca3e294656861a64b8aeeb9f916da0a9) (PrefabImporter) -> (artifact id: 'a341d5fd4c07c44fa91e200462cae40b') in 0.0184204 seconds
Start importing Packages/com.unity.render-pipelines.core/Runtime/Debugging/Prefabs/Widgets/DebugUIPanel.prefab using Guid(daa46a58178a6ad41ae1ddc2dc7f856d) (PrefabImporter) -> (artifact id: '94ea579ef74ce2fe64a0526d672a5278') in 0.0300989 seconds
Start importing Packages/com.unity.render-pipelines.core/Runtime/Debugging/Prefabs/Widgets/DebugUIFoldout.prefab using Guid(1c87ab2ce8b8b304d98fbe9a734b1f74) (PrefabImporter) -> (artifact id: '481b5c8e2f9c4dc491e7eee76287fae8') in 0.0231004 seconds
Start importing Packages/com.unity.render-pipelines.core/Runtime/Debugging/Prefabs/Widgets/DebugUIBitField.prefab using Guid(7c78b588b2e1f7c4a86ca4a985cf6e4a) (PrefabImporter) -> (artifact id: 'f63c68dc0cb5f76b28981986b47d9496') in 0.0389549 seconds
Start importing Packages/com.unity.render-pipelines.core/Runtime/Debugging/Prefabs/Widgets/DebugUIValue.prefab using Guid(dc0f88987826e6e48b1fe9c7c2b53a53) (PrefabImporter) -> (artifact id: '5d0e881fb1be44c76356e8ad330f947b') in 0.0162701 seconds
Start importing Packages/com.unity.render-pipelines.core/Runtime/Debugging/Prefabs/Widgets/DebugUIRow.prefab using Guid(2d019437ff89b8d44949727731cd9357) (PrefabImporter) -> (artifact id: '01c8bed2e0eae3b4567042ad98e0411e') in 0.0169831 seconds
Start importing Packages/com.unity.render-pipelines.core/Runtime/Debugging/Prefabs/Widgets/DebugUIObjectList.prefab using Guid(ad83bc56407925d44a77a5bd01cd6783) (PrefabImporter) -> (artifact id: '2808865f79e09f73f7b5f706ced6c57a') in 0.0151034 seconds
Start importing Packages/com.unity.render-pipelines.core/Runtime/Debugging/Prefabs/Widgets/DebugUIIntField.prefab using Guid(ae00bb75e0cd5b04b8fe7fb4ab662629) (PrefabImporter) -> (artifact id: '3e29d2290fee4225ce3a1eaaf9eb5416') in 0.0182041 seconds
Start importing Packages/com.unity.render-pipelines.core/Runtime/Debugging/Prefabs/Widgets/DebugUIToggle.prefab using Guid(ce347ad101f41ee4ab5c3fbc0ea447db) (PrefabImporter) -> (artifact id: '037c7f535655cf34e95d2c4287d2cc98') in 0.016648 seconds
Start importing Packages/com.unity.render-pipelines.core/Runtime/Debugging/Prefabs/Resources/DebugUICanvas.prefab using Guid(cf6cbdd672089a84796e55a21fed1cbe) (PrefabImporter) -> (artifact id: '64867316862b75b07a5d60db6ccca513') in 0.0509073 seconds
Start importing Packages/com.unity.shadergraph/Editor/Resources/Styles/SGBlackboard.uss using Guid(00d735264dc3c1849bf2ee8dec95ec39) (ScriptedImporter) -> (artifact id: '679a974ecae95d3671376545506969c9') in 0.0665405 seconds
Start importing Packages/com.unity.render-pipelines.core/Editor/StyleSheets/HeaderFoldout.uss using Guid(20e417e1ec9645d44ad61671212c15f7) (ScriptedImporter) -> (artifact id: 'fe56346edbb9a285b6fb387b17b6da1f') in 0.0374082 seconds
Start importing Packages/com.unity.collab-proxy/Editor/Assets/Styles/Base.uss using Guid(bdf4f3d05dd541fa829ffa06bfbc8d0c) (ScriptedImporter) -> (artifact id: 'c31cfbc33f29ef0b7dbdf6fcc99bac0d') in 0.0217417 seconds
Start importing Packages/com.unity.collab-proxy/Editor/Assets/Styles/DownloadPlasticExeDialog.uss using Guid(3073089003718474ab284d743790fbb2) (ScriptedImporter) -> (artifact id: '5f5feea857f55aedb737978f4a9b89f9') in 0.0273291 seconds
Start importing Packages/com.unity.2d.animation/Editor/Assets/SpriteLibraryEditor/CategoriesTab.uss using Guid(406d759682a9c4fd6b4363091ea2ed90) (ScriptedImporter) -> (artifact id: 'b07388f0352cf3bdee7d1184dae387a1') in 0.0207298 seconds
Start importing Packages/com.unity.2d.animation/Editor/Assets/SpriteLibraryEditor/LabelsTab.uss using Guid(508137d46fc4f48929786b113175a254) (ScriptedImporter) -> (artifact id: '1e4548b1fc0ea5bed34f33425e1fa404') in 0.0195194 seconds
Start importing Packages/com.unity.shadergraph/Editor/Resources/Styles/Controls/IntegerControlView.uss using Guid(600766c36ef866641959f10610a7ee4f) (ScriptedImporter) -> (artifact id: '2b64f980d5b6b933157a1d1eb54516d8') in 0.0184956 seconds
Start importing Packages/com.unity.collab-proxy/Editor/Assets/Styles/WaitingSignInPanel.uss using Guid(90945345530e7174eb4f0575a0bec0bf) (ScriptedImporter) -> (artifact id: '8c8ac8d0a912248c0cf4ed90bf830d9f') in 0.0188053 seconds
Start importing Packages/com.unity.collab-proxy/Editor/Assets/Styles/ProgressControlsForDialogs.uss using Guid(e05b9be8556f5ae41aa78140b83146d5) (ScriptedImporter) -> (artifact id: '3fa09bce11ad7611605797159401a4fc') in 0.0173538 seconds
Start importing Packages/com.unity.render-pipelines.universal/Editor/Converter/converter_widget_main.uss using Guid(012f251bbb5d36246a87499f75dd8b24) (ScriptedImporter) -> (artifact id: '8e939beb482db4a9c29d6fa2346cbf93') in 0.0090603 seconds
Start importing Packages/com.unity.shadergraph/Editor/Resources/Resizable.uss using Guid(419e3929026046a4797ab0c35f33a788) (ScriptedImporter) -> (artifact id: '3e1861abfb111fffe9f1bcab5a411ce7') in 0.018905 seconds
Start importing Packages/com.unity.shadergraph/Editor/Resources/Styles/Controls/ScreenPositionSlotControlView.uss using Guid(61a89c57c8aee6c43ac9433a7a5dbf9e) (ScriptedImporter) -> (artifact id: '811418541aee5858989217f0e28dfb43') in 0.0179684 seconds
Start importing Packages/com.unity.shadergraph/Editor/Resources/Styles/PixelCacheProfiler.uss using Guid(61cf67e9c1f54ceab08d2bd16ffd3c53) (ScriptedImporter) -> (artifact id: 'a787d9ed46d6ea84c706cde0d27f0f66') in 0.017824 seconds
Start importing Packages/com.unity.shadergraph/Editor/Resources/Styles/Controls/CubemapSlotControlView.uss using Guid(81f64e9003fb9674889a56938f078eb0) (ScriptedImporter) -> (artifact id: 'df61a52f0323c7452b78f163e5849c57') in 0.0092775 seconds
Start importing Packages/com.unity.shadergraph/Editor/Resources/Styles/MasterPreviewView.uss using Guid(a141d7b330b4c764ab25b2ba4ac38b2f) (ScriptedImporter) -> (artifact id: 'c5b5704039112a9fbff93adde842ee9e') in 0.0196338 seconds
Start importing Packages/com.unity.shadergraph/Editor/Resources/Styles/RedirectNode.uss using Guid(e1a4e0aa330ca2f43b4625b248a0539e) (ScriptedImporter) -> (artifact id: '8537a848e444c79edb4b937a447fdafa') in 0.018664 seconds
Start importing Packages/com.unity.multiplayer.center/Editor/MultiplayerCenterWindow/UI/light.uss using Guid(f1ac2efb1bcd4dfd95dc196ed3c11367) (ScriptedImporter) -> (artifact id: '458bf44e1ac492fdc83fab3f0ce4a01f') in 0.0309439 seconds
Start importing Packages/com.unity.2d.tooling/Editor/Insider/SpriteAtlas/SpriteAtlasIssueReport/UIElement/CommonSpriteAtlasIssueView/CommonSpriteAtlasIssueView.uss using Guid(02378335a53e433d98da870d903901fb) (ScriptedImporter) -> (artifact id: '25f20993665c880b8b1f299ff107374d') in 0.0180943 seconds
Start importing Packages/com.unity.2d.tooling/Editor/Insider/SpriteAtlas/SpriteAtlasIssueReport/SpriteAtlasPageIssue/AtlasPageReportSettings.uss using Guid(12ce7a28dfc7465fa6ef94d40b586de7) (ScriptedImporter) -> (artifact id: '0b712562d27b8f67ba82622065a41b4a') in 0.0155747 seconds
Start importing Packages/com.unity.shadergraph/Editor/Resources/Styles/Controls/TextureArraySlotControlView.uss using Guid(223e574ec2e9a40e690b2d94380057cf) (ScriptedImporter) -> (artifact id: '0d1f8d1cda305e373be07adc266c2f13') in 0.0179597 seconds
Start importing Packages/com.unity.2d.animation/Editor/Assets/SkinningModule/InfluenceWindowStyle.uss using Guid(72c98894fc0953a4486e96fa2cff6f8d) (ScriptedImporter) -> (artifact id: 'c11eba169fcd77eab6d8d573cf07d632') in 0.0198616 seconds
Start importing Packages/com.unity.2d.tooling/Editor/Insider/SpriteAtlas/SpriteAtlasIssueReport/SpriteAtlasTextureSpaceUsedIssue/SpriteAtlasTextureSpaceUsedIssueSettings.uss using Guid(82334c6f99cda4e8299eb26b0666ca0d) (ScriptedImporter) -> (artifact id: '806a3f6da680c2711d92d4f8fb287bf4') in 0.0175929 seconds
Start importing Packages/com.unity.render-pipelines.core/Editor/StyleSheets/RenderPipelineGlobalSettings.uss using Guid(925e22fd08389624bbc859935ca73339) (ScriptedImporter) -> (artifact id: '00255e12eac4770bd0257fddaf1c3f55') in 0.015732 seconds
Start importing Packages/com.unity.2d.tooling/Editor/Insider/SpriteAtlas/SpriteAtlasIssueReport/UIElement/StyleSheet/TableStyle.uss using Guid(e2f3399630a542d3ab183f361c0e00f4) (ScriptedImporter) -> (artifact id: '33dbbc737d9a1c071ececd33fa00f85b') in 0.0154966 seconds
Start importing Packages/com.unity.render-pipelines.universal/Editor/Converter/converter_editor.uss using Guid(0356b27d63ed56a4c9b6fa5b729c89f8) (ScriptedImporter) -> (artifact id: '9df631ff891044685b6aa930783ffec9') in 0.0188947 seconds
Start importing Packages/com.unity.2d.animation/Editor/Assets/SkinningModule/MeshToolbarStyle.uss using Guid(230294e66b45c7e4696341b7c6f0eea5) (ScriptedImporter) -> (artifact id: '76772bd8f7e8d09808082abbcd8cbf27') in 0.0578433 seconds
Start importing Packages/com.unity.2d.animation/Editor/Assets/SkinningModule/PastePanelStyle.uss using Guid(2362443a3fd04784d9c18412e771c7fa) (ScriptedImporter) -> (artifact id: 'bae7ee1286ffb87db3ae2955e8c7d236') in 0.0142637 seconds
Start importing Packages/com.unity.timeline/Editor/StyleSheets/Extensions/dark.uss using Guid(5393cdb70614ab24f94f78bfcf5d1455) (ScriptedImporter) -> (artifact id: 'b109eaca3739d38ddc4f21530c070025') in 0.0181984 seconds
Start importing Packages/com.unity.2d.animation/Editor/Assets/SkinningModule/BoneInspectorPanelStyle.uss using Guid(630253c1b6a245746ac843e5cad0aac6) (ScriptedImporter) -> (artifact id: '2e4d7c8d99367a57e5871144d828e22d') in 0.0160464 seconds
Start importing Packages/com.unity.shadergraph/Editor/Resources/Styles/ShaderPort.uss using Guid(736551d82e9cda54b8f6f606ebc6de27) (ScriptedImporter) -> (artifact id: '7d0cf9aa09ce30e51f47498278d121ec') in 0.018102 seconds
Start importing Packages/com.unity.2d.tilemap/Editor/UI/GridPaintPaletteWindowLight.uss using Guid(73653b679fcd4ba6941afb0cda629d09) (ScriptedImporter) -> (artifact id: '1ed61ed72273ee44a313893bd0905df1') in 0.0214582 seconds
Start importing Packages/com.unity.2d.tooling/Editor/Insider/SpriteAtlas/SpriteAtlasIssueReport/UIElement/StyleSheet/Icon.uss using Guid(73abf7aa828f4af48fd619883a274b27) (ScriptedImporter) -> (artifact id: 'cf1f5b604ae959a9e4c3a27193f312f6') in 0.0165515 seconds
Start importing Packages/com.unity.render-pipelines.core/Editor/StyleSheets/DefaultVolumeProfileEditor.uss using Guid(83a028a39a272694784e78db21cff69b) (ScriptedImporter) -> (artifact id: 'c72e3dcf7738a92d1fef2c491f2f8473') in 0.0146188 seconds
Start importing Packages/com.unity.shadergraph/Editor/Resources/Styles/PropertyNameReferenceField.uss using Guid(93842094f0dbac941bac7d2af67241b3) (ScriptedImporter) -> (artifact id: 'ec7e9ea31c73b96b27fb31a59b044608') in 0.0135654 seconds
Start importing Packages/com.unity.2d.animation/Editor/Assets/SkinningModule/PoseToolbarStyle.uss using Guid(a39e33a7bab4436585a7d4bdeaa84efc) (ScriptedImporter) -> (artifact id: '490391a92e5c248857abddcf85f35756') in 0.0386474 seconds
Start importing Packages/com.unity.collab-proxy/Editor/Assets/Styles/SignInWithEmailPanel.uss using Guid(b37675bc656348c429a6c56b2eda1345) (ScriptedImporter) -> (artifact id: 'bc9d54d240138d7131bec88f4fbba44f') in 0.0166809 seconds
Start importing Packages/com.unity.2d.tooling/Editor/Insider/AnalyzerWindow/AnalyzerWindow.uss using Guid(b36cdea0d8782445eb192c34412bc4e5) (ScriptedImporter) -> (artifact id: '28eb235d388f9cb50bb7290ef9dd1314') in 0.0209531 seconds
Start importing Packages/com.unity.2d.animation/Editor/Assets/LayoutOverlay/ScrollableToolbar.uss using Guid(f3a7eea6e0f5acb479ae4e70f8f25d95) (ScriptedImporter) -> (artifact id: '3237b5ea79072d2a29490a45c804dd05') in 0.0159624 seconds
Start importing Packages/com.unity.2d.animation/Editor/Assets/SkinningModule/GenerateWeightsPanelStyle.uss using Guid(24c60fb4e4533094889a2aa33ce92889) (ScriptedImporter) -> (artifact id: 'ec1c47d0f2145bd41119c7db058df613') in 0.0151072 seconds
Start importing Packages/com.unity.2d.animation/Editor/Assets/SkinningModule/ToolbarStyle.uss using Guid(449db082dbe14ec4b97d3e130d5c71b4) (ScriptedImporter) -> (artifact id: '55ce151ac8d619c5384e016f0be8a270') in 0.0192494 seconds
Start importing Packages/com.unity.shadergraph/Editor/Resources/Styles/HeatmapValuesEditor.uss using Guid(54f2b0dd16c64e699842f28e948cc04b) (ScriptedImporter) -> (artifact id: 'd18e0d6a0bd630fdbe4412cd9dc25e33') in 0.0162126 seconds
Start importing Packages/com.unity.collab-proxy/Editor/Assets/Styles/OrganizationPanel.uss using Guid(642639f75f2dfbd4ab01e6708b58f304) (ScriptedImporter) -> (artifact id: '81b01903b746ca95b68561ef172ce251') in 0.0214396 seconds
Start importing Packages/com.unity.shadergraph/Editor/Resources/Styles/UITKMasterNodePreview.uss using Guid(7471d1c0502da124ba03a8b0379a265e) (ScriptedImporter) -> (artifact id: '304919325d809951b822af267516fd7f') in 0.0179792 seconds
Start importing Packages/com.unity.shadergraph/Editor/Resources/Styles/GraphSubWindow.uss using Guid(74741f330ea4fe848977aa5900880f7b) (ScriptedImporter) -> (artifact id: '3b9d1be6f1be77f44cd045a6e1465cb8') in 0.0171034 seconds
Start importing Packages/com.coplaydev.unity-mcp/Editor/Windows/MCPSetupWindow.uss using Guid(b4426760e34ff484a8ed955e588b570b) (ScriptedImporter) -> (artifact id: '12989ef611c6aee97bd1d234f3b8d6aa') in 0.0186366 seconds
Start importing Packages/com.unity.shadergraph/Editor/Resources/Styles/MaterialNodeView.uss using Guid(c47827ee6a0eadd4288dede8e3993da3) (ScriptedImporter) -> (artifact id: '35cf5e1b398f3ea46b5959c9d8cd412f') in 0.0285612 seconds
Start importing Packages/com.unity.shadergraph/Editor/Resources/Styles/Controls/SliderControlView.uss using Guid(e425c4562a777aa40a6daed5f97d03b7) (ScriptedImporter) -> (artifact id: '24d3c69c62a77e5653b77009067ce52b') in 0.0209943 seconds
Start importing Packages/com.unity.2d.animation/Editor/Assets/SkinningModule/RigToolbarStyle.uss using Guid(2571b347a2ca442dad28c8b8bc0212f0) (ScriptedImporter) -> (artifact id: '995f97130e42a47919aa2bc8de1a7333') in 0.0373117 seconds
Start importing Packages/com.unity.2d.sprite/Editor/UI/SpriteEditor/SpriteEditorToolbar.uss using Guid(35f4ee23cc5e408190298151beab219a) (ScriptedImporter) -> (artifact id: 'f20e445b007647272962ef7ec20d1d75') in 0.028589 seconds
Start importing Packages/com.unity.2d.tooling/Editor/Insider/AnalyzerWindow/DataSourceListItem/DataSourceListItem.uss using Guid(4552552df830d44db8282bda5a044d65) (ScriptedImporter) -> (artifact id: '410820f7f393689c403246df8701b632') in 0.0209319 seconds
Start importing Packages/com.unity.2d.sprite/Editor/UI/SpriteEditor/SpriteOutlineToolOverlayPanelStyle.uss using Guid(453cfcbf89b424ad9a293b19d1e3d4bb) (ScriptedImporter) -> (artifact id: '248c73e4c17218fb73bc37991d72e987') in 0.0423102 seconds
Start importing Packages/com.unity.2d.animation/Editor/Assets/SkinningModule/WeightToolbarStyle.uss using Guid(d5088f76dafda4b48b76b33f42653e6c) (ScriptedImporter) -> (artifact id: 'da2b4f1309f27d66cbf65145ce69c336') in 0.047492 seconds
Start importing Packages/com.unity.shadergraph/Editor/Resources/Styles/PropertyNodeView.uss using Guid(0620899e56d69964ba2cbda1de01bbe2) (ScriptedImporter) -> (artifact id: '598b7af103982579fe7082892b193fae') in 0.0175046 seconds
Start importing Packages/com.unity.2d.animation/Editor/Assets/AssetUpgrader/AssetUpgrader.uss using Guid(2623f92de99ca4b3d94e818d816553fb) (ScriptedImporter) -> (artifact id: '953e05718d81f7c1ba32f90399bc49f5') in 0.019564 seconds
Start importing Packages/com.unity.2d.tooling/Editor/Insider/SpriteAtlas/SpriteAtlasIssueReport/SpriteCountInAtlasIssue/SpriteCountIssueSettings.uss using Guid(362bbe220ef534796a551dd8d95c926a) (ScriptedImporter) -> (artifact id: '67f6606e122c3c6fb017ede01a7f8b0b') in 0.0167132 seconds
Start importing Packages/com.unity.shadergraph/Editor/Resources/Styles/MaterialGraph.uss using Guid(466e6b269ff1900438e46c66af51cef8) (ScriptedImporter) -> (artifact id: '159f0dc0edd403bf037c0b7d5d972635') in 0.0168725 seconds
Start importing Packages/com.unity.shadergraph/Editor/Resources/Styles/Controls/PopupControlView.uss using Guid(5632d12a476944a4c96410178f559fd3) (ScriptedImporter) -> (artifact id: '74c8ed96ccb9fdab341a909c41c8d62e') in 0.0180568 seconds
Start importing Packages/com.unity.shadergraph/Editor/Resources/Styles/Controls/GradientSlotControlView.uss using Guid(76dc05b36584d4d0085b786ca1b29fe3) (ScriptedImporter) -> (artifact id: '054914a2857f7b304cddc71588e13254') in 0.0163078 seconds
Start importing Packages/com.unity.shadergraph/Editor/Resources/Styles/ReorderableSlotListView.uss using Guid(86af34a821ab1e64aa04298dc9cafb4e) (ScriptedImporter) -> (artifact id: '62e665eb6d811d22ab07c70e61cc7ab1') in 0.0155497 seconds
Start importing Packages/com.unity.shadergraph/Editor/Resources/Styles/Controls/EnumConversionControlView.uss using Guid(96e6e59ca33b02f4e816a4693a642883) (ScriptedImporter) -> (artifact id: '28def985949651fb5a8bea690ada09bb') in 0.0154178 seconds
Start importing Packages/com.unity.shadergraph/Editor/Resources/Styles/Controls/ColorRGBASlotControlView.uss using Guid(a690636bb8883ea4db5f27192551b973) (ScriptedImporter) -> (artifact id: '3b687eb5f640796c1812baa0dd918086') in 0.0167619 seconds
Start importing Packages/com.unity.2d.aseprite/Editor/Assets/UI/ExportAnimAssetsStyleSheet.uss using Guid(a6a0f37ed96054aac9bf7e344be2982b) (ScriptedImporter) -> (artifact id: '8f3c9e061853e64ec8c107a65ea7cbec') in 0.0150682 seconds
Start importing Packages/com.unity.shadergraph/Editor/Resources/Styles/Controls/DielectricSpecularControlView.uss using Guid(b6e0d19d1d9f531419f20cd97c102ad5) (ScriptedImporter) -> (artifact id: '9470b92e7f6e7cec1dee3e141afc5d67') in 0.0146538 seconds
Start importing Packages/com.unity.shadergraph/Editor/Resources/Styles/Controls/TextControlView.uss using Guid(b60919d98f4e6f54681012e4d7ad2a01) (ScriptedImporter) -> (artifact id: 'a0175f86d6cffebfdca7ce93d01f9f54') in 0.0143838 seconds
Start importing Packages/com.unity.collab-proxy/Editor/Assets/Styles/SignInPanel.uss using Guid(c673e4e20ea67ab40a4661592f51aa99) (ScriptedImporter) -> (artifact id: '6ceb7d4b99132ac461253d9c4f612533') in 0.0153956 seconds
Start importing Packages/com.unity.shadergraph/Editor/Resources/Styles/HlslFunctionView.uss using Guid(c6a3af95768504ef29093f7793eaf5f9) (ScriptedImporter) -> (artifact id: '85b749f48e80276e507e18dccee159a4') in 0.016497 seconds
Start importing Packages/com.unity.2d.tooling/Editor/Insider/AnalyzerWindow/ReportListView/ReportListView.uss using Guid(c6854fed299240b49b52e4696509dba9) (ScriptedImporter) -> (artifact id: '5241ec203fb6ad09b67469c26006657b') in 0.0155997 seconds
Start importing Packages/com.unity.2d.animation/Editor/Assets/SkinningModule/BoneToolbarStyle.uss using Guid(d61989f1b8cdf884c960907a37504ceb) (ScriptedImporter) -> (artifact id: '9f9940984589054b140004189abc89d7') in 0.0460788 seconds
Start importing Packages/com.unity.shadergraph/Editor/Resources/Styles/CustomSlotLabelField.uss using Guid(07b35fab3034b5b4f92ad33b949d4340) (ScriptedImporter) -> (artifact id: '9acf936f0319520b1ab85aa1dd11897e') in 0.0156793 seconds
Start importing Packages/com.unity.2d.tooling/Editor/Insider/AnalyzerWindow/ReportListItem/ReportListItem.uss using Guid(5781f16e824db48739c94b5bdf69a43a) (ScriptedImporter) -> (artifact id: '520df2ac3da5e35437468b908c30f3da') in 0.0159592 seconds
Start importing Packages/com.unity.2d.tooling/Editor/Insider/AnalyzerWindow/DataSourceListItem/DataSourceList.uss using Guid(77130747cfce8420eb8c834664e59cd7) (ScriptedImporter) -> (artifact id: 'bf24c940fe885a8c2a1d3f9a95354942') in 0.0156727 seconds
Start importing Packages/com.unity.render-pipelines.core/Editor/StyleSheets/RenderGraphViewerDark.uss using Guid(a74acab1c36b3344e95480f4d42afd55) (ScriptedImporter) -> (artifact id: 'f1b52dbc272b25385e35682914ee6beb') in 0.032446 seconds
Start importing Packages/com.unity.shadergraph/Editor/Resources/Styles/Controls/BooleanSlotControlView.uss using Guid(c72bf0f50e306d944a1e48a2bb299082) (ScriptedImporter) -> (artifact id: '00b1f45bb787816b14d92693a2f86531') in 0.0158026 seconds
Start importing Packages/com.unity.render-pipelines.core/Editor/LookDev/DisplayWindow.uss using Guid(e78887bb3654fde48bc3bc31beb7c7e4) (ScriptedImporter) -> (artifact id: '8c82c45b0604067614d54080a7a46e5a') in 0.020877 seconds
Start importing Packages/com.unity.shadergraph/Editor/Resources/Styles/InspectorView.uss using Guid(485099284bca84dcfbf9af86eb599f6f) (ScriptedImporter) -> (artifact id: 'cf98658f5ebcad59f2329af5164cead6') in 0.0163787 seconds
Start importing Packages/com.unity.shadergraph/Editor/Resources/Selectable.uss using Guid(58c573829af3c7c44aaf7d3125df048a) (ScriptedImporter) -> (artifact id: 'a3d360625e93a7414fbe882d10e2b17b') in 0.0171651 seconds
Start importing Packages/com.unity.2d.animation/Editor/Assets/SpriteLibraryEditor/SpriteLibraryEditorWindow.uss using Guid(685c184ded89b4284a0869dc09590e85) (ScriptedImporter) -> (artifact id: '981bf6887024391e4a39567469dde820') in 0.0197397 seconds
Start importing Packages/com.unity.shadergraph/Editor/Resources/Styles/Controls/MultiFloatControlView.uss using Guid(88a2f14704b95c04489527404f433249) (ScriptedImporter) -> (artifact id: 'd84d892f0ad2755ed7f5981dd019f3fe') in 0.0147055 seconds
Start importing Packages/com.unity.collab-proxy/Editor/Assets/Styles/TabView.uss using Guid(88da5407899aaaf448a40c85888108ae) (ScriptedImporter) -> (artifact id: 'd350cfe31667cdcedc98e69da5faed43') in 0.0150256 seconds
Start importing Packages/com.unity.shadergraph/Editor/Resources/Styles/Controls/EnumControlView.uss using Guid(98e35cb4631356142bd2f27a5a31543e) (ScriptedImporter) -> (artifact id: 'a7747c0e90036eb1ca52208b1107869d') in 0.0170775 seconds
Start importing Packages/com.unity.shadergraph/Editor/Resources/Styles/GraphEditorView.uss using Guid(c8974112dad54614f894afd0042d3a60) (ScriptedImporter) -> (artifact id: '605144deb9021887d808fe875681d0db') in 0.0193029 seconds
Start importing Packages/com.unity.shadergraph/Editor/Resources/Styles/Controls/MultiFloatSlotControlView.uss using Guid(191128023ec19d143b9328a73ff33d8c) (ScriptedImporter) -> (artifact id: '1d616813e314174ade26ec9fef502dbb') in 0.016371 seconds
Start importing Packages/com.unity.multiplayer.center/Editor/MultiplayerCenterWindow/UI/dark.uss using Guid(1984cd07fe96417f9e88f5771f6b4b32) (ScriptedImporter) -> (artifact id: 'e3f46b2f53ad9be56c19483d28960867') in 0.0248668 seconds
Start importing Packages/com.coplaydev.unity-mcp/Editor/Windows/EditorPrefs/EditorPrefsWindow.uss using Guid(3980375ed546e47abafcafe11e953e87) (ScriptedImporter) -> (artifact id: 'fe7a91520a69a73410971695f3bcb1b5') in 0.0187872 seconds
Start importing Packages/com.unity.2d.psdimporter/Editor/Assets/UI/PSDImporterStyleSheet.uss using Guid(394811b7684f040b896b396503e1ccbd) (ScriptedImporter) -> (artifact id: '91e538d9f1c8706f463f5a5edbb983a5') in 0.0206509 seconds
Start importing Packages/com.unity.shadergraph/Editor/Resources/StickyNote.uss using Guid(49f440ce949d5b944bccdfef70f2aca7) (ScriptedImporter) -> (artifact id: '255291656c04f04341e96ced4079172a') in 0.0202446 seconds
Start importing Packages/com.unity.shadergraph/Editor/Resources/Styles/NodeSettings.uss using Guid(59bba4c88ab5f464d9a8f51088561c48) (ScriptedImporter) -> (artifact id: '4e1e17e479d801be67c3d03c099f12d4') in 0.0076385 seconds
Start importing Packages/com.unity.2d.sprite/Editor/SpriteEditor/SpriteEditorHintPopup/SpriteEditorHintPopup.uss using Guid(69524ff72550482dbe2ad3ae26b7f797) (ScriptedImporter) -> (artifact id: 'a876e06940064008fd457306e23448d4') in 0.013958 seconds
Start importing Packages/com.unity.shadergraph/Editor/Resources/Styles/Controls/TextureSlotControlView.uss using Guid(69d9130ff4b1d8847904bf9579adc7e0) (ScriptedImporter) -> (artifact id: '41e5feba403726b7a08ea17562c196d6') in 0.0143378 seconds
Start importing Packages/com.unity.shadergraph/Editor/Resources/Styles/Controls/UVSlotControlView.uss using Guid(79edeef1474952e41b017ad4ac812f5e) (ScriptedImporter) -> (artifact id: 'ee869cf43ac9a305f84a3ac58ac4ce34') in 0.015246 seconds
Start importing Packages/com.unity.shadergraph/Editor/Resources/Styles/Controls/ChannelMixerControlView.uss using Guid(99d6d41531ec36841953987e7ae78317) (ScriptedImporter) -> (artifact id: 'c57b5b981798c244b2b2b144547f7070') in 0.0184732 seconds
Start importing Packages/com.unity.2d.animation/Editor/Assets/SkinningModule/WeightPainterPanelStyle.uss using Guid(b94e074c751075841957558677e2e60e) (ScriptedImporter) -> (artifact id: '0e6b9bcb4c43b6676c3b7bd7ccc01986') in 0.0155099 seconds
Start importing Packages/com.unity.shadergraph/Editor/Resources/Styles/MaterialGraphView.uss using Guid(c95091ab1e1b926498a5938a7d0e1ef6) (ScriptedImporter) -> (artifact id: 'd919af0d66287bac0807af717cd796a6') in 0.0160005 seconds
Start importing Packages/com.unity.shadergraph/Editor/Resources/Styles/ColorMode.uss using Guid(d9a970c4d408c408b888ee0caa8403eb) (ScriptedImporter) -> (artifact id: '3505e0f12844f80daa3a70c096e41a73') in 0.0171803 seconds
Start importing Packages/com.unity.timeline/Editor/StyleSheets/Extensions/light.uss using Guid(e98085123be873947970c4f10099a39a) (ScriptedImporter) -> (artifact id: 'a153f199ec77e2511da93a28a20e03ac') in 0.0192327 seconds
Start importing Packages/com.unity.2d.tooling/Editor/Insider/SpriteAtlas/SpriteAtlasIssueReport/SpriteWithSecondaryTextureIssue/SpriteWithSecondaryTextureIssue.uss using Guid(e9e63811c1b8749a1b27870b6ea0afce) (ScriptedImporter) -> (artifact id: '63c15f576716d05bbf2ab9adc575d537') in 0.0148549 seconds
Start importing Packages/com.unity.2d.aseprite/Editor/Assets/UI/AsepriteImporterStyleSheet.uss using Guid(f97ea77f2e96442398feb5e356a58ce4) (ScriptedImporter) -> (artifact id: 'bc626e532329e91e0de1ea4f3d1e9984') in 0.018645 seconds
Start importing Packages/com.unity.2d.tilemap/Editor/UI/TilePaletteOverlayLight.uss using Guid(2a208840b98c7aa46a99ed3517e86d98) (ScriptedImporter) -> (artifact id: '0273ce29a535e9dd74dadd544a1e2938') in 0.0169739 seconds
Start importing Packages/com.unity.2d.tilemap/Editor/UI/GridPaintPaletteWindowDark.uss using Guid(2af7a09b750644968bf66758786d99d9) (ScriptedImporter) -> (artifact id: 'e290c4ef8a73e6f89c2734bb4d15e1a9') in 0.0220456 seconds
Start importing Packages/com.unity.shadergraph/Editor/Resources/Styles/PropertyRow.uss using Guid(2af887df8cf23de4f9bf550f4e917c18) (ScriptedImporter) -> (artifact id: 'dd70f56617e5ad860cd130f697cd265b') in 0.0194711 seconds
Start importing Packages/com.unity.2d.animation/Editor/Assets/SkinningModule/GenerateGeometryPanelStyle.uss using Guid(3a255b868cdf39a4494f59819f0ff29e) (ScriptedImporter) -> (artifact id: '961c133ff11088eedf3d743cc3ff17a6') in 0.0192363 seconds
Start importing Packages/com.unity.2d.tilemap/Editor/UI/External/RenameableLabel.uss using Guid(7a5950bc69d34eaa8b69e23a0219af0e) (ScriptedImporter) -> (artifact id: '14b977a9044fa08b12513ae0977e2fac') in 0.1821721 seconds
Start importing Packages/com.unity.shadergraph/Editor/Resources/Styles/Controls/ToggleControlView.uss using Guid(8a80fd0ae214be84187160e65df52a8c) (ScriptedImporter) -> (artifact id: 'b2780de8278e27f5d11c3fb850cee2f9') in 0.201943 seconds
Start importing Packages/com.unity.multiplayer.center/Editor/MultiplayerCenterWindow/UI/MultiplayerCenterWindow.uss using Guid(bac00d6e07f0b4305bb395363c89d92b) (ScriptedImporter) -> (artifact id: 'fd0e67db121a8d5c77fd0c3a4446df4c') in 0.6069597 seconds
Start importing Packages/com.unity.2d.animation/Editor/Assets/SkinningModule/PivotInspectorPanelStyle.uss using Guid(ca98e2335e48a4619be9fef24dbb4fd1) (ScriptedImporter) -> (artifact id: '6c087cef5fe0f86c7258c4669eb3ca37') in 0.0621617 seconds
Start importing Packages/com.unity.shadergraph/Editor/Resources/Styles/Controls/MultiIntegerSlotControlView.uss using Guid(da559d27fc411114ab78e3561b55270a) (ScriptedImporter) -> (artifact id: '6bc7ad337cb1cc357393d42e5d7fd1e3') in 0.0405239 seconds
Start importing Packages/com.unity.shadergraph/Editor/Resources/Styles/Controls/ColorControlView.uss using Guid(4b038bc8dced2a440bc294aeff20a4ac) (ScriptedImporter) -> (artifact id: 'ee2bf1923ba5c78352836c5e287a345f') in 0.0252108 seconds
Start importing Packages/com.unity.render-pipelines.core/Editor/StyleSheets/HelpButton.uss using Guid(4b3af3115f6d00b41a5655ef26d54683) (ScriptedImporter) -> (artifact id: '842599868af38f0fff89dfc612a23dce') in 0.0173415 seconds
Start importing Packages/com.unity.render-pipelines.core/Editor/StyleSheets/RenderGraphViewerLight.uss using Guid(8bf46326c944b984c9084f09aef9b2e2) (ScriptedImporter) -> (artifact id: '6c5a7e65808626c54033b3482f44a2d1') in 0.0304067 seconds
Start importing Packages/com.unity.2d.animation/Editor/Assets/SkinningModule/BoneReparentStyle.uss using Guid(bba2f5e225fa49144a222787bfb6bcdf) (ScriptedImporter) -> (artifact id: '73d9f48ef37e2e122f2094fc0874050f') in 0.0182563 seconds
Start importing Packages/com.unity.2d.tooling/Editor/Insider/SpriteAtlas/SpriteAtlasIssueReport/SourceTextureWithCompressionIssue/SourceTextureWithCompressionIssue.uss using Guid(fb6fbaab21f6412da290025a44fe9ce3) (ScriptedImporter) -> (artifact id: 'e56ca8c05c324e44462d80ba9500c411') in 0.0150065 seconds
Start importing Packages/com.unity.collab-proxy/Editor/Assets/Styles/TeamEditionConfigurationWindow.uss using Guid(1cd69f37df825af4385cd9efe745fc30) (ScriptedImporter) -> (artifact id: '2c6f5d8838bc12a193abe06f390108a3') in 0.0180357 seconds
Start importing Packages/com.unity.shadergraph/Editor/Resources/Styles/PortInputView.uss using Guid(1cea6b2114919574aac870488908a2e0) (ScriptedImporter) -> (artifact id: 'c16b5bd369df7b125d81fde0a04e73bb') in 0.0175853 seconds
Start importing Packages/com.coplaydev.unity-mcp/Editor/Windows/Components/Common.uss using Guid(2cccfdd3f4371f140902a54e247cf979) (ScriptedImporter) -> (artifact id: 'bbcb4e316f4e27d6280d6df6f4d7732b') in 0.0284353 seconds
Start importing Packages/com.unity.2d.animation/Editor/Assets/SkinningModule/VisibilityTool.uss using Guid(3cb521b5cc4956f4a9018b9e357aa680) (ScriptedImporter) -> (artifact id: '9457cc84f1c386c53d6ab4f112bc56a6') in 0.0269848 seconds
Start importing Packages/com.unity.2d.animation/Editor/Assets/LayoutOverlay/LayoutOverlayStyle.uss using Guid(4cb62f324c9e68643acade726b44b815) (ScriptedImporter) -> (artifact id: 'c3b80b09192127a97d034f3d176a6b1d') in 0.0200485 seconds
Start importing Packages/com.unity.2d.sprite/Editor/UI/SpriteEditor/SpriteFrameCapabilityWindow.uss using Guid(6c7e9115f7d147358afe5f37134801db) (ScriptedImporter) -> (artifact id: 'f82459a1218bc2f353c85f24d4dcf086') in 0.0164745 seconds
Start importing Packages/com.unity.render-pipelines.core/Editor/LookDev/DisplayWindow-PersonalSkin.uss using Guid(7c95237923780ad4683f959f53629b60) (ScriptedImporter) -> (artifact id: 'c412e87127dbc10f41d22cfdcd66c74e') in 0.0175186 seconds
Start importing Packages/com.unity.2d.tooling/Editor/Insider/SpriteAtlas/SpriteAtlasIssueReport/UIElement/OKCancel/OKCancelElement.uss using Guid(9cde224d7283e4b61be2167d96ce3d3a) (ScriptedImporter) -> (artifact id: 'd7c735d06a9d6dc00d11ae420276c1bc') in 0.0163403 seconds
Start importing Packages/com.unity.shadergraph/Editor/Resources/Styles/PropertySheet.uss using Guid(acd20f0eca2b65544b43e657d5d713fe) (ScriptedImporter) -> (artifact id: '8af279a3ea610168609b6f3658e21591') in 0.0148666 seconds
Start importing Packages/com.unity.render-pipelines.core/Editor/LookDev/Inspectors.uss using Guid(ac4993c3b6160894d896820a9648ff4d) (ScriptedImporter) -> (artifact id: '3620b1f98fe563c5fac382294a435773') in 0.0159948 seconds
Start importing Packages/com.unity.inputsystem/InputSystem/Editor/UITKAssetEditor/PackageResources/InputAssetEditorDark.uss using Guid(cca9ce0c8554d5244930f14c21489ac1) (ScriptedImporter) -> (artifact id: 'be80c8da3f71d6ce064e03d21cfeead7') in 0.015998 seconds
Start importing Packages/com.unity.render-pipelines.core/Editor/StyleSheets/HeaderFoldoutLight.uss using Guid(dc364c42ee0194a4cace7e9e86e0b9dc) (ScriptedImporter) -> (artifact id: 'a951e11d1432587c40a737871203053c') in 0.0140339 seconds
Start importing Packages/com.unity.2d.tilemap/Editor/UI/GridPaintPaletteWindow.uss using Guid(ecc64bf4ebc64e2d8487b3a631c5113c) (ScriptedImporter) -> (artifact id: 'a026cac6a20fa039574dd3744567843c') in 0.020564 seconds
Start importing Packages/com.unity.shadergraph/Editor/Resources/Styles/Controls/ChannelEnumMaskControlView.uss using Guid(1db7b9bf1f9186d44ba7fefd3bc715c6) (ScriptedImporter) -> (artifact id: '4c5f37661ca2c215340b30f06aac7a58') in 0.0146534 seconds
Start importing Packages/com.unity.2d.tilemap/Editor/UI/External/GridView.uss using Guid(2d273e946d0b400a8bc9d2cb4c1946c9) (ScriptedImporter) -> (artifact id: '3202beeba380671e9293c681ce0e5da4') in 0.016343 seconds
Start importing Packages/com.unity.searcher/Editor/Resources/Searcher.uss using Guid(4deaa574907fd7647ab0d5bff0e9ba24) (ScriptedImporter) -> (artifact id: 'fafd03ff5dac75d3d0c03220d9977bf2') in 0.0215315 seconds
Start importing Packages/com.unity.2d.animation/Editor/Assets/SpriteSwap/SpriteSwapOverlay.uss using Guid(5d0f1086030a4bc4a6d184421673afdf) (ScriptedImporter) -> (artifact id: '623d4f858680a63de463e8895cbcd2de') in 0.0199116 seconds
Start importing Packages/com.unity.2d.tilemap/Editor/UI/TilePaletteOverlay.uss using Guid(7d4067dd1e595a64aa7286438069d37c) (ScriptedImporter) -> (artifact id: '7a42d9971cb09511312e86302d76e672') in 0.0274561 seconds
Start importing Packages/com.unity.2d.tooling/Editor/Insider/SpriteAtlas/SpriteAtlasIssueReport/AllSpriteAtlasReport/SpriteAtlasRawData.uss using Guid(7d1ae2eb8a9204a208aa20a4d10ee087) (ScriptedImporter) -> (artifact id: '5d7133fbc4711bb2bc2e2a4163131365') in 0.0174014 seconds
Start importing Packages/com.unity.inputsystem/InputSystem/Editor/UITKAssetEditor/PackageResources/InputActionsEditorStyles.uss using Guid(7dac9c49a90bca4499371d0adc9b617b) (ScriptedImporter) -> (artifact id: 'c5c36f28e3846a0851d57e0519cd6875') in 0.0232773 seconds
Start importing Packages/com.unity.shadergraph/Editor/Resources/Styles/Controls/Texture3DSlotControlView.uss using Guid(8d40f6518d8654aa4bf083cc5897f8ee) (ScriptedImporter) -> (artifact id: 'e7c001583b7927f9fa757c8435216c3b') in 0.0159709 seconds
Start importing Packages/com.unity.shadergraph/Editor/Resources/Styles/Controls/GradientControlView.uss using Guid(8d3443495105d4166996158d4b321c21) (ScriptedImporter) -> (artifact id: '337aa3b600c0851442716e945c79bb82') in 0.016831 seconds
Start importing Packages/com.unity.shadergraph/Editor/Resources/Styles/Controls/ChannelEnumControlView.uss using Guid(8dfac6eef2d89e8428c7a79b147413db) (ScriptedImporter) -> (artifact id: '92aed5d1a6df9ca02e7752463472e07a') in 0.0159382 seconds
Start importing Packages/com.unity.timeline/Editor/StyleSheets/Extensions/common.uss using Guid(ada555936059fa149bb48537842ee230) (ScriptedImporter) -> (artifact id: 'f25191357fa9dc16226abfd180b31ff8') in 0.015471 seconds
Start importing Packages/com.unity.render-pipelines.core/Editor/StyleSheets/VolumeEditor.uss using Guid(cd410e8cdc0119a46a753f48e79c8d07) (ScriptedImporter) -> (artifact id: '2d76d9c80f9b22fc75ccf2ccac51910a') in 0.0175703 seconds
Start importing Packages/com.unity.2d.tilemap/Editor/UI/TilePaletteOverlayDark.uss using Guid(edca8f45c1127f147b3fa62aad3ed9c1) (ScriptedImporter) -> (artifact id: '26da5c3bb861466b971e6512d220ca3b') in 0.0171995 seconds
Start importing Packages/com.unity.timeline/Editor/StyleSheets/ClipInspector.uss using Guid(eded20d65a4c8a7489e4df3772953e51) (ScriptedImporter) -> (artifact id: 'd84be840390692681150ff48d28ae4b4') in 0.0178527 seconds
Start importing Packages/com.unity.render-pipelines.universal/Editor/2D/LightBatchingDebugger/LightBatchingDebugger.uss using Guid(fd5cb3dd3de574f1585db92b6689f86a) (ScriptedImporter) -> (artifact id: 'bc5e6f2e1409f425b7a02b3c454110ed') in 0.0184688 seconds
Start importing Packages/com.unity.2d.sprite/Editor/UI/SpriteEditor/SpriteEditor.uss using Guid(fd3d7c275a0958b4fa0f26a0ee9b8481) (ScriptedImporter) -> (artifact id: '8592e386af34c4fc520113dc5ec7b5c7') in 0.0229931 seconds
Start importing Packages/com.unity.2d.tooling/Editor/Insider/SpriteAtlas/SpriteAtlasIssueReport/UIElement/CellLabelWithIcon/CellLabelWithIcon.uss using Guid(1e9f96df9c9c45e4b70e98b154ff98ee) (ScriptedImporter) -> (artifact id: '99a021e7b70cc75b0d71fc40fa5f3133') in 0.0166005 seconds
Start importing Packages/com.unity.render-pipelines.core/Editor/StyleSheets/HeaderFoldoutDark.uss using Guid(2e54b39aedaf3ae4a866b97489135739) (ScriptedImporter) -> (artifact id: '000a66323aa54b1ab4053003d7df2066') in 0.0153856 seconds
Start importing Packages/com.unity.inputsystem/InputSystem/Editor/UITKAssetEditor/PackageResources/InputAssetEditorLight.uss using Guid(5e7024ed0fd03984289320d04507bc0c) (ScriptedImporter) -> (artifact id: '614b38251ea71cfe0edb9165a4e0bbf5') in 0.0170886 seconds
Start importing Packages/com.unity.render-pipelines.core/Editor/Controls/ToggleDropdown.uss using Guid(5ff83f8997b534409b1595a0ea6750db) (ScriptedImporter) -> (artifact id: '536bd9935e798df1b0fc1e539ffde5d7') in 0.0201807 seconds
Start importing Packages/com.unity.shadergraph/Editor/Resources/Styles/Controls/ColorRGBSlotControlView.uss using Guid(5f9f1162b05e46646805842469135609) (ScriptedImporter) -> (artifact id: '4910006b62e24cd8d3e130570b15f99f') in 0.0175197 seconds
Start importing Packages/com.unity.2d.tilemap.extras/Editor/Tiles/AutoTile/UI/AutoTileEditor.uss using Guid(6f9cfa61f09d4dd28bf756b82079a9b4) (ScriptedImporter) -> (artifact id: '693a2d2cd8581d9e27b6814ac35ff528') in 0.022158 seconds
Start importing Packages/com.unity.2d.animation/Editor/Assets/SpriteLibraryEditor/GridView.uss using Guid(8f78074488a7540c1892cee9c9b90549) (ScriptedImporter) -> (artifact id: '5de4a74c476024a7861b2cee05e584fe') in 0.0171495 seconds
Start importing Packages/com.unity.render-pipelines.universal/Editor/Converter/converter_widget.uss using Guid(8f9ac38644e5f664ab13b4b78f1f3faa) (ScriptedImporter) -> (artifact id: '7f1b8be9de84ca74130f9b8798ec6ee3') in 0.0168344 seconds
Start importing Packages/com.coplaydev.unity-mcp/Editor/Windows/MCPForUnityEditorWindow.uss using Guid(8f9b5e0c2d3c4e5f6a7b8c9d0e1f2a3c) (ScriptedImporter) -> (artifact id: '8c02476201c70684e50b9a3b2a9231f4') in 0.0238444 seconds
Start importing Packages/com.unity.2d.tooling/Editor/Insider/SpriteAtlas/SpriteAtlasIssueReport/SpriteAtlasIssuesContainer/SpriteAtlasIssuesContainer.uss using Guid(bf31f4c7bc69141c89dfb06e81fcb14b) (ScriptedImporter) -> (artifact id: '5653e6be512633bf3e914396c6eed2ec') in 0.0167079 seconds
Start importing Packages/com.unity.render-pipelines.core/Editor/StyleSheets/RenderGraphViewer.uss using Guid(cf3ac3446e9c4333b9d16ece5c21317d) (ScriptedImporter) -> (artifact id: 'ae156739f73f18efd16752288a187157') in 0.0330472 seconds
Start importing Packages/com.unity.2d.tooling/Editor/Insider/SpriteAtlas/SpriteAtlasIssueReport/UIElement/SpriteAtlasReportTable/SpriteAtlasReportTable.uss using Guid(efeca829116274f24afa8abe4a45620d) (ScriptedImporter) -> (artifact id: '00af13f19148a0c9144432d9f2f50da2') in 0.0174118 seconds
Start importing Packages/com.unity.render-pipelines.core/Editor/UXML/RenderGraphViewer.uxml using Guid(00387952e4f43ec45a9084e579a44e4e) (ScriptedImporter) -> (artifact id: 'd8e7eb14bc314915acaf37254e2fe027') in 0.0616121 seconds
Start importing Packages/com.unity.inputsystem/InputSystem/Editor/UITKAssetEditor/PackageResources/ControlSchemeEditor.uxml using Guid(303ef5b13740f9a4db252c50122d2c62) (ScriptedImporter) -> (artifact id: '5700908b0f3340d048929796dfc0ef01') in 0.0275733 seconds
Start importing Packages/com.unity.shadergraph/Editor/Resources/UXML/Blackboard/SGBlackboardRow.uxml using Guid(5029c7a42d2731a4599f3f85f37ea5a9) (ScriptedImporter) -> (artifact id: '61148a2d9c22b4b073fdcca8e0377c45') in 0.0190349 seconds
Start importing Packages/com.unity.2d.animation/Editor/Assets/AssetUpgrader/AssetUpgrader.uxml using Guid(a0573d1ee775943adb00717b348bf967) (ScriptedImporter) -> (artifact id: '4f80d9b8f0eb9bab61f6fc6fe60c21eb') in 0.0220534 seconds
Start importing Packages/com.unity.render-pipelines.universal/Editor/Converter/converter_widget_item.uxml using Guid(c04b8c76151329e42929df320c5901fe) (ScriptedImporter) -> (artifact id: 'c0cf4919cfb9b3d296a4fe390ca32f51') in 0.0182649 seconds
Start importing Packages/com.unity.render-pipelines.core/Editor/UXML/DefaultVolumeProfileEditor.uxml using Guid(d0b4821bb729cd24fbbe0af5feaa73ab) (ScriptedImporter) -> (artifact id: 'd963a46701c0998903c4666106515a2c') in 0.0205684 seconds
Start importing Packages/com.unity.collab-proxy/Editor/Assets/Layouts/TabView.uxml using Guid(d0a8e201e79e1f441bdf295aef957220) (ScriptedImporter) -> (artifact id: '75d1b2eefa8522b146cce63aba2c50dc') in 0.0161551 seconds
Start importing Packages/com.unity.2d.sprite/Editor/UI/SpriteEditor/SpriteFrameModuleInspector.uxml using Guid(d02b5650e6e0b4c45ab18d5a1d1fce97) (ScriptedImporter) -> (artifact id: '74608210170ee2a1b3c6c17d4f89fd84') in 0.0239505 seconds
Start importing Packages/com.unity.2d.animation/Editor/Assets/SkinningModule/MeshToolbar.uxml using Guid(e085ef9f44efb404ca5462391539bf32) (ScriptedImporter) -> (artifact id: '1ef2cf27e59164df9d55f9ae844ab86e') in 0.0226295 seconds
Start importing Packages/com.unity.collab-proxy/Editor/Assets/Layouts/WaitingSignInPanel.uxml using Guid(913c727eecab25c489fa2adbad9c9ab8) (ScriptedImporter) -> (artifact id: '3b11af8c25e7a4536e1bd52048e202aa') in 0.0192416 seconds
Start importing Packages/com.unity.2d.animation/Editor/Assets/SkinningModule/BoneToolbar.uxml using Guid(c1808a8a0e94621468b171839da19a41) (ScriptedImporter) -> (artifact id: '031425f04ab04d6f338558a65d591687') in 0.0207735 seconds
Start importing Packages/com.unity.2d.animation/Editor/Assets/SkinningModule/BoneReparentWindow.uxml using Guid(d195aed64b2027a4197eb33df30324a3) (ScriptedImporter) -> (artifact id: 'bd7c76e2810f4293772b99f503f05083') in 0.0185198 seconds
Start importing Packages/com.unity.collab-proxy/Editor/Assets/Layouts/SignInWithEmailPanel.uxml using Guid(0229db2477529f049aa3683cfba9d23b) (ScriptedImporter) -> (artifact id: '6cde91639370ca2ffe7f99f30422b94b') in 0.0179997 seconds
Start importing Packages/com.unity.2d.tooling/Editor/Insider/AnalyzerWindow/AnalyzerWindow.uxml using Guid(129b7bc2cdf9e43208a605c0d8379e12) (ScriptedImporter) -> (artifact id: 'b5df30ae8ee38d534f3182d5d9a57351') in 0.0226196 seconds
Start importing Packages/com.unity.2d.sprite/Editor/UI/SpriteEditor/SpriteOutlineToolOverlayPanel.uxml using Guid(822efcfdd5f5a45e99513239c9c1859f) (ScriptedImporter) -> (artifact id: '6fbd8030178e9efda246d9c3a0887f4f') in 0.0217649 seconds
Start importing Packages/com.unity.2d.animation/Editor/Assets/SpriteLibraryEditor/EditorTabHeader.uxml using Guid(a48b87fa919cc4fc1aa9c3d6b8ec5831) (ScriptedImporter) -> (artifact id: 'c94b82bf9346b4656bf12b0574da810e') in 0.01881 seconds
Start importing Packages/com.unity.2d.animation/Editor/Assets/SpriteLibraryEditor/LabelsTab.uxml using Guid(a2f920e9797844aedbe4eb4bf4fa83e7) (ScriptedImporter) -> (artifact id: '79b1b47f15b7f85a10abc92afa86ab13') in 0.0276515 seconds
Start importing Packages/com.unity.2d.animation/Editor/Assets/SpriteLibraryEditor/EditorBottomToolbar.uxml using Guid(b2ba942b7d73347e898626debe5e7afa) (ScriptedImporter) -> (artifact id: '7dcc1d951f003cb57032ea3f3ae183ac') in 0.0175701 seconds
Start importing Packages/com.unity.2d.animation/Editor/Assets/SpriteLibraryEditor/CategoriesTab.uxml using Guid(2354d1435ffcc4b069ec91cefd3da64d) (ScriptedImporter) -> (artifact id: '31529dd0de3e19a89a4841c192a9ccf2') in 0.0192021 seconds
Start importing Packages/com.unity.render-pipelines.core/Editor/UXML/VolumeEditor.uxml using Guid(d367e3b92ff05ac4eb99950f44cc0333) (ScriptedImporter) -> (artifact id: '722f3b15d8641525029114c396cdfbfb') in 0.020768 seconds
Start importing Packages/com.unity.shadergraph/Editor/Resources/UXML/Blackboard/SGBlackboardField.uxml using Guid(f339e526c7fc4e14daae8819172de9de) (ScriptedImporter) -> (artifact id: 'c47715ed5fd2ab5ec308a256ba521d69') in 0.0190071 seconds
Start importing Packages/com.unity.2d.tooling/Editor/Insider/SpriteAtlas/SpriteAtlasIssueReport/UIElement/CellLabelWithIcon/CellLabelWithIcon.uxml using Guid(1438d7ab37ed4dc5a2dbb5735182107f) (ScriptedImporter) -> (artifact id: '415f87c74c609f4bbd83a619dccbfa3e') in 0.0192571 seconds
Start importing Packages/com.unity.inputsystem/InputSystem/Editor/UITKAssetEditor/PackageResources/BindingPanelRowTemplate.uxml using Guid(449c8e5ca27af8e4a9db710c8be5e4df) (ScriptedImporter) -> (artifact id: '75c9d75a61798cb5a60967ea784b9795') in 0.0198721 seconds
Start importing Packages/com.unity.2d.animation/Editor/Assets/SpriteLibraryEditor/EditorMainWindow.uxml using Guid(05f0e88295177435592ac5ba24fb98ef) (ScriptedImporter) -> (artifact id: 'cc7f135e6fc1d73810eb634cc2c89c68') in 0.0202234 seconds
Start importing Packages/com.unity.2d.animation/Editor/Assets/SpriteLibraryEditor/EditorTopToolbar.uxml using Guid(179ad99a9938c40dc984df75d6c14f3b) (ScriptedImporter) -> (artifact id: '53f69c78e1c589b0dc2daa9c92098337') in 0.0193393 seconds
Start importing Packages/com.unity.2d.animation/Editor/Assets/SpriteLibraryEditor/SpriteLibraryEditorWindow.uxml using Guid(9409e019e8a3d467694747cb45b13abb) (ScriptedImporter) -> (artifact id: 'bcafa717d4dbb904989bb512d0fd1349') in 0.0259599 seconds
Start importing Packages/com.coplaydev.unity-mcp/Editor/Windows/Components/Resources/McpResourcesSection.uxml using Guid(b455fadaaad0a43c4bae9f3fe784c5c3) (ScriptedImporter) -> (artifact id: 'af4a3fe4e88163acc62146ce7145d83a') in 0.0182609 seconds
Start importing Packages/com.unity.shadergraph/Editor/Resources/UXML/StickyNote.uxml using Guid(d4cc9867eee425f4dac7d5bb91f07845) (ScriptedImporter) -> (artifact id: '24b0ff726825109c3320dc3ad1050d37') in 0.015976 seconds
Start importing Packages/com.unity.inputsystem/InputSystem/Editor/UITKAssetEditor/PackageResources/InputActionsTreeViewItem.uxml using Guid(452df07a8ad0c944c879a484d5890e61) (ScriptedImporter) -> (artifact id: 'd610e5969a48d25ddc96400fcdd9f726') in 0.0206848 seconds
Start importing Packages/com.unity.inputsystem/InputSystem/Editor/UITKAssetEditor/PackageResources/InputActionsProjectSettings.uxml using Guid(75a33987e21d5ac449deecea3dcd864f) (ScriptedImporter) -> (artifact id: '8c9c8afecf8167b41d88a1b22a9327dc') in 0.0219186 seconds
Start importing Packages/com.unity.render-pipelines.universal/Editor/2D/LightBatchingDebugger/LayerBatch.uxml using Guid(754a67c6d4788447895a4349508b2f37) (ScriptedImporter) -> (artifact id: 'b7a139d13d897bb8f79b6409601a713f') in 0.018368 seconds
Start importing Packages/com.coplaydev.unity-mcp/Editor/Windows/EditorPrefs/EditorPrefItem.uxml using Guid(06c99d6b0c7fa4fd3842e4d3b2a7407f) (ScriptedImporter) -> (artifact id: 'd0ab9de5da484dfc2542dfd8734a6bfb') in 0.0188916 seconds
Start importing Packages/com.unity.collab-proxy/Editor/Assets/Layouts/TeamEditionConfigurationWindow.uxml using Guid(26d3a583da6079145a52a8bef4beb6c5) (ScriptedImporter) -> (artifact id: 'c2d2c3b958d45dd09a6a416d14cdcaf8') in 0.0202254 seconds
Start importing Packages/com.unity.2d.animation/Editor/Assets/LayoutOverlay/LayoutOverlay.uxml using Guid(46c8e0bde8bfa5a4eadb9b33d3543bcd) (ScriptedImporter) -> (artifact id: 'b288552d33e61c002e4db648e3630dfd') in 0.0207585 seconds
Start importing Packages/com.unity.collab-proxy/Editor/Assets/Layouts/OrganizationPanel.uxml using Guid(b6420407edc75d04f89d57eb2fcc314b) (ScriptedImporter) -> (artifact id: '748965fbea8e2b2dd2dc1a82e42c2ab2') in 0.0195751 seconds
Start importing Packages/com.unity.inputsystem/InputSystem/Editor/UITKAssetEditor/PackageResources/InputActionsEditor.uxml using Guid(c662e0d3cc3c4f948808f9847f715ef2) (ScriptedImporter) -> (artifact id: 'fb0f6d5e9431d853e448ff92707c2cbe') in 0.0151414 seconds
Start importing Packages/com.unity.2d.animation/Editor/Assets/SkinningModule/GenerateGeometryPanel.uxml using Guid(d62df6d8cd1bb504dbae262bb6d6efe6) (ScriptedImporter) -> (artifact id: '6fcadfe9424e064dde6c69e4920371d1') in 0.0193806 seconds
Start importing Packages/com.unity.2d.tooling/Editor/Insider/SpriteAtlas/SpriteAtlasIssueReport/UIElement/OKCancel/OKCancelElement.uxml using Guid(0771ecab53d46494c97516e6fe6f4d97) (ScriptedImporter) -> (artifact id: '9fbf001b23ef2860e87ca6afdaf98c40') in 0.0174576 seconds
Start importing Packages/com.unity.2d.animation/Editor/Assets/SkinningModule/GenerateWeightsPanel.uxml using Guid(676867f8653a3ec40a598ba3ccea79c6) (ScriptedImporter) -> (artifact id: '0601720355816b842ab274d239669fd7') in 0.0173175 seconds
Start importing Packages/com.unity.shadergraph/Editor/Resources/UXML/NodeSettings.uxml using Guid(b70651993c98eda43810c32b7416a21b) (ScriptedImporter) -> (artifact id: 'cb187fee3f297a5f2c29dd5b14d162b0') in 0.0161899 seconds
Start importing Packages/com.unity.render-pipelines.universal/Editor/Converter/converter_editor.uxml using Guid(c700399f2adb2504dac99f1139d658f3) (ScriptedImporter) -> (artifact id: '818b0dc4a250e733b0975c99d28c20cf') in 0.022701 seconds
Start importing Packages/com.unity.2d.animation/Editor/Assets/SkinningModule/RigToolbar.uxml using Guid(c759b46e19574f558cedb72dff2e9530) (ScriptedImporter) -> (artifact id: '234d1192e0710aec78bab0df698fb8d4') in 0.0216586 seconds
Start importing Packages/com.coplaydev.unity-mcp/Editor/Windows/Components/Advanced/McpAdvancedSection.uxml using Guid(d7e63a0b220a4c9458289415ad91e7df) (ScriptedImporter) -> (artifact id: '0ef5cd6b6f15b26daf07f984654d7d2a') in 0.0218069 seconds
Start importing Packages/com.unity.collab-proxy/Editor/Assets/Layouts/SignInPanel.uxml using Guid(18b097dd2d10fb442a321314f4541401) (ScriptedImporter) -> (artifact id: 'b587e6a6fd5b6ca8950de9423f86478f') in 0.0164965 seconds
Start importing Packages/com.unity.render-pipelines.universal/Editor/Converter/converter_widget.uxml using Guid(3893b5ea9974b9549aefa44bd1b99e24) (ScriptedImporter) -> (artifact id: '95e9a559d81eb2be663d597157bbda69') in 0.0163744 seconds
Start importing Packages/com.unity.2d.tooling/Editor/Insider/SpriteAtlas/SpriteAtlasIssueReport/SpriteAtlasPageIssue/AtlasPageReportSettings.uxml using Guid(68cb9e655198439ea287e0d60710c65c) (ScriptedImporter) -> (artifact id: '1581a106f6430aba1af9a5efaf6da5e7') in 0.0176354 seconds
Start importing Packages/com.unity.shadergraph/Editor/Resources/UXML/HeatmapValuesEditor.uxml using Guid(781e1a409e314b1fb13e3605a69680ba) (ScriptedImporter) -> (artifact id: '3599c7c5eb66c71ba856f274a399b17f') in 0.0093971 seconds
Start importing Packages/com.unity.2d.tooling/Editor/Insider/SpriteAtlas/SpriteAtlasIssueReport/SpriteWithSecondaryTextureIssue/SpriteWithSecondaryTextureIssue.uxml using Guid(885a27ebd214f401091f9e6224cb76b7) (ScriptedImporter) -> (artifact id: '9ad948cf0b28848cf050ab8091b7fda3') in 0.0194031 seconds
Start importing Packages/com.unity.shadergraph/Editor/Resources/UXML/Blackboard/SGBlackboardCategory.uxml using Guid(98cf1ee902c59944796b97562a34faee) (ScriptedImporter) -> (artifact id: '13b419df47d183aab614e9f73740bc8a') in 0.025692 seconds
Start importing Packages/com.unity.render-pipelines.core/Editor/UXML/RenderPipelineGlobalSettings.uxml using Guid(d8d5beb40e5c9f94f95d805868251329) (ScriptedImporter) -> (artifact id: 'f4962dedc208ecaeaf9fc4161aa84f9f') in 0.0182939 seconds
Start importing Packages/com.unity.2d.animation/Editor/Assets/SkinningModule/PoseToolbar.uxml using Guid(d89864f098e249e580aae20c6fb9f317) (ScriptedImporter) -> (artifact id: '64e6e4432d8b7248234a165fdfc2b470') in 0.0205382 seconds
Start importing Packages/com.unity.2d.tooling/Editor/Insider/SpriteAtlas/SpriteAtlasIssueReport/UIElement/SpriteAtlasReportTable/SpriteAtlasReportTable.uxml using Guid(d85e4b19ce7cc4cd4bc97653aaea6223) (ScriptedImporter) -> (artifact id: '839ce990d520c740f77a66a338f71395') in 0.0179038 seconds
Start importing Packages/com.unity.2d.tooling/Editor/Insider/SpriteAtlas/SpriteAtlasIssueReport/SpriteAtlasTextureSpaceUsedIssue/SpriteAtlasTextureSpaceUsedIssueSettings.uxml using Guid(596a1da76ce534ee8888cc5e5c3d760a) (ScriptedImporter) -> (artifact id: 'b7c62b6c20286f0967cfd90e04a9cc00') in 0.016709 seconds
Start importing Packages/com.unity.searcher/Editor/Resources/SearcherItem.uxml using Guid(793d6318ba59ca94381b936836fe697d) (ScriptedImporter) -> (artifact id: 'ebfd34e43daf41668f383c09823c1e67') in 0.0152712 seconds
Start importing Packages/com.coplaydev.unity-mcp/Editor/Windows/Components/Connection/McpConnectionSection.uxml using Guid(9943fa234c3a76a4198d2983bf96ab26) (ScriptedImporter) -> (artifact id: 'ff857675143f2e49752537466ca5dd67') in 0.0189454 seconds
Start importing Packages/com.coplaydev.unity-mcp/Editor/Windows/Components/Tools/McpToolsSection.uxml using Guid(5a94c7afd72c4dcf9f8a611d85c9a1e4) (ScriptedImporter) -> (artifact id: '5047cca955976e4c68575e4e1691d0eb') in 0.0187507 seconds
Start importing Packages/com.unity.2d.tooling/Editor/Insider/SpriteAtlas/SpriteAtlasIssueReport/SpriteCountInAtlasIssue/SpriteCountIssueSettings.uxml using Guid(5a4735bbb3b744ff685450556aa24b28) (ScriptedImporter) -> (artifact id: '34f601fc4bfb074e6e61e1fb0385ed4f') in 0.0170894 seconds
Start importing Packages/com.unity.searcher/Editor/Resources/SearcherWindow.uxml using Guid(da37dcca55e437b4a9eeebff722ad51f) (ScriptedImporter) -> (artifact id: '0545bbbc3140f6b3fa3af5c8688237ba') in 0.0158567 seconds
Start importing Packages/com.unity.2d.animation/Editor/Assets/SkinningModule/BoneInspectorPanel.uxml using Guid(1b45e34b5d565204db1307b88755e76d) (ScriptedImporter) -> (artifact id: '757524176a0ed0639aed9bedcc0db9cf') in 0.017431 seconds
Start importing Packages/com.unity.inputsystem/InputSystem/Editor/UITKAssetEditor/PackageResources/CompositeBindingPropertiesEditor.uxml using Guid(2bd2d0548382d58489e8c2999daf4139) (ScriptedImporter) -> (artifact id: '7ce01f5375573877f3fbc9fef0e49c31') in 0.0141528 seconds
Start importing Packages/com.unity.2d.tooling/Editor/Insider/AnalyzerWindow/DataSourceListItem/DataSourceList.uxml using Guid(6b2eee0779ff14c59959c47e6794830d) (ScriptedImporter) -> (artifact id: 'c99636cf68e7fb7747187f202ff3c5e3') in 0.0183371 seconds
Start importing Packages/com.unity.2d.animation/Editor/Assets/SkinningModule/PastePanel.uxml using Guid(7bbb98f319252794fab775275aa2632d) (ScriptedImporter) -> (artifact id: '5cabde18b107ba07bcfec939e28ef0ba') in 0.0169206 seconds
Start importing Packages/com.unity.render-pipelines.universal/Editor/Converter/converter_widget_main.uxml using Guid(9b40f22c604c94f438696f75a42873eb) (ScriptedImporter) -> (artifact id: '4825aa6a4e73b22ebe75b27c9bdbc13d') in 0.0198376 seconds
Start importing Packages/com.coplaydev.unity-mcp/Editor/Windows/Components/ClientConfig/McpClientConfigSection.uxml using Guid(abdb7edaa375af049bd795c7a8b8a613) (ScriptedImporter) -> (artifact id: '6cd67eb9ee79b23ee49e243f9fbd5056') in 0.0183326 seconds
Start importing Packages/com.coplaydev.unity-mcp/Editor/Windows/EditorPrefs/EditorPrefsWindow.uxml using Guid(0cfa716884c1445d8a5e9581bbe2e9ce) (ScriptedImporter) -> (artifact id: '3addb89ba2a6000011b042d9f60055f4') in 0.0188907 seconds
Start importing Packages/com.unity.2d.tooling/Editor/Insider/SpriteAtlas/SpriteAtlasIssueReport/SourceTextureWithCompressionIssue/SourceTextureWithCompressionIssue.uxml using Guid(1c35ceee32844d2b9adae4a9f7249123) (ScriptedImporter) -> (artifact id: '7a07fccf828525d1f1023e837baecfde') in 0.0181172 seconds
Start importing Packages/com.unity.2d.animation/Editor/Assets/SkinningModule/VisibilityToolbar.uxml using Guid(2cea33b1d0032174c8833d64fbf31529) (ScriptedImporter) -> (artifact id: '7b6404667c5b40f0f46df0904a265d24') in 0.0171528 seconds
Start importing Packages/com.unity.2d.animation/Editor/Assets/SkinningModule/VisibilityToolWindow.uxml using Guid(7c5cb5d0bb89666419fa44a3e64ed366) (ScriptedImporter) -> (artifact id: 'cbdb70236a2f0397861da9233c06a410') in 0.0173355 seconds
Start importing Packages/com.unity.inputsystem/InputSystem/Editor/UITKAssetEditor/PackageResources/NameAndParameterListViewItemTemplate.uxml using Guid(9cbd73d51dc491b4888055ae65cd9545) (ScriptedImporter) -> (artifact id: '4c99551373df080a6012a2d6afb931fe') in 0.0172024 seconds
Start importing Packages/com.unity.inputsystem/InputSystem/Editor/UITKAssetEditor/PackageResources/CompositePartBindingPropertiesEditor.uxml using Guid(acfae125fa5d7904987a696b3993d432) (ScriptedImporter) -> (artifact id: 'a81dad3c503e4f5664610ba89ac87e82') in 0.0149261 seconds
Start importing Packages/com.unity.2d.animation/Editor/Assets/SkinningModule/WeightToolbar.uxml using Guid(ccf751df7bd10e14db670d1353e02ea0) (ScriptedImporter) -> (artifact id: 'e7d88a482c093f525f9b578ac83fd1e1') in 0.0165198 seconds
Start importing Packages/com.unity.shadergraph/Editor/Resources/UXML/GraphInspector.uxml using Guid(dcf0e02f89cf7c848a22002b79ce27d3) (ScriptedImporter) -> (artifact id: '0ff947f4ba236492ca1a83bc1b378df8') in 0.0163448 seconds
Start importing Packages/com.unity.2d.tooling/Editor/Insider/SpriteAtlas/SpriteAtlasIssueReport/AllSpriteAtlasReport/SpriteAtlasRawData.uxml using Guid(fc5a15cac6c6c4b09a6095ac03bf2473) (ScriptedImporter) -> (artifact id: '5acb5d3533a5e64af17a9f0b1bc48a87') in 0.0203509 seconds
Start importing Packages/com.unity.2d.animation/Editor/Assets/SkinningModule/PivotInspectorPanel.uxml using Guid(0d841f054a46c40bc878c70ce26a2c2a) (ScriptedImporter) -> (artifact id: '47e2416fc84b6f64af9080004c7d7cca') in 0.0161815 seconds
Start importing Packages/com.unity.collab-proxy/Editor/Assets/Layouts/DownloadPlasticExeDialog.uxml using Guid(3da0c7cf51d8e4b40a5af55a4ca63e4e) (ScriptedImporter) -> (artifact id: '499c7e1e09eab9a45278c8ed0590a2ef') in 0.0138073 seconds
Start importing Packages/com.coplaydev.unity-mcp/Editor/Windows/Components/AssetGen/McpAssetGenSection.uxml using Guid(3df8c86fc5da43c2b99611ea9f151338) (ScriptedImporter) -> (artifact id: '0e2f80387aef849a0b102ad8baae4715') in 0.0201881 seconds
Start importing Packages/com.unity.2d.animation/Editor/Assets/SkinningModule/InfluenceWindow.uxml using Guid(5d2935f038257c44998f9aeec57d2ae7) (ScriptedImporter) -> (artifact id: '007e06f90be1d76f9d2713e94486a1f8') in 0.0165173 seconds
Start importing Packages/com.unity.2d.sprite/Editor/UI/SpriteEditor/PolygonChangeShapeWindow.uxml using Guid(ad9baf3ac3e35c948bf6a50e91e91473) (ScriptedImporter) -> (artifact id: '3f9434ce7d7620d9413bb74bae387d9f') in 0.0184636 seconds
Start importing Packages/com.unity.2d.tooling/Editor/Insider/SpriteAtlas/SpriteAtlasIssueReport/SpriteAtlasIssuesContainer/SpriteAtlasIssuesContainer.uxml using Guid(dd24cbd77ecda46f5a2f8e7c832cf3fa) (ScriptedImporter) -> (artifact id: '76dcf77ed8baa9137be533918aaf4a0f') in 0.0167651 seconds
Start importing Packages/com.unity.2d.sprite/Editor/UI/SpriteEditor/SpriteFrameCapabilityWindow.uxml using Guid(dde790a688b0426aa8b203f14ba9ced2) (ScriptedImporter) -> (artifact id: 'adfc03c8b096302d49cb028dce39496f') in 0.0145538 seconds
Start importing Packages/com.unity.shadergraph/Editor/Resources/UXML/GraphSubWindow.uxml using Guid(2e461625111c0354980fca534f771ff3) (ScriptedImporter) -> (artifact id: 'eced7603c028e531741dff5fbadd6c2e') in 0.0171371 seconds
Start importing Packages/com.unity.shadergraph/Editor/Resources/UXML/Blackboard/SGBlackboard.uxml using Guid(4ee4ce39889d8db4d8c49aa84772cd12) (ScriptedImporter) -> (artifact id: 'fa3b63e2dc1fee34e9358b462fb55d09') in 0.0157757 seconds
Start importing Packages/com.unity.2d.tooling/Editor/Insider/AnalyzerWindow/ReportListItem/ReportListItem.uxml using Guid(4eb9dcd21f7824f91910509f5af3e404) (ScriptedImporter) -> (artifact id: 'c162ecb2e3ec7229561ad8c81f1cae7c') in 0.0149689 seconds
Start importing Packages/com.unity.2d.animation/Editor/Assets/SkinningModule/WeightPainterPanel.uxml using Guid(6e9568834ba2b2c44af4e3876cee0d2d) (ScriptedImporter) -> (artifact id: '9f247ae2c83be1131d6cdc013364765b') in 0.0178831 seconds
Start importing Packages/com.unity.shadergraph/Editor/Resources/UXML/Resizable.uxml using Guid(8ec4570e052fbb34bbe8d52d99e76d07) (ScriptedImporter) -> (artifact id: '7315dcf3e35b6cd691aa9bc3cba3548c') in 0.017132 seconds
Start importing Packages/com.unity.2d.sprite/Editor/SpriteEditor/SpriteEditorHintPopup/SpriteEditorHintPopup.uxml using Guid(8e9ebe2fdfb2403ea7d41196ab5ad791) (ScriptedImporter) -> (artifact id: '52bfdd732fc126450d2a38f8b4fb0f6e') in 0.0187966 seconds
Start importing Packages/com.unity.collab-proxy/Editor/Assets/Layouts/ProgressControlsForDialogs.uxml using Guid(feccc3dff22272744a267246ae760a73) (ScriptedImporter) -> (artifact id: 'b885ab1650225a04ef884b1aaa217f47') in 0.0163375 seconds
Start importing Packages/com.unity.shadergraph/Editor/Resources/UXML/PixelCacheProfiler.uxml using Guid(0fda1aff5a5744478f70542e95fd3d42) (ScriptedImporter) -> (artifact id: '4164f35cb97b0e75ae1b66c66e086b69') in 0.0192977 seconds
Start importing Packages/com.unity.2d.tooling/Editor/Insider/AnalyzerWindow/DataSourceListItem/DataSourceListItem.uxml using Guid(1f585c44eb1d24a0db7d3d15d203720a) (ScriptedImporter) -> (artifact id: '3d216683f22fcff913c98130d72a24fb') in 0.0176304 seconds
Start importing Packages/com.unity.shadergraph/Editor/Resources/UXML/UITKMasterNodePreview.uxml using Guid(1f8dc278ca660e145a487c8b93679c62) (ScriptedImporter) -> (artifact id: 'bdd7587c6b2704a58cc758942ec97081') in 0.0162246 seconds
Start importing Packages/com.unity.inputsystem/InputSystem/Editor/UITKAssetEditor/PackageResources/InputActionMapsTreeViewItem.uxml using Guid(3fa44185ed614414ebab354dfe5a06b6) (ScriptedImporter) -> (artifact id: '122a1a944b3dc14e084edb802e98b0c3') in 0.0162055 seconds
Start importing Packages/com.coplaydev.unity-mcp/Editor/Windows/Components/Validation/McpValidationSection.uxml using Guid(3f682815a83bb6841ac61f7f399d903c) (ScriptedImporter) -> (artifact id: '338c981bf7b7192e98857ebe9ba54b74') in 0.0169687 seconds
Start importing Packages/com.unity.render-pipelines.universal/Editor/2D/LightBatchingDebugger/LightBatchingDebugger.uxml using Guid(7f54b2764826949c192810bd3944abcc) (ScriptedImporter) -> (artifact id: '236a7f9228cae94feb6574b935033f2a') in 0.0178373 seconds
Start importing Packages/com.coplaydev.unity-mcp/Editor/Windows/MCPForUnityEditorWindow.uxml using Guid(7f8a4e9c1d2b3e4f5a6b7c8d9e0f1a2b) (ScriptedImporter) -> (artifact id: '103d837a83161fecac9bcca3090a1391') in 0.0169029 seconds
Start importing Packages/com.coplaydev.unity-mcp/Editor/Windows/MCPSetupWindow.uxml using Guid(bf9567b4c9d76a14e9476c2d47c4b017) (ScriptedImporter) -> (artifact id: 'b8bad40ef2235bfb830012004a7350ce') in 0.0182743 seconds
Start importing Packages/com.unity.2d.tooling/Editor/Insider/SpriteAtlas/SpriteAtlasIssueReport/UIElement/CommonSpriteAtlasIssueView/CommonSpriteAtlasIssueView.uxml using Guid(efa188b2889b4eef843e0f2bd8e80dfe) (ScriptedImporter) -> (artifact id: '31fe56226f771d124485185f7ac476e8') in 0.0162373 seconds
Shader 'Universal Render Pipeline/Terrain/Lit': dependency 'AddPassShader' shader 'Hidden/Universal Render Pipeline/Terrain/Lit (Add Pass)' not found
Shader 'Universal Render Pipeline/Terrain/Lit': dependency 'BaseMapShader' shader 'Hidden/Universal Render Pipeline/Terrain/Lit (Base Pass)' not found
Shader 'Universal Render Pipeline/Terrain/Lit': dependency 'BaseMapGenShader' shader 'Hidden/Universal Render Pipeline/Terrain/Lit (Basemap Gen)' not found
[C:\build\output\unity\unity\Modules\LocalizationEditor\LocalizationDatabase.cpp:807]Packages/com.unity.timeline/Editor/Localization/ja.po
Shader 'Universal Render Pipeline/Nature/SpeedTree7': dependency 'BillboardShader' shader 'Universal Render Pipeline/Nature/SpeedTree7 Billboard' not found
Shader 'Hidden/Terrain/Terrain Standard 4 Layers URP': dependency 'AddPassShader' shader 'Hidden/Hidden/Terrain/Terrain Standard 4 Layers URP_AddPass' not found
Shader 'Hidden/Terrain/Terrain Standard 4 Layers URP': dependency 'BaseMapGenShader' shader 'Hidden/Hidden/Terrain/Terrain Standard 4 Layers URP_BaseMapGen' not found
Shader 'Hidden/Terrain/Terrain Standard 4 Layers URP': dependency 'BaseMapShader' shader 'Hidden/Universal Render Pipeline/Terrain/Lit (Base Pass)' not found
Shader 'Hidden/Terrain/Terrain Simple': dependency 'AddPassShader' shader 'Hidden/Hidden/Terrain/Terrain Simple_AddPass' not found
Shader 'Hidden/Terrain/Terrain Simple': dependency 'BaseMapGenShader' shader 'Hidden/Hidden/Terrain/Terrain Simple_BaseMapGen' not found
Launched and connected shader compiler UnityShaderCompiler.exe after 0.03 seconds
Launched and connected shader compiler UnityShaderCompiler.exe after 0.02 seconds
Launched and connected shader compiler UnityShaderCompiler.exe after 0.03 seconds
Launched and connected shader compiler UnityShaderCompiler.exe after 0.02 seconds
Loading style catalogs (8)
	StyleSheets/Extensions/base/common.uss
	UIPackageResources/StyleSheets/Default/Variables/Public/common.uss
	StyleSheets/Northstar/common.uss
	StyleSheets/Extensions/fonts/inter.uss
	StyleSheets/Extensions/base/dark.uss
	UIPackageResources/StyleSheets/Default/Northstar/Palette/dark.uss
	Packages/com.unity.timeline/Editor/StyleSheets/Extensions/dark.uss
	Packages/com.unity.timeline/Editor/StyleSheets/Extensions/common.uss
Launched and connected shader compiler UnityShaderCompiler.exe after 0.02 seconds
Launched and connected shader compiler UnityShaderCompiler.exe after 0.03 seconds
Launched and connected shader compiler UnityShaderCompiler.exe after 0.03 seconds
Launched and connected shader compiler UnityShaderCompiler.exe after 0.03 seconds
Launched and connected shader compiler UnityShaderCompiler.exe after 0.06 seconds
Launched and connected shader compiler UnityShaderCompiler.exe after 0.05 seconds
Launched and connected shader compiler UnityShaderCompiler.exe after 0.03 seconds
Launched and connected shader compiler UnityShaderCompiler.exe after 0.05 seconds
Launched and connected shader compiler UnityShaderCompiler.exe after 0.06 seconds
Launched and connected shader compiler UnityShaderCompiler.exe after 0.48 seconds
Launched and connected shader compiler UnityShaderCompiler.exe after 0.33 seconds
Refreshing native plugins compatible for Editor in 117.97 ms, found 5 plugins.
Preloading 0 native plugins for Editor in 0.00 ms.
Asset Pipeline Refresh (id=0f11f692c7ecc5543ad4fbaf5b50fda9): Total: 141.922 seconds - Initiated by InitialRefreshV2(ForceSynchronousImport)
	Summary:
		Imports: total=6995 (actual=2677, local cache=4318, cache server=0)
		Asset DB Process Time: managed=2118 ms, native=109519 ms
		Asset DB Callback time: managed=7367 ms, native=4608 ms
		Scripting: domain reloads=1, domain reload time=2040 ms, compile time=16152 ms, other=115 ms
		Project Asset Count: scripts=1601, non-scripts=3234
		Asset File Changes: new=0, changed=0, moved=0, deleted=0
		Scan Filter Count: 0
	InvokeCustomDependenciesCallbacks: 0.002ms
	InvokePackagesCallback: 3424.831ms
	ApplyChangesToAssetFolders: 2.316ms
	Scan: 516.985ms
	OnSourceAssetsModified: 0.003ms
	CategorizeAssetsWithTransientArtifact: 152.986ms
	ProcessAssetsWithTransientArtifactChanges: 131.387ms
	CategorizeAssets: 78.341ms
	ImportOutOfDateAssets: 110320.021ms (-11448.562ms without children)
		ImportManagerImport: 105610.103ms (2645.443ms without children)
			ImportInProcess: 102915.209ms
			UpdateCategorizedAssets: 49.451ms
		CompileScripts: 16151.795ms
		ReloadNativeAssets: 0.061ms
		UnloadImportedAssets: 0.468ms
		ReloadImportedAssets: 1.062ms
		EnsureUptoDateAssetsAreRegisteredWithGuidPM: 2.541ms
		InitializingProgressBar: 0.017ms
		PostProcessAllAssetNotificationsAddChangedAssets: 0.156ms
		OnDemandSchedulerStart: 2.381ms
	PostProcessAllAssets: 8091.542ms
	Hotreload: 478.855ms
	GatherAllCurrentPrimaryArtifactRevisions: 0.009ms
	UnloadStreamsBegin: 1.483ms
	PersistCurrentRevisions: 4.877ms
	UnloadStreamsEnd: 0.230ms
	GenerateScriptTypeHashes: 2.453ms
	Untracked: 18718.583ms

Application.AssetDatabase Initial Refresh End
Scanning for USB devices : 6.900ms
Initializing Unity extensions:
[Licensing::Client] Successfully resolved entitlement details
[MODES] ModeService[none].Initialize
[MODES] ModeService[none].LoadModes
[MODES] Loading mode Default (0) for mode-current-id-Seat 0A
Unloading 489 Unused Serialized files (Serialized files now loaded: 0)
Unloading 7906 unused Assets / (21.2 MB). Loaded Objects now: 8372.
Memory consumption went from 380.1 MB to 358.9 MB.
Total: 70.597000 ms (FindLiveObjects: 1.017500 ms CreateObjectMapping: 1.136800 ms MarkObjects: 52.982200 ms  DeleteObjects: 15.458400 ms)

[Licensing::Client] Successfully resolved entitlement details
Batchmode quit successfully invoked - shutting down!
Curl error 42: Callback aborted
Start importing ProjectSettings/EditorBuildSettings.asset using Guid(0000000000000000b000000000000000) (LibraryAssetImporter) -> (artifact id: '5aad2961e7b030cebc70bb864cbef060') in 0.0052681 seconds
Loading style catalogs (8)
	StyleSheets/Extensions/base/common.uss
	UIPackageResources/StyleSheets/Default/Variables/Public/common.uss
	StyleSheets/Northstar/common.uss
	StyleSheets/Extensions/fonts/inter.uss
	StyleSheets/Extensions/base/dark.uss
	UIPackageResources/StyleSheets/Default/Northstar/Palette/dark.uss
	Packages/com.unity.timeline/Editor/StyleSheets/Extensions/dark.uss
	Packages/com.unity.timeline/Editor/StyleSheets/Extensions/common.uss
Refreshing native plugins compatible for Editor in 6.47 ms, found 5 plugins.
Preloading 0 native plugins for Editor in 0.00 ms.
Asset Pipeline Refresh (id=288eaa9478e655449a5bd3e07596b922): Total: 0.248 seconds - Initiated by StopAssetImportingV2(NoUpdateAssetOptions)
[Physics::Module] Cleanup current backend.
[Physics::Module] Id: 0xf2b8ea05
Input System module state changed to: ShutdownInProgress.
Input System polling thread exited.
Input System module state changed to: Shutdown.
[Licensing::IpcConnector] LicenseClient-hyun0-6000.3.20-notifications channel disconnected successfully.
[Licensing::IpcConnector] LicenseClient-hyun0-6000.3.20 channel disconnected successfully.
AcceleratorClientConnectionCallback - disconnected - :0
Cleanup mono
Exiting batchmode successfully now!
Exiting without the bug reporter. Application will terminate with return code 0