line_id,scene_id,order,beat,line_type,speaker,text_ko,emotion,condition,choice_id,next_or_effect,stage_direction,voice_required,branch_group,implementation_note
P-01_001,P-01,1,opening,narration,NARRATION,엘리시움 호는 항구의 유리 지붕 너머에서 지나치게 새것처럼 빛나고 있었다.,observe,,,,PORT,N,,
P-01_002,P-01,2,opening,narration,NARRATION,"다니엘 머서는 탑승 줄에서 한 걸음 떨어져 있었다. 청록색 옷깃은 구겨져 있었고, 오른손은 주머니 속 진동을 계속 확인했다.",observe,,,,PORT,N,,
P-01_003,P-01,3,inspection,narration,NARRATION,[조사: 구겨진 초대장],observe,,,,PORT,N,,
P-01_004,P-01,4,inspection,inspection,ADRIAN,종이는 두 번 접혔다가 급히 펴졌다. 리처드의 전자서명은 선명하지만 발송 코드가 초대장 본문과 다른 서체다.,focused,,,,PORT,Y,,
P-01_005,P-01,5,evidence,system,SYSTEM,단서 획득: C-01 다니엘의 초대장,system,,,evidence:C-01,UI,N,,
P-01_006,P-01,6,inspection,narration,NARRATION,[조사: 암호화 메신저 알림],observe,,,,PORT,N,,
P-01_007,P-01,7,inspection,inspection,ADRIAN,"발신자 표시는 없다. 미리보기에는 ‘선미, 21시 이후. 회장이 혼자일 때’라고 적혀 있다.",focused,,,,PORT,Y,,
P-01_008,P-01,8,evidence,system,SYSTEM,단서 획득: 보조 단서: 익명 제보 알림,system,,,flag:anonymous_tip_preview,UI,N,,
P-01_009,P-01,9,meeting,dialogue,DANIEL,아드리안 베일. 휴가 중인 탐정까지 불렀다면 호손도 불안하긴 한 모양이군요.,dry,,,,PORT,Y,,
P-01_010,P-01,10,meeting,dialogue,ADRIAN,우리가 아는 사이였습니까?,calm,,,,PORT,Y,,
P-01_011,P-01,11,meeting,dialogue,DANIEL,아뇨. 하지만 이름은 압니다. 흔적보다 시간이 먼저 거짓말한다고 말한 형사.,wry,,,,PORT,Y,,
P-01_012,P-01,12,meeting,dialogue,ADRIAN,기사는 오래 남는 모양이군요. 기자보다도.,dry,,,,PORT,Y,,
P-01_013,P-01,13,warning,dialogue,DANIEL,이번 여행이 끝나면 제 기사도 오래 남을 겁니다. 리처드 호손은 감옥에 있거나 바다에 있겠죠.,warning,,,,PORT,Y,,
P-01_014,P-01,14,warning,dialogue,ADRIAN,그 확신은 어디서 왔습니까?,focused,,,,PORT,Y,,
P-01_015,P-01,15,warning,dialogue,DANIEL,"15년 전 오르페우스 호. 보험금, 매수된 조사관, 사라진 항해 데이터. 누군가 제게 원본이 아직 배 안에 있다고 알려왔습니다.",intense,,,,PORT,Y,,
P-01_016,P-01,16,warning,dialogue,ADRIAN,익명 제보자를 믿습니까?,skeptical,,,,PORT,Y,,
P-01_017,P-01,17,warning,dialogue,DANIEL,사람은 안 믿습니다. 문서와 겁먹은 반응을 믿죠. 리처드는 제 이름을 듣자마자 승선 명단을 다시 보게 될 겁니다.,confident,,,,PORT,Y,,
P-01_018,P-01,18,trust_bonus,dialogue,DANIEL,"혹시 제가 약속 시간에 나타나지 않으면, 제 객실의 예약 기사를 먼저 보세요. 태블릿은 제가 가진 것 중 가장 위험한 물건입니다.",low,trust_daniel>=3,,,PORT,Y,,
P-01_019,P-01,19,choice_setup,dialogue,DANIEL,"한 가지만 기억하세요. 이 배에서 누가 무엇을 숨기는지보다, 누가 무엇을 너무 친절하게 설명하는지가 중요합니다.",warning,,,,PORT,Y,,
P-01_020,P-01,20,choice,choice,PLAYER_CHOICE,그의 경고를 진지하게 듣기,choice,,P-01_C1,trust_daniel:+1; flag:daniel_warning_taken,UI choice,N,P-01_WARN,
P-01_021,P-01,21,choice,choice,PLAYER_CHOICE,농담으로 넘기기,choice,,P-01_C2,trust_daniel:-1; flag:daniel_warning_dismissed,UI choice,N,P-01_WARN,
P-01_022,P-01,22,choice_result,branch_response,ADRIAN,약속합니다. 당신이 사라지면 먼저 시간을 확인하죠. 그리고 당신의 확신도 의심하겠습니다.,serious,choice(P-01_C1),,trust_daniel:+1,PORT,Y,P-01_WARN,
P-01_023,P-01,23,choice_result,branch_response,DANIEL,그 정도면 충분합니다. 제 편이 아니라 사실 편에 서주세요.,relieved,choice(P-01_C1),,,PORT,Y,P-01_WARN,
P-01_024,P-01,24,choice_result,branch_response,ADRIAN,"감옥과 바다 중 하나라니, 크루즈 홍보 문구로는 지나치게 정직하군요.",dry,choice(P-01_C2),,trust_daniel:-1,PORT,Y,P-01_WARN,
P-01_025,P-01,25,choice_result,branch_response,DANIEL,웃어두세요. 항구를 벗어나면 선택지가 줄어듭니다.,cold,choice(P-01_C2),,,PORT,Y,P-01_WARN,
P-01_026,P-01,26,close,system,SYSTEM,튜토리얼 완료: 관찰한 사물과 대화 키워드가 단서 보드에 등록됩니다.,system,,,scene_unlock:P-02,UI,N,,
P-02_001,P-02,1,opening,narration,NARRATION,승선 통로의 금속 바닥이 발걸음마다 낮게 울렸다. 이블린 쇼는 줄의 흐름을 멈추지 않은 채 명단을 수정하고 있었다.,observe,P-01,,,GANGWAY,N,,
P-02_002,P-02,2,check_in,dialogue,EVELYN,머서 씨. 등록된 동반 취재진은 없군요. 수하물 검사는 일반 승객과 동일하게 진행됩니다.,polite,,,,GANGWAY,Y,,
P-02_003,P-02,3,check_in,dialogue,DANIEL,초대한 쪽이 제 장비 목록까지 모르는 모양이네요.,dry,,,,GANGWAY,Y,,
P-02_004,P-02,4,check_in,dialogue,EVELYN,회장님의 초대는 재량이 넓습니다. 행정은 그보다 좁고요.,controlled,,,,GANGWAY,Y,,
P-02_005,P-02,5,richard_arrives,dialogue,RICHARD,머서? 누가 이 사람을—,startled,,,,GANGWAY,Y,,
P-02_006,P-02,6,richard_arrives,dialogue,EVELYN,회장님 명의의 특별 초청입니다. 전자서명도 일치합니다.,calm,,,,GANGWAY,Y,,
P-02_007,P-02,7,richard_arrives,dialogue,RICHARD,나는 그런 초대를 승인한 기억이 없소.,uneasy,,,,GANGWAY,Y,,
P-02_008,P-02,8,richard_arrives,dialogue,DANIEL,"기억은 기록보다 편리하죠, 호손 회장님.",provoking,,,,GANGWAY,Y,,
P-02_009,P-02,9,inspection,narration,NARRATION,[조사: 승선 명단],observe,,,,GANGWAY,N,,
P-02_010,P-02,10,inspection,inspection,ADRIAN,다니엘의 이름은 인쇄가 아니라 검은 잉크로 끼워 넣었다. 수정 이니셜 ‘이·에스’가 옆 칸에 남아 있다.,focused,,,,GANGWAY,Y,,
P-02_011,P-02,11,evidence,system,SYSTEM,단서 획득: 보조 단서: 수기 수정된 명단,system,,,flag:secretariat_access,UI,N,,
P-02_012,P-02,12,inspection,narration,NARRATION,[조사: 전자서명 검증창],observe,,,,GANGWAY,N,,
P-02_013,P-02,13,inspection,inspection,ADRIAN,서명 키는 리처드 개인 키가 맞다. 다만 발송 서버는 회장실이 아니라 비서실 게이트웨이다.,focused,,,,GANGWAY,Y,,
P-02_014,P-02,14,evidence,system,SYSTEM,단서 획득: C-01 다니엘의 초대장,system,,,evidence:C-01; flag:secretariat_server,UI,N,,
P-02_015,P-02,15,choice,choice,PLAYER_CHOICE,이블린에게 명단 수정자를 묻기,choice,,P-02_C1,flag:secretariat_authority,UI choice,N,P-02_ASK,
P-02_016,P-02,16,interrogation,branch_response,ADRIAN,명단의 수정 이니셜이 E·S입니다. 직접 고치셨습니까?,focused,choice(P-02_C1),,,GANGWAY,Y,P-02_ASK,
P-02_017,P-02,17,interrogation,branch_response,EVELYN,네. 탑승 지연을 막기 위한 행정 처리였습니다. 서명이 진짜라면 명단이 늦은 쪽이 문제니까요.,matter_of_fact,choice(P-02_C1),,,GANGWAY,Y,P-02_ASK,
P-02_018,P-02,18,interrogation,branch_response,ADRIAN,발송 서버도 비서실입니다.,press,choice(P-02_C1),,,GANGWAY,Y,P-02_ASK,
P-02_019,P-02,19,interrogation,branch_response,EVELYN,회장님 서신 대부분은 제 부서가 발송합니다. 권한과 의도가 같은 것은 아닙니다.,controlled,choice(P-02_C1),,flag:secretariat_authority,GANGWAY,Y,P-02_ASK,
P-02_020,P-02,20,close,dialogue,RICHARD,"베일, 내 스위트로 오시오. 지금 당장.",irritated,,,,GANGWAY,Y,,
P-02_021,P-02,21,trust_bonus,dialogue,DANIEL,당황은 기록보다 빨리 나타나죠. 봤습니까?,low,trust_daniel>=3,,,GANGWAY,Y,,
P-02_022,P-02,22,trust_bonus,dialogue,ADRIAN,봤습니다. 누가 초대했는지는 아직 못 봤지만.,calm,trust_daniel>=3,,,GANGWAY,Y,,
P-02_023,P-02,23,close,system,SYSTEM,플래그 획득: 비서실 발송 권한. 리처드의 초청 부인과 함께 저장되었습니다.,system,,,scene_unlock:P-03,UI,N,,
P-03_001,P-03,1,opening,narration,NARRATION,리처드의 스위트는 바다가 아니라 오래된 선박 사진을 향해 꾸며져 있었다. 가장 가까운 액자에는 젊은 리처드와 아들 줄리언이 서 있었다.,observe,P-02,,,DECK10_SUITE,N,,
P-03_002,P-03,2,briefing,dialogue,RICHARD,머서는 초대받지 않았소. 그자가 배에 오른 건 누군가 내 이름을 훔쳤기 때문이오.,defensive,,,,DECK10_SUITE,Y,,
P-03_003,P-03,3,briefing,dialogue,ADRIAN,그 누군가가 당신의 전자서명과 비서실 서버를 썼습니다.,focused,,,,DECK10_SUITE,Y,,
P-03_004,P-03,4,briefing,dialogue,RICHARD,그래서 당신을 부른 거요. 경찰을 부르면 출항 전부터 회사 주가가 침몰할 테니까.,bitter,,,,DECK10_SUITE,Y,,
P-03_005,P-03,5,inspection,narration,NARRATION,[조사: 익명 협박장],observe,,,,DECK10_SUITE,N,,
P-03_006,P-03,6,inspection,inspection,ADRIAN,활자 인쇄물이다. ‘가라앉은 것은 배가 아니라 진실이다. 이번 항해에서 비용을 치르게 될 것이다.’라는 문장이 적혀 있다.,focused,,,,DECK10_SUITE,Y,,
P-03_007,P-03,7,evidence,system,SYSTEM,단서 획득: 보조 단서: 협박장 문구,system,,,flag:threat_wording,UI,N,,
P-03_008,P-03,8,inspection,narration,NARRATION,[조사: 줄리언의 사진],observe,,,,DECK10_SUITE,N,,
P-03_009,P-03,9,inspection,inspection,ADRIAN,"사진 뒤편에 ‘오르페우스 호 진수식, 15년 전’이라고 적혀 있다. 리처드의 엄지가 액자 가장자리를 반복해서 문질렀다.",focused,,,,DECK10_SUITE,Y,,
P-03_010,P-03,10,evidence,system,SYSTEM,단서 획득: 보조 단서: 줄리언 사진,system,,,flag:julian_photo,UI,N,,
P-03_011,P-03,11,orpheus,dialogue,ADRIAN,오르페우스 호 사고의 공식 설명을 직접 듣겠습니다.,calm,,,,DECK10_SUITE,Y,,
P-03_012,P-03,12,orpheus,dialogue,RICHARD,"폭풍 속 기관 고장. 밸러스트 제어 실패. 내 아들 줄리언이 현장 책임자였소. 그는 구조 과정에서 죽었고, 회사는 모든 배상을 마쳤소.",formal,,,,DECK10_SUITE,Y,,
P-03_013,P-03,13,orpheus,dialogue,ADRIAN,조사관 매수 의혹은요?,press,,,,DECK10_SUITE,Y,,
P-03_014,P-03,14,orpheus,dialogue,RICHARD,언론의 상상력이오.,cold,,,,DECK10_SUITE,Y,,
P-03_015,P-03,15,orpheus,dialogue,ADRIAN,머서는 상상력을 문서로 묶어 왔습니다.,dry,,,,DECK10_SUITE,Y,,
P-03_016,P-03,16,choice_setup,dialogue,RICHARD,그 문서를 찾아오시오. 그리고 누가 내 이름으로 그자를 불렀는지 밝혀내시오.,commanding,,,,DECK10_SUITE,Y,,
P-03_017,P-03,17,choice,choice,PLAYER_CHOICE,보수를 묻기,choice,,P-03_C1,trust_richard:-1; flag:contract_fee,UI choice,N,P-03_TOPIC,
P-03_018,P-03,18,choice,choice,PLAYER_CHOICE,아들에 관해 묻기,choice,,P-03_C2,trust_richard:+1; flag:julian_empathy,UI choice,N,P-03_TOPIC,
P-03_019,P-03,19,choice_result,branch_response,ADRIAN,회사와 가족의 비밀을 동시에 지키는 일입니다. 보수도 둘 몫이겠군요.,businesslike,choice(P-03_C1),,,DECK10_SUITE,Y,P-03_TOPIC,
P-03_020,P-03,20,choice_result,branch_response,RICHARD,결과를 가져오면 액수는 문제가 아니오. 충성심을 사려는 건 아니니 안심하시오.,offended,choice(P-03_C1),,trust_richard:-1,DECK10_SUITE,Y,P-03_TOPIC,
P-03_021,P-03,21,choice_result,branch_response,ADRIAN,"줄리언이 정말 책임자였다고 믿습니까, 아니면 그렇게 믿어야 했습니까?",gentle,choice(P-03_C2),,,DECK10_SUITE,Y,P-03_TOPIC,
P-03_022,P-03,22,choice_result,branch_response,RICHARD,그 아이는 마지막까지 내게 연락하지 않았소. 침묵은 죄책감과 닮았지. 너무 닮아서 나는 둘을 구분하지 못했소.,pained,choice(P-03_C2),,trust_richard:+1,DECK10_SUITE,Y,P-03_TOPIC,
P-03_023,P-03,23,close,dialogue,RICHARD,"베일. 회사의 이름은 지켜도 좋지만, 내 아들의 이름을 함부로 다루지는 마시오.",warning,,,,DECK10_SUITE,Y,,
P-03_024,P-03,24,close,dialogue,ADRIAN,이름은 증거가 아닙니다. 그 점은 누구에게나 공평하죠.,calm,,,,DECK10_SUITE,Y,,
P-03_025,P-03,25,close,system,SYSTEM,의뢰 등록: 익명 협박과 위조 초대 조사. 리처드 신뢰도 분기가 저장되었습니다.,system,,,scene_unlock:D1-01,UI,N,,
D1-01_001,D1-01,1,opening,narration,NARRATION,아트리움의 유리 천장 아래에서 승객들은 샴페인과 승선 안내서를 바꿔 들고 있었다. 네 사람은 같은 공간에 있으면서 서로 다른 배를 타고 있는 얼굴이었다.,observe,P-03,,,DECK8_ATRIUM,N,,
D1-01_002,D1-01,2,tutorial,system,SYSTEM,자유 대화: 네 인물 모두에게 말을 걸면 심문 키워드가 해금됩니다.,tutorial,,,,Dialogue UI,N,,
D1-01_003,D1-01,3,choice,choice,PLAYER_CHOICE,클레어와 대화,choice,,D1-01_CLAIRE,keyword:corporate_funds; flag:met_claire,UI choice,N,D1-01_FREE,
D1-01_004,D1-01,4,choice,choice,PLAYER_CHOICE,마커스와 대화,choice,,D1-01_MARCUS,keyword:security_routes; flag:met_marcus,UI choice,N,D1-01_FREE,
D1-01_005,D1-01,5,choice,choice,PLAYER_CHOICE,헬레나와 대화,choice,,D1-01_HELENA,keyword:medication; flag:met_helena,UI choice,N,D1-01_FREE,
D1-01_006,D1-01,6,choice,choice,PLAYER_CHOICE,오언과 대화,choice,,D1-01_OWEN,keyword:stabilizer; flag:met_owen,UI choice,N,D1-01_FREE,
D1-01_007,D1-01,7,claire,branch_response,CLAIRE,아드리안 베일. 삼촌이 부른 탐정이군요. 회사 비밀을 찾으러 오셨다면 안내 책자부터 읽으세요. 거짓말이 가장 정돈된 형태로 실려 있으니까.,wry,choice(D1-01_CLAIRE),,,DECK8_ATRIUM,Y,D1-01_FREE,
D1-01_008,D1-01,8,claire,branch_response,ADRIAN,당신은 후계자라고 들었습니다.,calm,choice(D1-01_CLAIRE),,,DECK8_ATRIUM,Y,D1-01_FREE,
D1-01_009,D1-01,9,claire,branch_response,CLAIRE,예정된 후계자죠. 호손 가문에서는 예정과 결정 사이에 회계 장부 한 권이 들어갑니다.,guarded,choice(D1-01_CLAIRE),,,DECK8_ATRIUM,Y,D1-01_FREE,
D1-01_010,D1-01,10,claire,branch_response,ADRIAN,오늘 밤 어디에 있을 겁니까?,focused,choice(D1-01_CLAIRE),,,DECK8_ATRIUM,Y,D1-01_FREE,
D1-01_011,D1-01,11,claire,branch_response,CLAIRE,만찬 뒤에는 볼룸. 사람들 앞에서 웃고 있을 겁니다. 가장 확인하기 쉬운 알리바이죠.,light,choice(D1-01_CLAIRE),,keyword:claire_ballroom,DECK8_ATRIUM,Y,D1-01_FREE,
D1-01_012,D1-01,12,marcus,branch_response,MARCUS,승객용 구역과 서비스 구역을 구분해 주십시오. 길을 잃는 분들은 늘 ‘탐험 중이었다’고 말하더군요.,professional,choice(D1-01_MARCUS),,,DECK8_ATRIUM,Y,D1-01_FREE,
D1-01_013,D1-01,13,marcus,branch_response,ADRIAN,보안 카메라에 맹점이 있습니까?,focused,choice(D1-01_MARCUS),,,DECK8_ATRIUM,Y,D1-01_FREE,
D1-01_014,D1-01,14,marcus,branch_response,MARCUS,사람을 찍지 못하는 구역은 있어도 출입을 기록하지 못하는 문은 없습니다. 서비스 계단도 마찬가지입니다.,confident,choice(D1-01_MARCUS),,,DECK8_ATRIUM,Y,D1-01_FREE,
D1-01_015,D1-01,15,marcus,branch_response,ADRIAN,오늘 밤 당신 위치는요?,focused,choice(D1-01_MARCUS),,,DECK8_ATRIUM,Y,D1-01_FREE,
D1-01_016,D1-01,16,marcus,branch_response,MARCUS,21시부터 보안실. 파티 카메라와 승무원 통로를 동시에 봅니다.,neutral,choice(D1-01_MARCUS),,keyword:marcus_security,DECK8_ATRIUM,Y,D1-01_FREE,
D1-01_017,D1-01,17,helena,branch_response,HELENA,"배멀미약이 필요하신가요, 아니면 표정만 그렇게 심각하신가요?",warm,choice(D1-01_HELENA),,,DECK8_ATRIUM,Y,D1-01_FREE,
D1-01_018,D1-01,18,helena,branch_response,ADRIAN,의무실에서 자주 보는 표정입니까?,dry,choice(D1-01_HELENA),,,DECK8_ATRIUM,Y,D1-01_FREE,
D1-01_019,D1-01,19,helena,branch_response,HELENA,"출항 첫날에는 불안, 마지막 날에는 숙취가 많죠. 다니엘 머서는 이미 두 번 왔습니다. 잠을 못 잔다며 약을 요청했어요.",clinical,choice(D1-01_HELENA),,,DECK8_ATRIUM,Y,D1-01_FREE,
D1-01_020,D1-01,20,helena,branch_response,ADRIAN,무슨 약을 줬습니까?,focused,choice(D1-01_HELENA),,,DECK8_ATRIUM,Y,D1-01_FREE,
D1-01_021,D1-01,21,helena,branch_response,HELENA,약한 안정제. 처방량은 기록에 남습니다. 오늘 밤 저는 의무실과 파티장을 오갈 예정이고요.,neutral,choice(D1-01_HELENA),,keyword:daniel_sedative,DECK8_ATRIUM,Y,D1-01_FREE,
D1-01_022,D1-01,22,owen,branch_response,OWEN,유리 바닥 가운데 서지 마십시오. 멀쩡한데도 기관 진동을 느낀다고 신고하는 분들이 있습니다.,gruff,choice(D1-01_OWEN),,,DECK8_ATRIUM,Y,D1-01_FREE,
D1-01_023,D1-01,23,owen,branch_response,ADRIAN,실제로 느껴지는 진동은요?,curious,choice(D1-01_OWEN),,,DECK8_ATRIUM,Y,D1-01_FREE,
D1-01_024,D1-01,24,owen,branch_response,OWEN,"배는 거짓말을 못 합니다. 무게가 움직이면 안정화 장치가 보정하고, 문이 열리면 압력이 흔들리죠. 사람만 기록을 핑계로 거짓말합니다.",matter_of_fact,choice(D1-01_OWEN),,,DECK8_ATRIUM,Y,D1-01_FREE,
D1-01_025,D1-01,25,owen,branch_response,ADRIAN,오늘 밤은 어디에 있습니까?,focused,choice(D1-01_OWEN),,,DECK8_ATRIUM,Y,D1-01_FREE,
D1-01_026,D1-01,26,owen,branch_response,OWEN,"21시 반까지 무대 장비 점검, 그 뒤 기관 제어실. 행사 레일이 무거운 장식을 옮기니 진동 문의가 많을 겁니다.",neutral,choice(D1-01_OWEN),,keyword:event_rail,DECK8_ATRIUM,Y,D1-01_FREE,
D1-01_027,D1-01,27,close,monologue,ADRIAN,네 사람 모두 알리바이를 먼저 말했습니다. 묻기도 전에.,internal,"all_flags(met_claire,met_marcus,met_helena,met_owen)",,,DECK8_ATRIUM,Y,,
D1-01_028,D1-01,28,close,system,SYSTEM,심문 키워드 해금: 비자금 / 서비스 동선 / 안정제 / 안정화 장치.,system,"all_flags(met_claire,met_marcus,met_helena,met_owen)",,scene_unlock:D1-02,UI,N,,
D1-02_001,D1-02,1,opening,narration,NARRATION,만찬의 네 번째 코스가 놓이기도 전에 다니엘은 태블릿을 식탁 위에 세웠다. 화면에는 호손 해운의 계열사 송금 표가 떠 있었다.,observe,D1-01,,,DECK9_DINING,N,,
D1-02_002,D1-02,2,argument,dialogue,DANIEL,"유령 회사 셋, 같은 날 분산 송금, 최종 수취인은 호손 가족 신탁. 우연치고는 회계사가 너무 부지런하군요.",provoking,,,,DECK9_DINING,Y,,
D1-02_003,D1-02,3,argument,dialogue,CLAIRE,그 자료는 감사 전 초안입니다. 출처를 공개하지 않으면 명예훼손으로 끝날 겁니다.,cold,,,,DECK9_DINING,Y,,
D1-02_004,D1-02,4,argument,dialogue,DANIEL,"출처는 당신 회사 안에 있습니다. 이름은 밝히지 않겠지만, 매일 당신 곁에서 서류를 정리하는 사람일 수도 있죠.",sharp,,,,DECK9_DINING,Y,,
D1-02_005,D1-02,5,argument,dialogue,EVELYN,"다니엘, 다른 승객들이 식사 중입니다. 업무 이야기는 적절한 장소에서 하시죠.",controlled,,,,DECK9_DINING,Y,,
D1-02_006,D1-02,6,argument,dialogue,DANIEL,적절한 장소는 늘 권력이 정합니다. 그래서 저는 부적절한 장소를 좋아합니다.,defiant,,,,DECK9_DINING,Y,,
D1-02_007,D1-02,7,argument,dialogue,CLAIRE,당신은 오르페우스 호를 핑계로 우리 회사 전체를 범죄 조직처럼 쓰고 있어요.,angry,,,,DECK9_DINING,Y,,
D1-02_008,D1-02,8,argument,dialogue,DANIEL,범죄 조직은 보통 기록을 더 잘 관리합니다.,dry,,,,DECK9_DINING,Y,,
D1-02_009,D1-02,9,choice,choice,PLAYER_CHOICE,끼어들기,choice,,D1-02_C1,hostility_claire:+1; flag:intervened_dinner,UI choice,N,D1-02_INTERVENE,
D1-02_010,D1-02,10,choice,choice,PLAYER_CHOICE,관찰하기,choice,,D1-02_C2,hostility_claire:-1; flag:observed_dinner,UI choice,N,D1-02_INTERVENE,
D1-02_011,D1-02,11,choice_result,branch_response,ADRIAN,"기사 초안과 식사를 같은 테이블에 올리면 둘 다 망칩니다. 다니엘, 출처가 실제로 존재한다는 증거부터 보여주세요.",firm,choice(D1-02_C1),,,DECK9_DINING,Y,D1-02_INTERVENE,
D1-02_012,D1-02,12,choice_result,branch_response,DANIEL,암호화 채팅과 내부 문서의 대조본이 있습니다. 하지만 원본은 아직 못 받았습니다.,reluctant,choice(D1-02_C1),,,DECK9_DINING,Y,D1-02_INTERVENE,
D1-02_013,D1-02,13,choice_result,branch_response,CLAIRE,탐정까지 그 사람 편이군요.,resentful,choice(D1-02_C1),,hostility_claire:+1,DECK9_DINING,Y,D1-02_INTERVENE,
D1-02_014,D1-02,14,choice_result,branch_response,NARRATION,"클레어는 와인잔을 들었지만 마시지 않았다. 다니엘이 ‘내부 문서’라고 말한 순간, 그녀의 시선은 그의 태블릿 가방으로 내려갔다.",observe,choice(D1-02_C2),,,DECK9_DINING,N,D1-02_INTERVENE,
D1-02_015,D1-02,15,choice_result,branch_response,NARRATION,"이블린은 언쟁이 격해질수록 오히려 조용해졌다. 단 한 번, 다니엘이 ‘익명 제보자’라고 말했을 때만 손가락이 멈췄다.",observe,choice(D1-02_C2),,,DECK9_DINING,N,D1-02_INTERVENE,
D1-02_016,D1-02,16,choice_result,monologue,ADRIAN,말보다 시선이 많군.,internal,choice(D1-02_C2),,hostility_claire:-1; flag:evelyn_reacts_to_tip,DECK9_DINING,Y,D1-02_INTERVENE,
D1-02_017,D1-02,17,inspection,narration,NARRATION,[조사: 기사 초안 화면],observe,,,,DECK9_DINING,N,,
D1-02_018,D1-02,18,inspection,inspection,ADRIAN,"제목은 ‘오르페우스 호는 사고가 아니었다’. 리처드의 이름이 굵게 표시되어 있고, 근거 항목 일부는 ‘익명 제보 대기’로 비어 있다.",focused,,,,DECK9_DINING,Y,,
D1-02_019,D1-02,19,evidence,system,SYSTEM,단서 획득: 보조 단서: 비자금 기사,system,,,flag:article_draft_seen,UI,N,,
D1-02_020,D1-02,20,foreshadow,dialogue,DANIEL,오늘 밤 원본을 받습니다. 그러면 빈칸도 채워지겠죠.,confident,,,,DECK9_DINING,Y,,
D1-02_021,D1-02,21,foreshadow,dialogue,ADRIAN,장소는요?,focused,,,,DECK9_DINING,Y,,
D1-02_022,D1-02,22,foreshadow,dialogue,DANIEL,제보자가 바꿨습니다. 파티 중에 다시 연락한다고 했어요.,guarded,,,,DECK9_DINING,Y,,
D1-02_023,D1-02,23,motif,dialogue,EVELYN,사실은 언제나 비용을 요구합니다. 그 비용을 누가 치를지 생각해 보시길 바랍니다.,cool,,,,DECK9_DINING,Y,,
D1-02_024,D1-02,24,motif,dialogue,DANIEL,"그 문장, 제 제보자도 좋아하더군요.",suspicious,,,,DECK9_DINING,Y,,
D1-02_025,D1-02,25,motif,dialogue,EVELYN,좋은 문장은 널리 쓰이는 법이죠.,smile,,,,DECK9_DINING,Y,,
D1-02_026,D1-02,26,close,system,SYSTEM,단서 등록: 비자금 기사 / 익명 제보 언급 / 이블린의 표현 습관(미확정).,system,,,scene_unlock:D1-03,UI,N,,
D1-03_001,D1-03,1,opening,narration,NARRATION,"볼룸의 천장 레일에서는 별 모양 장식이 천천히 회전했다. 카메라 세 대가 무대를 향했고, 한 대는 출입문과 바를 함께 담고 있었다.",observe,D1-02,,,DECK9_BALLROOM,N,,
D1-03_002,D1-03,2,rail_foreshadow,dialogue,OWEN,장식 아래 서지 마십시오. 정격은 충분하지만 사람들은 ‘충분’이라는 말을 들으면 꼭 시험해 봅니다.,gruff,,,,DECK9_BALLROOM,Y,,
D1-03_003,D1-03,3,inspection,narration,NARRATION,[조사: 천장 행사 레일],observe,,,,DECK9_BALLROOM,N,,
D1-03_004,D1-03,4,inspection,inspection,ADRIAN,조명과 장식물을 무대 뒤 서비스 구역에서 끌어오는 레일이다. 호라이즌 룸 방향 분기 표시는 행사 지도에서 잘려 있다.,focused,,,,DECK9_BALLROOM,Y,,
D1-03_005,D1-03,5,evidence,system,SYSTEM,단서 획득: 보조 단서: 행사 레일 구조,system,,,flag:event_rail_seen,UI,N,,
D1-03_006,D1-03,6,inspection,narration,NARRATION,[조사: 파티 카메라 배치],observe,,,,DECK9_BALLROOM,N,,
D1-03_007,D1-03,7,inspection,inspection,ADRIAN,주 출입문과 바는 촬영되지만 천장 상부와 서비스 도어 안쪽은 프레임 밖이다.,focused,,,,DECK9_BALLROOM,Y,,
D1-03_008,D1-03,8,evidence,system,SYSTEM,단서 획득: 보조 단서: 카메라 배치,system,,,flag:ballroom_camera_map,UI,N,,
D1-03_009,D1-03,9,alibis,dialogue,CLAIRE,모두가 사진을 찍는 날에는 거짓말하기가 더 어렵죠.,light,,,,DECK9_BALLROOM,Y,,
D1-03_010,D1-03,10,alibis,dialogue,EVELYN,그래서 공식 사진팀이 5분 간격으로 촬영합니다. 행사 기록은 분쟁을 줄여 줍니다.,controlled,,,,DECK9_BALLROOM,Y,,
D1-03_011,D1-03,11,alibis,dialogue,ADRIAN,당신도 계속 사진에 찍히겠군요.,focused,,,,DECK9_BALLROOM,Y,,
D1-03_012,D1-03,12,alibis,dialogue,EVELYN,21시부터 22시 30분까지요. 회장님 일정도 제가 관리합니다.,matter_of_fact,,,,DECK9_BALLROOM,Y,,
D1-03_013,D1-03,13,alibis,dialogue,RICHARD,내 잔이나 관리해. 일정은 내가 알아서 하지.,drunk_irritated,,,,DECK9_BALLROOM,Y,,
D1-03_014,D1-03,14,alibis,dialogue,HELENA,"회장님, 오늘은 그 잔이 네 번째입니다.",clinical,,,,DECK9_BALLROOM,Y,,
D1-03_015,D1-03,15,alibis,dialogue,RICHARD,의사까지 증인이군.,bitter,,,,DECK9_BALLROOM,Y,,
D1-03_016,D1-03,16,alibis,dialogue,DANIEL,증인은 많을수록 좋습니다. 특히 기억이 흐린 사람 곁에는.,provoking,,,,DECK9_BALLROOM,Y,,
D1-03_017,D1-03,17,daniel,dialogue,ADRIAN,"다니엘, 제보 연락은 왔습니까?",low,,,,DECK9_BALLROOM,Y,,
D1-03_018,D1-03,18,trust_bonus,dialogue,DANIEL,아직. 대신 누군가 제 객실 문을 열어 보려 했습니다. 실패했지만요.,uneasy,trust_daniel>=3,,,DECK9_BALLROOM,Y,,
D1-03_019,D1-03,19,choice_setup,dialogue,DANIEL,연락이 오면 혼자 움직이겠습니다. 당신이 따라오면 제보자는 사라져요.,firm,,,,DECK9_BALLROOM,Y,,
D1-03_020,D1-03,20,choice,choice,PLAYER_CHOICE,다니엘을 추적,choice,,D1-03_C1,priority:service_route; flag:followed_daniel,UI choice,N,D1-03_PATH,
D1-03_021,D1-03,21,choice,choice,PLAYER_CHOICE,파티 인물을 탐문,choice,,D1-03_C2,priority:party_alibis; flag:questioned_party,UI choice,N,D1-03_PATH,
D1-03_022,D1-03,22,path,branch_response,ADRIAN,"혼자 움직인다고 했지, 혼자 두겠다고는 안 했습니다.",dry,choice(D1-03_C1),,,DECK9_BALLROOM,Y,D1-03_PATH,
D1-03_023,D1-03,23,path,branch_response,NARRATION,"다니엘은 잔을 내려놓고 서비스 도어 쪽으로 향했다. 21시 22분, 그의 메신저 화면이 한 번 밝아졌다.",observe,choice(D1-03_C1),,scene_priority:D1-04,DECK9_BALLROOM,N,D1-03_PATH,
D1-03_024,D1-03,24,path,branch_response,ADRIAN,사진 기록은 알리바이가 아니라 시간표입니다. 다들 언제 프레임에서 사라졌는지부터 확인하죠.,focused,choice(D1-03_C2),,,DECK9_BALLROOM,Y,D1-03_PATH,
D1-03_025,D1-03,25,path,branch_response,NARRATION,"공식 사진에는 이블린이 21:05, 21:10, 21:15, 21:20에 연속으로 찍혀 있었다. 리처드는 같은 시간대에 바에서 술을 받고 있었다.",observe,choice(D1-03_C2),,scene_priority:D1-05; evidence:photo_sequence,DECK9_BALLROOM,N,D1-03_PATH,
D1-03_026,D1-03,26,close,dialogue,MARCUS,서비스 도어가 열렸습니다. 승인 없는 승객 태그입니다.,alert,,,,DECK9_BALLROOM,Y,,
D1-03_027,D1-03,27,close,dialogue,ADRIAN,다니엘이군요.,focused,,,,DECK9_BALLROOM,Y,,
D1-03_028,D1-03,28,close,system,SYSTEM,우선 단서가 설정되었습니다. 두 경로는 모두 회수 가능하지만 먼저 선택한 경로의 정보가 더 직접적으로 제공됩니다.,system,,,"scene_unlock:D1-04,D1-05",UI,N,,
D1-04_001,D1-04,1,opening,narration,NARRATION,음악은 서비스 도어가 닫히자 즉시 벽 뒤로 밀려났다. 좁은 복도에는 세탁 카트와 행사 장비 표식만 남아 있었다.,observe,D1-03,,,SERVICE7,N,,
D1-04_002,D1-04,2,crew,dialogue,CREW_ATTENDANT,"손님, 이 구역은 승무원 전용입니다.",nervous,,,,SERVICE7,Y,,
D1-04_003,D1-04,3,crew,dialogue,ADRIAN,검은 코트를 입은 기자가 지나갔습니까?,focused,,,,SERVICE7,Y,,
D1-04_004,D1-04,4,crew,dialogue,CREW_ATTENDANT,네. 휴대폰을 보면서 아래층 계단으로 갔어요. 누가 기다린다고 했습니다.,helpful,,,,SERVICE7,Y,,
D1-04_005,D1-04,5,crew,dialogue,ADRIAN,혼자였습니까?,focused,,,,SERVICE7,Y,,
D1-04_006,D1-04,6,crew,dialogue,CREW_ATTENDANT,제가 본 건 혼자였습니다. 문은 다시 닫혔고요.,uncertain,,,,SERVICE7,Y,,
D1-04_007,D1-04,7,inspection,narration,NARRATION,[조사: 서비스 도어 로그],observe,,,,SERVICE7,N,,
D1-04_008,D1-04,8,inspection,inspection,ADRIAN,21:22:14 승객 태그 임시 승인. 승인 출처는 ‘행사 운영 계정’. 다니엘의 태그가 7층 방향으로 통과했다.,focused,,,,SERVICE7,Y,,
D1-04_009,D1-04,9,evidence,system,SYSTEM,단서 획득: 보조 단서: 서비스 출입문 개폐 로그,system,,,flag:daniel_service7_2122,UI,N,,
D1-04_010,D1-04,10,inspection,narration,NARRATION,[조사: 계단 표지판],observe,,,,SERVICE7,N,,
D1-04_011,D1-04,11,inspection,inspection,ADRIAN,아래층에는 밸러스트 제어 별실과 기관 구역이 있다. 위쪽 화살표는 행사 레일 점검 통로를 가리킨다.,focused,,,,SERVICE7,Y,,
D1-04_012,D1-04,12,evidence,system,SYSTEM,단서 획득: 보조 단서: 밸러스트 방향 표지,system,,,flag:ballast_sign_seen,UI,N,,
D1-04_013,D1-04,13,crew,dialogue,ADRIAN,임시 승인은 누가 발급할 수 있죠?,focused,,,,SERVICE7,Y,,
D1-04_014,D1-04,14,crew,dialogue,CREW_ATTENDANT,행사 운영 책임자나 보안 책임자요. 오늘 책임자는 쇼 이사님입니다.,nervous,,,,SERVICE7,Y,,
D1-04_015,D1-04,15,choice,choice,PLAYER_CHOICE,경비에게 알리기,choice,,D1-04_C1,discovery_time:early; flag:security_alerted,UI choice,N,D1-04_METHOD,
D1-04_016,D1-04,16,choice,choice,PLAYER_CHOICE,몰래 추적,choice,,D1-04_C2,discovery_time:late; flag:stealth_follow,UI choice,N,D1-04_METHOD,
D1-04_017,D1-04,17,choice_result,branch_response,ADRIAN,보안실에 연락하세요. 다니엘 머서가 승인되지 않은 서비스 구역으로 들어갔다고.,commanding,choice(D1-04_C1),,,SERVICE7,Y,D1-04_METHOD,
D1-04_018,D1-04,18,choice_result,branch_response,CREW_ATTENDANT,알겠습니다. 벨 씨가 바로 확인할 겁니다.,relieved,choice(D1-04_C1),,discovery_time:early,SERVICE7,Y,D1-04_METHOD,
D1-04_019,D1-04,19,choice_result,branch_response,ADRIAN,아직 알리지 마세요. 누가 그를 기다리는지 먼저 보겠습니다.,low,choice(D1-04_C2),,,SERVICE7,Y,D1-04_METHOD,
D1-04_020,D1-04,20,choice_result,branch_response,NARRATION,"아래층에서 금속문이 닫히는 소리가 났다. 뒤이어 짧은 공기 배출음이 들렸지만, 파티 음악이 다시 커지며 삼켰다.",observe,choice(D1-04_C2),,flag:heard_gas_vent; discovery_time:late,SERVICE7,N,D1-04_METHOD,
D1-04_021,D1-04,21,close,monologue,ADRIAN,발소리는 하나뿐이었다. 돌아오는 소리는 없고.,internal,,,,SERVICE7,Y,,
D1-04_022,D1-04,22,close,system,SYSTEM,다니엘의 마지막 확인 동선: 21:22 7층 서비스 구역 → 7층 아래 방향.,system,,,scene_unlock:D1-05,UI,N,,
D1-05_001,D1-05,1,opening,narration,NARRATION,22시 35분. 음악이 느린 곡으로 바뀔 때 이블린은 리처드의 귀 가까이 몸을 기울였다.,observe,D1-03,,,DECK9_BALLROOM,N,,
D1-05_002,D1-05,2,message,dialogue,EVELYN,"회장님, 머서 씨가 호라이즌 룸에서 기다립니다. ‘오르페우스 호 원본’ 문제로 혼자 말씀드리겠다고 합니다.",low,,,,DECK9_BALLROOM,Y,,
D1-05_003,D1-05,3,message,dialogue,RICHARD,내가 부른 적 없다고 했잖아.,irritated,,,,DECK9_BALLROOM,Y,,
D1-05_004,D1-05,4,message,dialogue,EVELYN,메시지는 회장님 계정에서 발송되었습니다. 지금 무시하면 그가 공개석상으로 돌아올 겁니다.,controlled,,,,DECK9_BALLROOM,Y,,
D1-05_005,D1-05,5,message,dialogue,RICHARD,"젠장. 베일, 같이 가시오.",uneasy,,,,DECK9_BALLROOM,Y,,
D1-05_006,D1-05,6,inspection,dialogue,ADRIAN,메시지 원문을 보겠습니다.,focused,,,,DECK9_BALLROOM,Y,,
D1-05_007,D1-05,7,inspection,dialogue,EVELYN,회장님의 개인 통신입니다.,cool,,,,DECK9_BALLROOM,Y,,
D1-05_008,D1-05,8,inspection,dialogue,ADRIAN,방금 그 통신을 근거로 사람을 움직이려 했습니다. 이제 사건 동선입니다.,firm,,,,DECK9_BALLROOM,Y,,
D1-05_009,D1-05,9,inspection,narration,NARRATION,[조사: 리처드 명의 메시지],observe,,,,DECK9_BALLROOM,N,,
D1-05_010,D1-05,10,inspection,inspection,ADRIAN,‘22:40 호라이즌 룸. 원본을 가져오시오. 혼자.’ 발신 표시는 리처드지만 전달 헤더가 비서실 예약 발송 포맷과 같다.,focused,,,,DECK9_BALLROOM,Y,,
D1-05_011,D1-05,11,evidence,system,SYSTEM,단서 획득: 보조 단서: 리처드 명의 메시지,system,,,flag:richard_message_forged,UI,N,,
D1-05_012,D1-05,12,message,dialogue,RICHARD,이 문장은 내가 쓰는 말투가 아니오.,angry,,,,DECK9_BALLROOM,Y,,
D1-05_013,D1-05,13,message,dialogue,EVELYN,계정이 탈취되었을 가능성을 확인하겠습니다.,controlled,,,,DECK9_BALLROOM,Y,,
D1-05_014,D1-05,14,message,dialogue,ADRIAN,발송 시각은 22시 31분. 당신은 그때 사진에 찍혀 있었습니다.,focused,,,,DECK9_BALLROOM,Y,,
D1-05_015,D1-05,15,message,dialogue,EVELYN,예약 발송이라면 사진은 무관하죠.,matter_of_fact,,,,DECK9_BALLROOM,Y,,
D1-05_016,D1-05,16,message,dialogue,ADRIAN,그 가능성을 먼저 말하는군요.,suspicious,,,,DECK9_BALLROOM,Y,,
D1-05_017,D1-05,17,motif,dialogue,EVELYN,가능성을 정리하는 것이 제 일입니다.,smile,,,,DECK9_BALLROOM,Y,,
D1-05_018,D1-05,18,close,system,SYSTEM,"메타데이터 단서 등록: 발신 계정은 리처드, 예약 발송 템플릿은 비서실.",system,,,scene_unlock:D1-06,UI,N,,
D1-06_001,D1-06,1,opening,narration,NARRATION,"호라이즌 룸의 문은 반쯤 열려 있었다. 안쪽에서는 넘친 물이 카펫 끝까지 번졌고, 천장 조명 하나가 간헐적으로 깜빡였다.",observe,D1-05,,,HORIZON,N,,
D1-06_002,D1-06,2,discovery,dialogue,RICHARD,놀라지 마시오. 그리고 큰 소리를 내지 마시오.,shaken,,,,HORIZON,Y,,
D1-06_003,D1-06,3,discovery,dialogue,ADRIAN,문은 열려 있군요.,focused,,,,HORIZON,Y,,
D1-06_004,D1-06,4,discovery,dialogue,HELENA,비켜 주세요. 맥박 없습니다. 체온이 너무 낮아요.,urgent,,,,HORIZON,Y,,
D1-06_005,D1-06,5,discovery,dialogue,ADRIAN,피를 밟은 흔적이 피해자 것밖에 없습니다.,focused,,,,HORIZON,Y,,
D1-06_006,D1-06,6,discovery,dialogue,RICHARD,그렇다면 범인은 어디로 갔다는 거요?,frightened,,,,HORIZON,Y,,
D1-06_007,D1-06,7,discovery,dialogue,ADRIAN,그 질문부터 의심해야겠습니다.,calm,,,,HORIZON,Y,,
D1-06_008,D1-06,8,inspection,narration,NARRATION,[조사: 열린 출입문],observe,,,,HORIZON,N,,
D1-06_009,D1-06,9,inspection,inspection,ADRIAN,잠금은 해제되어 있고 강제 개방 흔적도 없다. 문턱의 젖은 카펫에는 들어온 신발 자국이 하나뿐이다.,focused,,,,HORIZON,Y,,
D1-06_010,D1-06,10,evidence,system,SYSTEM,단서 획득: C-02 열린 출입문,system,,,evidence:C-02,UI,N,,
D1-06_011,D1-06,11,inspection,narration,NARRATION,[조사: 혈흔과 시신 위치],observe,,,,HORIZON,N,,
D1-06_012,D1-06,12,inspection,inspection,ADRIAN,상처는 옆구리에 있지만 피 웅덩이의 중심은 어깨 위쪽으로 치우쳐 있다. 주변 벽에는 비산혈흔이 없다.,focused,,,,HORIZON,Y,,
D1-06_013,D1-06,13,evidence,system,SYSTEM,단서 획득: C-07 혈흔 중심,system,,,evidence:C-07_partial,UI,N,,
D1-06_014,D1-06,14,inspection,narration,NARRATION,[조사: 넘친 세면대],observe,,,,HORIZON,N,,
D1-06_015,D1-06,15,inspection,inspection,ADRIAN,수도는 약하게 열려 있고 배수구는 천 조각으로 막혀 있다. 물은 범행 은폐치고는 지나치게 느리게 퍼졌다.,focused,,,,HORIZON,Y,,
D1-06_016,D1-06,16,evidence,system,SYSTEM,단서 획득: 보조 단서: 넘친 물,system,,,flag:sink_overflow,UI,N,,
D1-06_017,D1-06,17,inspection,narration,NARRATION,[조사: 휴대 녹음기],observe,,,,HORIZON,N,,
D1-06_018,D1-06,18,inspection,inspection,ADRIAN,"마지막 파일에는 거친 숨소리 뒤로 ‘리…’에 가까운 음절이 남아 있다. 파일 생성 시각은 21:47, 방 발견보다 거의 한 시간 빠르다.",focused,,,,HORIZON,Y,,
D1-06_019,D1-06,19,evidence,system,SYSTEM,단서 획득: 보조 단서: 잘못된 다잉 메시지,system,,,flag:dying_message_R,UI,N,,
D1-06_020,D1-06,20,inspection,narration,NARRATION,[조사: 천장 장식 패널],observe,,,,HORIZON,N,,
D1-06_021,D1-06,21,inspection,inspection,ADRIAN,"한쪽 모서리의 먼지가 얇고, 나사 홈이 새로 긁혀 있다. 지금은 너무 높아 자세히 볼 수 없다.",focused,,,,HORIZON,Y,,
D1-06_022,D1-06,22,evidence,system,SYSTEM,단서 획득: 보조 단서: 천장 이상,system,,,flag:ceiling_suspicion,UI,N,,
D1-06_023,D1-06,23,choice,choice,PLAYER_CHOICE,즉시 봉쇄,choice,,D1-06_C1,evidenceIntegrity:+0; flag:scene_secured,UI choice,N,D1-06_PRESERVE,
D1-06_024,D1-06,24,choice,choice,PLAYER_CHOICE,먼저 시신 확인,choice,,D1-06_C2,evidenceIntegrity:-20; flag:scene_disturbed,UI choice,N,D1-06_PRESERVE,
D1-06_025,D1-06,25,choice_result,branch_response,ADRIAN,"아무도 들어오지 마십시오. 마커스에게 복도 봉쇄와 출입 기록 보존을 요청하세요. 헬레나, 현재 위치에서만 확인해 주세요.",commanding,choice(D1-06_C1),,,HORIZON,Y,D1-06_PRESERVE,
D1-06_026,D1-06,26,choice_result,branch_response,HELENA,알겠습니다. 사진부터 남기죠.,professional,choice(D1-06_C1),,flag:direct_blood_evidence,HORIZON,Y,D1-06_PRESERVE,
D1-06_027,D1-06,27,choice_result,branch_response,ADRIAN,"헬레나, 몸을 돌려 직접 사인을 확인해 주세요.",urgent,choice(D1-06_C2),,,HORIZON,Y,D1-06_PRESERVE,
D1-06_028,D1-06,28,choice_result,branch_response,NARRATION,"시신을 옮기는 동안 피 웅덩이 가장자리가 무너졌고, 리처드의 구두가 젖은 카펫에 한 번 닿았다.",observe,choice(D1-06_C2),,evidenceIntegrity:-20; flag:blood_pattern_indirect,HORIZON,N,D1-06_PRESERVE,
D1-06_029,D1-06,29,medical,dialogue,HELENA,"겉으로는 자상이 보이지만, 출혈량이 치명상치고 적습니다. 사망 시각도 지금 체온만으로는 장담 못 해요.",clinical,,,,HORIZON,Y,,
D1-06_030,D1-06,30,dying_message,dialogue,RICHARD,머서가 마지막으로 말한 게 내 이름이라면—,shaken,,,,HORIZON,Y,,
D1-06_031,D1-06,31,dying_message,dialogue,ADRIAN,‘리…’은 이름이 아니라 소리일 수도 있습니다. 결론부터 고르면 방이 우리에게 맞춰질 겁니다.,firm,,,,HORIZON,Y,,
D1-06_032,D1-06,32,close,system,SYSTEM,현장 상태 저장: 현장 보존도 분기. 핵심 오브젝트 5개가 조사 목록에 등록되었습니다.,system,,,scene_unlock:D1-07,UI,N,,
D1-07_001,D1-07,1,opening,narration,NARRATION,의무실 문이 닫히자 토머스 리드 선장은 모자를 벗어 진료대 위에 놓았다. 그 행동이 공식 회의보다 더 무거웠다.,observe,D1-06,,,MEDBAY,N,,
D1-07_002,D1-07,2,briefing,dialogue,THOMAS,"가까운 항구까지 열두 시간, 악천후로 접안 허가도 불확실합니다. 즉시 회항하면 승객 천이백 명이 이유를 묻게 됩니다.",grave,,,,MEDBAY,Y,,
D1-07_003,D1-07,3,briefing,dialogue,MARCUS,공식 발표는 급성 심정지로 준비할 수 있습니다. 객실 구역 통제도 최소화하고요.,professional,,,,MEDBAY,Y,,
D1-07_004,D1-07,4,briefing,dialogue,HELENA,그 발표에 제 이름은 넣지 마세요. 사인은 아직 모릅니다.,firm,,,,MEDBAY,Y,,
D1-07_005,D1-07,5,briefing,dialogue,RICHARD,베일가 조용히 조사하오. 다음 항구에서 당국에 넘기면 돼.,commanding,,,,MEDBAY,Y,,
D1-07_006,D1-07,6,briefing,dialogue,ADRIAN,조용히와 은폐는 종이 한 장 차이입니다.,cold,,,,MEDBAY,Y,,
D1-07_007,D1-07,7,briefing,dialogue,RICHARD,회사 전체가 패닉에 빠지는 걸 막자는 거요.,defensive,,,,MEDBAY,Y,,
D1-07_008,D1-07,8,systems,dialogue,THOMAS,배의 안전이 우선입니다. 승객 불안이 높아지면 제한구역 통제도 어려워집니다.,grave,,,,MEDBAY,Y,,
D1-07_009,D1-07,9,systems,dialogue,MARCUS,"보안 로그, 카메라, 승무원 출입 기록은 제공하겠습니다. 단, 승객에게는 급성 질환으로 고지합니다.",neutral,,,,MEDBAY,Y,,
D1-07_010,D1-07,10,choice,choice,PLAYER_CHOICE,수락,choice,,D1-07_C1,flag:secret_investigation; publicAnxiety:+0,UI choice,N,D1-07_CONTRACT,
D1-07_011,D1-07,11,choice,choice,PLAYER_CHOICE,제한 조건 제시,choice,,D1-07_C2,flag:investigation_conditions; trust_thomas:+1; trust_helena:+1,UI choice,N,D1-07_CONTRACT,
D1-07_012,D1-07,12,choice_result,branch_response,ADRIAN,좋습니다. 다음 항구까지 조사하죠. 단서가 사라지는 순간 계약도 끝입니다.,firm,choice(D1-07_C1),,,MEDBAY,Y,D1-07_CONTRACT,
D1-07_013,D1-07,13,choice_result,branch_response,RICHARD,필요한 권한은 제공하겠소.,relieved,choice(D1-07_C1),,flag:secret_investigation,MEDBAY,Y,D1-07_CONTRACT,
D1-07_014,D1-07,14,choice_result,branch_response,ADRIAN,"조건이 있습니다. 첫째, 헬레나의 의학 판단은 독립적일 것. 둘째, 원본 로그는 복사본보다 먼저 봉인할 것. 셋째, 새로운 위험이 생기면 승객 안전을 위해 즉시 공개할 것.",authoritative,choice(D1-07_C2),,,MEDBAY,Y,D1-07_CONTRACT,
D1-07_015,D1-07,15,choice_result,branch_response,THOMAS,선장 권한으로 승인합니다.,decisive,choice(D1-07_C2),,,MEDBAY,Y,D1-07_CONTRACT,
D1-07_016,D1-07,16,choice_result,branch_response,HELENA,저도 동의해요.,relieved,choice(D1-07_C2),,trust_thomas:+1; trust_helena:+1,MEDBAY,Y,D1-07_CONTRACT,
D1-07_017,D1-07,17,motif,dialogue,EVELYN,공식 문구는 ‘기저 질환에 의한 급성 악화’로 하겠습니다. 사실과 충돌하지 않는 최소 표현입니다.,controlled,,,,MEDBAY,Y,,
D1-07_018,D1-07,18,motif,dialogue,ADRIAN,최소 표현은 최대한 많은 걸 숨기죠.,dry,,,,MEDBAY,Y,,
D1-07_019,D1-07,19,close,dialogue,THOMAS,날이 밝으면 호라이즌 룸을 다시 보십시오. 밤의 공포가 아니라 구조를 보게 될 겁니다.,grave,,,,MEDBAY,Y,,
D1-07_020,D1-07,20,close,system,SYSTEM,게임 본편 시작. 신뢰도 / 승객 불안 / 현장 보존도 / 남은 시간 단위 시스템이 활성화됩니다.,system,,,scene_unlock:D2-01,UI,N,,
D2-01_001,D2-01,1,opening,narration,NARRATION,아침 햇빛은 호라이즌 룸의 얼룩을 더 선명하게 만들었다. 밤에는 탈출구처럼 보이던 곳들이 이제는 단순한 구조물로 보였다.,observe,D1-07,,,HORIZON,N,,
D2-01_002,D2-01,2,setup,dialogue,MARCUS,"출입문 외 가능 경로는 세 곳입니다. 외벽 발판, 공조 덕트, 설비 점검구.",professional,,,,HORIZON,Y,,
D2-01_003,D2-01,3,setup,dialogue,ADRIAN,순서는 상관없습니다. 중요한 건 가능성이 아니라 사용 흔적이죠.,focused,,,,HORIZON,Y,,
D2-01_004,D2-01,4,choice,choice,PLAYER_CHOICE,외벽 발판부터 조사,choice,,D2-01_EXT,inspect:C-03,UI choice,N,D2-01_ORDER,
D2-01_005,D2-01,5,choice,choice,PLAYER_CHOICE,공조 덕트부터 조사,choice,,D2-01_DUCT,inspect:C-04,UI choice,N,D2-01_ORDER,
D2-01_006,D2-01,6,choice,choice,PLAYER_CHOICE,설비 점검구부터 조사,choice,,D2-01_HATCH,inspect:C-05,UI choice,N,D2-01_ORDER,
D2-01_007,D2-01,7,inspection,narration,NARRATION,[조사: 외벽 발판],observe,choice(D2-01_EXT) or remaining_inspection,,,HORIZON,N,,
D2-01_008,D2-01,8,inspection,inspection,ADRIAN,난간의 염분막이 끊기지 않았다. 젖은 신발이나 손이 닿았다면 하얀 결정이 선처럼 지워졌어야 한다.,focused,choice(D2-01_EXT) or remaining_inspection,,,HORIZON,Y,,
D2-01_009,D2-01,9,evidence,system,SYSTEM,단서 획득: C-03 외벽 발판,system,choice(D2-01_EXT) or remaining_inspection,,evidence:C-03,UI,N,,
D2-01_010,D2-01,10,inspection,dialogue,MARCUS,발판 압력 센서도 21시부터 23시 사이 0입니다. 파도 충격 외 사람 무게는 없었습니다.,neutral,choice(D2-01_EXT) or remaining_inspection,,,HORIZON,Y,,
D2-01_011,D2-01,11,inspection,narration,NARRATION,[조사: 공조 덕트],observe,choice(D2-01_DUCT) or remaining_inspection,,,HORIZON,N,,
D2-01_012,D2-01,12,inspection,inspection,ADRIAN,나사 머리에 손댄 자국이 없고 내부 먼지가 입구부터 굴곡까지 균일하다. 옷감이나 몸이 지나갈 공간도 아니다.,focused,choice(D2-01_DUCT) or remaining_inspection,,,HORIZON,Y,,
D2-01_013,D2-01,13,evidence,system,SYSTEM,단서 획득: C-04 덕트 먼지,system,choice(D2-01_DUCT) or remaining_inspection,,evidence:C-04,UI,N,,
D2-01_014,D2-01,14,inspection,dialogue,MARCUS,덕트 진동 센서 역시 정상입니다. 청소 기록도 사흘 전이 마지막이고요.,neutral,choice(D2-01_DUCT) or remaining_inspection,,,HORIZON,Y,,
D2-01_015,D2-01,15,inspection,narration,NARRATION,[조사: 설비 점검구],observe,choice(D2-01_HATCH) or remaining_inspection,,,HORIZON,N,,
D2-01_016,D2-01,16,inspection,inspection,ADRIAN,실리콘 봉인이 오래된 먼지와 함께 이어져 있다. 열었다면 가장자리의 균열이 끊겼어야 한다.,focused,choice(D2-01_HATCH) or remaining_inspection,,,HORIZON,Y,,
D2-01_017,D2-01,17,evidence,system,SYSTEM,단서 획득: C-05 점검구 먼지,system,choice(D2-01_HATCH) or remaining_inspection,,evidence:C-05,UI,N,,
D2-01_018,D2-01,18,inspection,dialogue,MARCUS,안쪽 통로는 배관 막다른 곳입니다. 성인 한 명이 숨을 공간도 없습니다.,neutral,choice(D2-01_HATCH) or remaining_inspection,,,HORIZON,Y,,
D2-01_019,D2-01,19,conclusion,dialogue,MARCUS,외벽 발판으로 나갔다면 센서가 기록했을 겁니다. 어젯밤엔 파도도 높았습니다.,concerned,,,,HORIZON,Y,,
D2-01_020,D2-01,20,conclusion,dialogue,ADRIAN,난간의 염분막이 끊기지 않았습니다. 아무도 잡지 않았어요.,focused,,,,HORIZON,Y,,
D2-01_021,D2-01,21,conclusion,dialogue,MARCUS,덕트는요?,skeptical,,,,HORIZON,Y,,
D2-01_022,D2-01,22,conclusion,dialogue,ADRIAN,먼지가 너무 깨끗합니다. 이상할 만큼.,focused,,,,HORIZON,Y,,
D2-01_023,D2-01,23,conclusion,dialogue,MARCUS,점검구도 그대로라면… 문으로 나간 겁니까?,uneasy,,,,HORIZON,Y,,
D2-01_024,D2-01,24,conclusion,dialogue,ADRIAN,"문턱에는 다니엘의 흔적만 있습니다. 출구는 셋이 아니라 넷이었지만, 사용된 출구는 없습니다.",realization,,,,HORIZON,Y,,
D2-01_025,D2-01,25,puzzle,puzzle_feedback,ADRIAN,‘범인이 흔적을 완벽히 지웠다’는 가설은 세 장소 모두에서 서로 다른 흔적을 동시에 없애야 합니다. 설명이 아니라 소원에 가깝군요.,focused,theory=perfect_cleanup,,,Puzzle,Y,,
D2-01_026,D2-01,26,puzzle,puzzle_feedback,ADRIAN,‘피해자가 범인을 내보냈다’면 문턱에 두 번째 젖은 발자국이 남아야 합니다.,focused,theory=door_exit,,,Puzzle,Y,,
D2-01_027,D2-01,27,puzzle,puzzle_feedback,ADRIAN,"결론은 ‘방에서 나간 사람이 없다’가 아닙니다. 사건이 일어난 순간, 살아 있는 제3자가 이 방에 없었습니다.",realization,puzzle_correct,,theory:horizon_no_live_third_party,Puzzle complete,Y,,
D2-01_028,D2-01,28,puzzle_hint,hint,UI_HINT,"세 출구가 어떻게 사용됐는지 찾지 말고, 사용됐다면 반드시 남아야 할 흔적을 비교하세요.",hint1,hint_level=1,,,Hint UI,N,,
D2-01_029,D2-01,29,puzzle_hint,hint,UI_HINT,"염분막, 먼지, 봉인선은 서로 다른 종류의 ‘미사용 기록’입니다.",hint2,hint_level=2,,,Hint UI,N,,
D2-01_030,D2-01,30,puzzle_hint,hint,UI_HINT,세 단서 카드를 모두 ‘사용되지 않음’ 결론에 연결하세요.,hint3,hint_level=3,,,Hint UI,N,,
D2-01_031,D2-01,31,close,system,SYSTEM,가설 해금: 호라이즌 룸에 살아 있는 제3자는 없었다.,system,,,"theory:horizon_no_live_third_party; scene_unlock:D2-02,D2-04",UI,N,,
D2-02_001,D2-02,1,opening,narration,NARRATION,헬레나는 현장 사진을 확대해 혈흔 조각을 바닥 지도 위에 겹쳤다.,observe,D2-01,,,HORIZON,N,,
D2-02_002,D2-02,2,setup,dialogue,HELENA,자상에서 나온 피라면 상처 방향을 중심으로 작은 비산점이 있어야 합니다. 여기에는 없습니다.,clinical,,,,HORIZON,Y,,
D2-02_003,D2-02,3,setup,dialogue,ADRIAN,대신 큰 방울이 거의 수직으로 떨어졌군요.,focused,,,,HORIZON,Y,,
D2-02_004,D2-02,4,setup,dialogue,HELENA,"시신을 옮겼다면 웅덩이 가장자리가 끌렸을 텐데, 그런 흔적도 없어요.",clinical,,,,HORIZON,Y,,
D2-02_005,D2-02,5,puzzle,system,SYSTEM,혈흔 배열 퍼즐: 사진 조각을 회전해 바닥 도면과 일치시키세요.,tutorial,,,,Puzzle UI,N,,
D2-02_006,D2-02,6,puzzle,puzzle_feedback,ADRIAN,상처 아래를 중심으로 맞추면 벽면 비산점이 설명되지 않습니다.,focused,puzzle_rotation_wrong,,,Puzzle,Y,,
D2-02_007,D2-02,7,puzzle,puzzle_feedback,HELENA,피의 양은 맞지만 방향이 틀렸어요. 몸이 쓰러지며 퍼진 패턴이 아닙니다.,clinical,puzzle_center_wrong,,,Puzzle,Y,,
D2-02_008,D2-02,8,puzzle,puzzle_feedback,ADRIAN,웅덩이 중심을 어깨 위로 옮기면 수직 낙하 방울이 모두 정렬됩니다.,realization,puzzle_step=vertical_drop,,,Puzzle,Y,,
D2-02_009,D2-02,9,puzzle,puzzle_feedback,ADRIAN,"다니엘은 이 자리에서 피를 흘리며 쓰러진 게 아닙니다. 이미 움직이지 않는 몸이 위에서 떨어졌고, 남아 있던 피가 나중에 고였습니다.",realization,puzzle_correct,,theory:body_inserted_from_above,Puzzle complete,Y,,
D2-02_010,D2-02,10,conclusion,dialogue,HELENA,그렇다면 자상 시각과 사망 시각도 분리해야 해요. 상처가 마지막 사건이 아닐 수 있습니다.,uneasy,,,,HORIZON,Y,,
D2-02_011,D2-02,11,conclusion,dialogue,ADRIAN,피해자는 한 번 쓰러진 게 아니라 두 번 배치됐습니다.,focused,,,,HORIZON,Y,,
D2-02_012,D2-02,12,inspection,narration,NARRATION,[조사: 혈흔 중심 오버레이],observe,,,,HORIZON,N,,
D2-02_013,D2-02,13,inspection,inspection,ADRIAN,상처 위치와 웅덩이 중심 사이에 43cm 차이가 있다. 천장 패널 바로 아래와 일치한다.,focused,,,,HORIZON,Y,,
D2-02_014,D2-02,14,evidence,system,SYSTEM,단서 획득: C-07 혈흔 중심,system,,,evidence:C-07,UI,N,,
D2-02_015,D2-02,15,puzzle_hint,hint,UI_HINT,비산혈흔이 없는 점과 큰 방울의 방향을 먼저 확인하세요.,hint1,hint_level=1,,,Hint UI,N,,
D2-02_016,D2-02,16,puzzle_hint,hint,UI_HINT,상처 위치를 기준으로 맞추면 조각 하나가 반드시 어긋납니다.,hint2,hint_level=2,,,Hint UI,N,,
D2-02_017,D2-02,17,puzzle_hint,hint,UI_HINT,웅덩이 중심을 천장 패널 수직 아래로 옮기세요.,hint3,hint_level=3,,,Hint UI,N,,
D2-02_018,D2-02,18,close,system,SYSTEM,가설 해금: 시신이 천장에서 투입되었다.,system,,,theory:body_inserted_from_above; scene_unlock:D2-03,UI,N,,
D2-03_001,D2-03,1,opening,narration,NARRATION,부검용 냉장 장치 옆 모니터에는 다니엘의 체온 변화 곡선과 투약 기록이 나란히 떠 있었다.,observe,D2-02,,,MEDBAY,N,,
D2-03_002,D2-03,2,medical,dialogue,HELENA,"처음에는 22시 10분 전후로 봤습니다. 하지만 안정제와 차가운 물, 저온 공기가 모두 체온 하강을 앞당길 수 있어요.",clinical,,,,MEDBAY,Y,,
D2-03_003,D2-03,3,medical,dialogue,ADRIAN,안정제는 언제 처방했습니까?,focused,,,,MEDBAY,Y,,
D2-03_004,D2-03,4,medical,dialogue,HELENA,"출항 전날 원격 처방, 어제 18시 40분에 선내 약국에서 수령. 정량은 한 알입니다.",neutral,,,,MEDBAY,Y,,
D2-03_005,D2-03,5,inspection,narration,NARRATION,[조사: 처방 기록],observe,,,,MEDBAY,N,,
D2-03_006,D2-03,6,inspection,inspection,ADRIAN,다니엘에게 처방된 저용량 진정제. 혈중 농도는 처방량과 일치하지만 반응 속도와 판단력을 늦췄을 수 있다.,focused,,,,MEDBAY,Y,,
D2-03_007,D2-03,7,evidence,system,SYSTEM,단서 획득: C-11 안정제,system,,,evidence:C-11,UI,N,,
D2-03_008,D2-03,8,inspection,narration,NARRATION,[조사: 체온 기록],observe,,,,MEDBAY,N,,
D2-03_009,D2-03,9,inspection,inspection,ADRIAN,젖은 의복과 호라이즌 룸의 강한 냉방을 반영하면 사망 추정 범위가 21:35~22:05로 앞당겨진다.,focused,,,,MEDBAY,Y,,
D2-03_010,D2-03,10,evidence,system,SYSTEM,단서 획득: 보조 단서: 체온 저하 보정,system,,,flag:death_window_revised,UI,N,,
D2-03_011,D2-03,11,choice_setup,dialogue,ADRIAN,당신의 첫 발표가 살인 시각을 한 시간 늦췄습니다.,press,,,,MEDBAY,Y,,
D2-03_012,D2-03,12,choice,choice,PLAYER_CHOICE,의사를 압박,choice,,D2-03_C1,trust_helena:-1; flag:helena_defensive,UI choice,N,D2-03_APPROACH,
D2-03_013,D2-03,13,choice,choice,PLAYER_CHOICE,협조 요청,choice,,D2-03_C2,trust_helena:+1; flag:helena_cooperative,UI choice,N,D2-03_APPROACH,
D2-03_014,D2-03,14,choice_result,branch_response,ADRIAN,사망 시각 오차는 용의자의 알리바이를 만들 수 있습니다. 약물 효과를 왜 처음부터 계산하지 않았죠?,hard,choice(D2-03_C1),,,MEDBAY,Y,D2-03_APPROACH,
D2-03_015,D2-03,15,choice_result,branch_response,HELENA,시신 위치와 환경 정보가 훼손된 상태에서 가능한 범위를 말한 겁니다. 의학은 당신이 원하는 순간에 확신을 만들어 주지 않아요.,angry,choice(D2-03_C1),,trust_helena:-1,MEDBAY,Y,D2-03_APPROACH,
D2-03_016,D2-03,16,choice_result,branch_response,ADRIAN,첫 추정이 틀렸다는 걸 공격하려는 게 아닙니다. 어떤 조건이 시계를 속였는지 함께 분리해 주세요.,calm,choice(D2-03_C2),,,MEDBAY,Y,D2-03_APPROACH,
D2-03_017,D2-03,17,choice_result,branch_response,HELENA,좋아요. 혈액 가스와 폐 소견을 다시 보겠습니다. 자상이 직접 사인이 아니라는 가능성도 열어둘게요.,relieved,choice(D2-03_C2),,trust_helena:+1; flag:forensic_retest,MEDBAY,Y,D2-03_APPROACH,
D2-03_018,D2-03,18,conclusion,dialogue,ADRIAN,다니엘은 22시 35분에 호라이즌 룸에서 기다린 게 아닙니다. 그 메시지가 도착하기 전에 이미 죽었을 수 있습니다.,realization,,,,MEDBAY,Y,,
D2-03_019,D2-03,19,conclusion,dialogue,HELENA,그러면 메시지는 만남 약속이 아니라 시신 발견 시간을 조절한 장치였겠죠.,concerned,,,,MEDBAY,Y,,
D2-03_020,D2-03,20,close,system,SYSTEM,사망 추정 범위 수정: 21:35~22:05. 헬레나 신뢰도 분기가 저장되었습니다.,system,,,scene_unlock:D2-06,UI,N,,
D2-04_001,D2-04,1,opening,narration,NARRATION,보안실 벽에는 같은 복도가 서로 다른 시간으로 반복되고 있었다. 마커스는 영상만으로 결론 내리려는 사람처럼 타임라인을 빠르게 넘겼다.,observe,D2-01,,,SECURITY,N,,
D2-04_002,D2-04,2,video,dialogue,MARCUS,21시부터 발견까지 호라이즌 룸 복도에 출입자는 없습니다. 리처드와 당신이 22시 43분에 도착한 게 전부입니다.,professional,,,,SECURITY,Y,,
D2-04_003,D2-04,3,video,dialogue,ADRIAN,영상이 보지 못한 건 뭡니까?,focused,,,,SECURITY,Y,,
D2-04_004,D2-04,4,video,dialogue,MARCUS,"문 위쪽 천장, 서비스 설비, 카메라 뒤편. 하지만 사람은 못 지나갑니다.",confident,,,,SECURITY,Y,,
D2-04_005,D2-04,5,choice,choice,PLAYER_CHOICE,영상만 보기,choice,,D2-04_C1,timeBlock:-1; flag:camera_only,UI choice,N,D2-04_LOG,
D2-04_006,D2-04,6,choice,choice,PLAYER_CHOICE,설비 로그 대조,choice,,D2-04_C2,flag:facility_log_requested,UI choice,N,D2-04_LOG,
D2-04_007,D2-04,7,choice_result,branch_response,ADRIAN,22시 15분부터 다시. 프레임 단위로 보죠.,focused,choice(D2-04_C1),,,SECURITY,Y,D2-04_LOG,
D2-04_008,D2-04,8,choice_result,branch_response,MARCUS,영상에는 변화가 없습니다. 대신 세 시간을 쓰게 되겠군요.,dry,choice(D2-04_C1),,timeBlock:-1,SECURITY,Y,D2-04_LOG,
D2-04_009,D2-04,9,choice_result,branch_response,SYSTEM,대체 회수: 반복 검토 후 자동 경보 아이콘이 강조됩니다.,system,choice(D2-04_C1),,,UI,N,D2-04_LOG,
D2-04_010,D2-04,10,choice_result,branch_response,ADRIAN,영상 시간축 위에 화재감지기와 설비 이벤트를 겹칩시다.,focused,choice(D2-04_C2),,,SECURITY,Y,D2-04_LOG,
D2-04_011,D2-04,11,choice_result,branch_response,MARCUS,설비 기록은 보안 영상과 별도 시스템입니다. 같은 시간축에 맞춰 보겠습니다.,professional,choice(D2-04_C2),,,SECURITY,Y,D2-04_LOG,
D2-04_012,D2-04,12,inspection,narration,NARRATION,[분석 콘솔: CCTV와 설비 기록 동기화],observe,choice(D2-04_C2) or flag(camera_only_complete),,,SECURITY,N,,
D2-04_013,D2-04,13,inspection,inspection,ADRIAN,영상에 없는 변화가 다른 시스템에는 남았을 수 있습니다. 직접 시간대를 좁혀 보죠.,focused,choice(D2-04_C2) or flag(camera_only_complete),,,SECURITY,Y,,
D2-04_014,D2-04,14,evidence,system,SYSTEM,분석 콘솔에 설비 로그 채널이 연결되었습니다.,system,choice(D2-04_C2) or flag(camera_only_complete),,,UI,N,,
D2-04_015,D2-04,15,conclusion,dialogue,ADRIAN,영상만으로 결론을 확정하지 않겠습니다.,focused,,,,SECURITY,Y,,
D2-04_016,D2-04,16,conclusion,dialogue,MARCUS,출입문·감지기·조명·환기 기록을 모두 불러왔습니다.,professional,,,,SECURITY,Y,,
D2-04_017,D2-04,17,conclusion,dialogue,ADRIAN,같은 시각의 기록을 겹쳐 보면 맹점이 드러날 겁니다.,calm,,,,SECURITY,Y,,
D2-04_018,D2-04,18,puzzle_hint,hint,UI_HINT,카메라에 보이지 않는 사건은 영상 밖 시스템의 시간 기록과 비교하세요.,hint1,hint_level=1,,,Hint UI,N,,
D2-04_019,D2-04,19,puzzle_hint,hint,UI_HINT,22시 18분 전후의 비영상 로그를 찾으세요.,hint2,hint_level=2,,,Hint UI,N,,
D2-04_020,D2-04,20,puzzle_hint,hint,UI_HINT,화재감지기 ‘차폐 4초’ 이벤트를 선택하세요.,hint3,hint_level=3,,,Hint UI,N,,
D2-04_021,D2-04,21,close,system,SYSTEM,카메라·설비 통합 분석 콘솔이 열립니다.,system,,,scene_unlock:D2-05,UI,N,,
D2-05_001,D2-05,1,opening,narration,NARRATION,사다리가 천장 패널에 닿자 미세한 검은 가루가 햇빛 속으로 떨어졌다.,observe,D2-04,,,HORIZON,N,,
D2-05_002,D2-05,2,inspection,dialogue,ADRIAN,패널을 마지막으로 연 사람이 누구인지 기록이 있습니까?,focused,,,,HORIZON,Y,,
D2-05_003,D2-05,3,inspection,dialogue,MARCUS,정기 점검은 두 달 전입니다. 어젯밤 작업 허가는 없습니다.,neutral,,,,HORIZON,Y,,
D2-05_004,D2-05,4,choice,choice,PLAYER_CHOICE,오언을 호출한다,choice,,D2-05_C1,trust_owen:+1; flag:rail_foreshadow_direct,UI choice,N,D2-05_OWEN,
D2-05_005,D2-05,5,choice,choice,PLAYER_CHOICE,직접 패널을 연다,choice,,D2-05_C2,evidenceIntegrity:-5; flag:rail_foreshadow_indirect,UI choice,N,D2-05_OWEN,
D2-05_006,D2-05,6,choice_result,branch_response,OWEN,볼룸 장식 패널과 같은 규격입니다. 잠금 핀을 억지로 푼 게 아니라 서비스 키로 열었군요.,matter_of_fact,choice(D2-05_C1),,,HORIZON,Y,D2-05_OWEN,
D2-05_007,D2-05,7,choice_result,branch_response,ADRIAN,서비스 키 보유자는요?,focused,choice(D2-05_C1),,,HORIZON,Y,D2-05_OWEN,
D2-05_008,D2-05,8,choice_result,branch_response,OWEN,기관부와 행사 운영 책임자. 행사 책임자는 이블린 쇼입니다.,neutral,choice(D2-05_C1),,trust_owen:+1,HORIZON,Y,D2-05_OWEN,
D2-05_009,D2-05,9,choice_result,branch_response,NARRATION,패널을 혼자 들어 올리는 순간 나사 홈의 미세 가루 일부가 바닥으로 떨어졌다.,observe,choice(D2-05_C2),,evidenceIntegrity:-5,HORIZON,N,D2-05_OWEN,
D2-05_010,D2-05,10,choice_result,monologue,ADRIAN,다음에는 구조를 아는 사람을 먼저 부르는 편이 증거에도 친절하겠군.,internal,choice(D2-05_C2),,,HORIZON,Y,D2-05_OWEN,
D2-05_011,D2-05,11,inspection,narration,NARRATION,[조사: 패널 가장자리],observe,,,,HORIZON,N,,
D2-05_012,D2-05,12,inspection,inspection,ADRIAN,오래된 회색 먼지 위에 손가락 두 개 폭만큼 깨끗한 선이 있다. 사건 전후에 한 번 열렸다 닫혔다.,focused,,,,HORIZON,Y,,
D2-05_013,D2-05,13,evidence,system,SYSTEM,단서 획득: 보조 단서: 최근 개방 흔적,system,,,flag:panel_recently_opened,UI,N,,
D2-05_014,D2-05,14,inspection,narration,NARRATION,[조사: 검은 합성섬유],observe,,,,HORIZON,N,,
D2-05_015,D2-05,15,inspection,inspection,ADRIAN,패널 안쪽 롤러에 검은 고강도 섬유가 걸려 있다. 운반용 벨트나 장비 가방 재질과 유사하다.,focused,,,,HORIZON,Y,,
D2-05_016,D2-05,16,evidence,system,SYSTEM,단서 획득: 보조 단서: 검은 합성섬유,system,,,flag:black_synthetic_fiber,UI,N,,
D2-05_017,D2-05,17,reveal,dialogue,OWEN,위에는 행사 장비용 경량 레일이 있습니다. 원래 호라이즌 룸까지 뻗지 않는데… 이 분기판은 개조됐군요.,concerned,flag:rail_foreshadow_direct,,,HORIZON,Y,,
D2-05_018,D2-05,18,reveal,dialogue,ADRIAN,무게 한도는요?,focused,flag:rail_foreshadow_direct,,,HORIZON,Y,,
D2-05_019,D2-05,19,reveal,dialogue,OWEN,표준 운반백 기준 120킬로. 사람 한 명은 충분합니다.,grim,flag:rail_foreshadow_direct,,,HORIZON,Y,,
D2-05_020,D2-05,20,conclusion,dialogue,ADRIAN,아직 사람을 옮겼다고 단정하진 않겠습니다. 하지만 천장은 이제 출구가 아니라 입구 후보군요.,realization,,,,HORIZON,Y,,
D2-05_021,D2-05,21,close,system,SYSTEM,화물 레일 떡밥 등록: 개조 분기 / 합성섬유 / 최근 패널 개방.,system,,,scene_unlock:D2-06,UI,N,,
D2-06_001,D2-06,1,opening,narration,NARRATION,"다니엘의 객실은 수색당한 것처럼 어지럽지 않았다. 오히려 너무 정돈되어 있어, 누군가 필요한 것만 정확히 가져간 느낌이었다.",observe,D2-03,,,CABIN_DANIEL,N,,
D2-06_002,D2-06,2,inspection,narration,NARRATION,[조사: 노트북 예약 기사],observe,,,,CABIN_DANIEL,N,,
D2-06_003,D2-06,3,inspection,inspection,ADRIAN,예약 발행 시각은 3일 차 08:00. 제목은 ‘호손 회장은 오르페우스 호를 침몰시켰다’. 일부 근거는 익명 제보 문장만으로 채워져 있다.,focused,,,,CABIN_DANIEL,Y,,
D2-06_004,D2-06,4,evidence,system,SYSTEM,단서 획득: 보조 단서: 기사 초안,system,,,flag:scheduled_article,UI,N,,
D2-06_005,D2-06,5,article,dialogue,ADRIAN,다니엘은 결론을 먼저 썼습니다. 증거는 빈칸을 채우는 데 사용했고.,focused,,,,CABIN_DANIEL,Y,,
D2-06_006,D2-06,6,inspection,narration,NARRATION,[조사: 암호화 채팅 일부],observe,,,,CABIN_DANIEL,N,,
D2-06_007,D2-06,7,inspection,inspection,ADRIAN,"제보자는 리처드의 매수와 보험 증액 자료를 제공했지만, 명령 주체를 직접 보여 주는 문서는 보내지 않았다.",focused,,,,CABIN_DANIEL,Y,,
D2-06_008,D2-06,8,evidence,system,SYSTEM,단서 획득: C-13 익명 채팅,system,,,evidence:C-13_partial,UI,N,,
D2-06_009,D2-06,9,chat,recording,ANON_CHAT,회장은 원본을 두려워합니다. 그가 숨긴 것은 사고가 아니라 의도입니다.,controlled,chat_playback,,,Chat UI,Y,,
D2-06_010,D2-06,10,chat,recording,DANIEL_CHAT,명령서에 리처드 서명이 있습니까?,intense,chat_playback,,,Chat UI,Y,,
D2-06_011,D2-06,11,chat,recording,ANON_CHAT,서명보다 결과를 보세요. 사실은 언제나 비용을 요구합니다.,controlled,chat_playback,,,Chat UI,Y,,
D2-06_012,D2-06,12,chat,dialogue,ADRIAN,질문에는 답하지 않고 확신만 강화했습니다.,focused,,,,CABIN_DANIEL,Y,,
D2-06_013,D2-06,13,inspection,narration,NARRATION,[조사: 비어 있는 충전 도크],observe,,,,CABIN_DANIEL,N,,
D2-06_014,D2-06,14,inspection,inspection,ADRIAN,태블릿 케이블만 남아 있다. 다니엘은 파티에서 작은 태블릿 가방을 들고 있었지만 시신 곁에는 없었다.,focused,,,,CABIN_DANIEL,Y,,
D2-06_015,D2-06,15,evidence,system,SYSTEM,단서 획득: 보조 단서: 사라진 태블릿,system,,,flag:tablet_missing,UI,N,,
D2-06_016,D2-06,16,claire_optional,dialogue,CLAIRE,남의 방을 뒤지는 취미가 있으신 줄은 몰랐네요.,guarded,hostility_claire<=1,,,CABIN_DANIEL,Y,,
D2-06_017,D2-06,17,claire_optional,dialogue,ADRIAN,문이 열려 있었습니다. 당신은 왜 왔습니까?,calm,hostility_claire<=1,,,CABIN_DANIEL,Y,,
D2-06_018,D2-06,18,claire_optional,dialogue,CLAIRE,다니엘이 가진 회사 자료가 유출됐는지 확인하려고요. 법무팀 요청입니다.,lying,hostility_claire<=1,,,CABIN_DANIEL,Y,,
D2-06_019,D2-06,19,claire_optional,dialogue,ADRIAN,법무팀은 객실 열쇠도 줍니까?,press,hostility_claire<=1,,,CABIN_DANIEL,Y,,
D2-06_020,D2-06,20,claire_optional,dialogue,CLAIRE,이 배에서는 성이 열쇠보다 빠를 때가 있어요.,deflect,hostility_claire<=1,,flag:claire_theft_foreshadow,CABIN_DANIEL,Y,,
D2-06_021,D2-06,21,claire_alt,dialogue,NARRATION,침대 옆 서랍 손잡이에 클레어의 향수와 같은 달콤한 향이 희미하게 남아 있었다.,CABIN_DANIEL,hostility_claire>1,,,,N,,
D2-06_022,D2-06,22,conclusion,monologue,ADRIAN,"태블릿은 살인자가 가져갔을 수도 있고, 살인과 무관한 도둑이 가져갔을 수도 있습니다. 둘을 같은 사람으로 만들면 쉬워지지만 틀릴 수 있죠.",internal,,,,CABIN_DANIEL,Y,,
D2-06_023,D2-06,23,close,system,SYSTEM,클레어 절도 복선 등록. 기사 예약 발행은 취소되지 않았습니다.,system,,,scene_unlock:D3-01,UI,N,,
D3-01_001,D3-01,1,opening,narration,NARRATION,"3일 차 오전 8시 정각, 라운지의 모든 뉴스 패널이 동시에 다니엘의 예약 기사를 띄웠다. 제목은 사람들의 목소리보다 먼저 배 안을 돌았다.",observe,D2-06,,,NEWS_LOUNGE,N,,
D3-01_002,D3-01,2,crowd,dialogue,PASSENGER_A,호손 회장이 배를 침몰시켰다고요? 그럼 우리 배는 안전한 겁니까?,alarmed,,,,NEWS_LOUNGE,Y,,
D3-01_003,D3-01,3,crowd,dialogue,PASSENGER_B,기자가 죽은 다음 날 기사가 나왔다잖아요. 우연일 리 없어요.,fearful,,,,NEWS_LOUNGE,Y,,
D3-01_004,D3-01,4,crowd,dialogue,CLAIRE,"기사를 내리세요. 예약 발행이고, 작성자는 확인도 못 합니다.",angry,,,,NEWS_LOUNGE,Y,,
D3-01_005,D3-01,5,crowd,dialogue,RICHARD,아무도 내리지 마시오. 삭제하면 유죄를 인정하는 꼴이오.,furious,,,,NEWS_LOUNGE,Y,,
D3-01_006,D3-01,6,inspection,narration,NARRATION,[조사: 기사 공개 정보],observe,,,,NEWS_LOUNGE,N,,
D3-01_007,D3-01,7,inspection,inspection,ADRIAN,"게시 시각은 정확히 08:00. 본문에서 ‘리처드 호손’ 실명이 한 군데 삭제되었고, 빈칸 자리에 편집 이력이 남아 있다.",focused,,,,NEWS_LOUNGE,Y,,
D3-01_008,D3-01,8,evidence,system,SYSTEM,단서 획득: 보조 단서: 기사 공개 시각,system,,,flag:article_release_time,UI,N,,
D3-01_009,D3-01,9,article,dialogue,ADRIAN,삭제된 실명은 누가 지웠습니까?,focused,,,,NEWS_LOUNGE,Y,,
D3-01_010,D3-01,10,article,dialogue,CLAIRE,다니엘 본인이 마지막으로 편집했을 수도 있죠.,defensive,,,,NEWS_LOUNGE,Y,,
D3-01_011,D3-01,11,article,dialogue,ADRIAN,편집 시각은 21시 58분. 다니엘이 이미 사망했을 가능성이 높은 시간입니다.,press,,,,NEWS_LOUNGE,Y,,
D3-01_012,D3-01,12,article,dialogue,CLAIRE,그럼 누군가 태블릿을 갖고 있었겠네요.,uneasy,,,,NEWS_LOUNGE,Y,,
D3-01_013,D3-01,13,choice_setup,dialogue,RICHARD,"베일, 이 소문을 멈추시오.",commanding,,,,NEWS_LOUNGE,Y,,
D3-01_014,D3-01,14,choice,choice,PLAYER_CHOICE,공개 해명 권고,choice,,D3-01_C1,publicAnxiety:-15; trust_richard:-1; flag:public_briefing,UI choice,N,D3-01_RESPONSE,
D3-01_015,D3-01,15,choice,choice,PLAYER_CHOICE,침묵 유지,choice,,D3-01_C2,publicAnxiety:+15; trust_richard:+0; flag:silence_policy,UI choice,N,D3-01_RESPONSE,
D3-01_016,D3-01,16,choice_result,branch_response,ADRIAN,"침묵하면 승객들이 빈칸을 채웁니다. 사실이 확인되지 않았다는 점, 다니엘의 죽음이 조사 중이라는 점만 공개하세요.",firm,choice(D3-01_C1),,,NEWS_LOUNGE,Y,D3-01_RESPONSE,
D3-01_017,D3-01,17,choice_result,branch_response,RICHARD,살인을 공개하라고? 주가보다 먼저 배가 무너질 거요.,angry,choice(D3-01_C1),,,NEWS_LOUNGE,Y,D3-01_RESPONSE,
D3-01_018,D3-01,18,choice_result,branch_response,THOMAS,승객 안전 공지는 제가 맡겠습니다. 추측을 줄이는 편이 통제에 낫습니다.,decisive,choice(D3-01_C1),,publicAnxiety:-15; flag:public_briefing,NEWS_LOUNGE,Y,D3-01_RESPONSE,
D3-01_019,D3-01,19,choice_result,branch_response,ADRIAN,지금은 증거가 부족합니다. 공식 발표를 유지하되 기사 원문과 접속 기록을 보존하죠.,calm,choice(D3-01_C2),,,NEWS_LOUNGE,Y,D3-01_RESPONSE,
D3-01_020,D3-01,20,choice_result,branch_response,CLAIRE,그 사이 승객들은 삼촌이 살인자라고 믿을 겁니다.,bitter,choice(D3-01_C2),,,NEWS_LOUNGE,Y,D3-01_RESPONSE,
D3-01_021,D3-01,21,choice_result,branch_response,SYSTEM,승객 불안이 상승했습니다. 일부 승객 대화와 제한구역 접근 난도가 변경됩니다.,system,choice(D3-01_C2),,publicAnxiety:+15,UI,N,D3-01_RESPONSE,
D3-01_022,D3-01,22,confession_hook,dialogue,RICHARD,기사에 적힌 매수와 은폐 중 일부는 사실이오. 하지만 살인은 아니오.,low,,,,NEWS_LOUNGE,Y,,
D3-01_023,D3-01,23,close,dialogue,ADRIAN,그 문장을 방금 들은 것으로 하죠. 사람들 앞이 아니라 당신 방에서 다시 듣겠습니다.,focused,,,,NEWS_LOUNGE,Y,,
D3-01_024,D3-01,24,close,system,SYSTEM,승객 불안 수치가 갱신되었습니다. 리처드 심문 키워드 ‘은폐’가 해금됩니다.,system,,,scene_unlock:D3-02,UI,N,,
D3-02_001,D3-02,1,opening,narration,NARRATION,리처드는 커튼을 모두 닫아 낮을 밤처럼 만들었다. 줄리언의 사진만 책상 램프 아래 남았다.,observe,D3-01,,,DECK10_SUITE,N,,
D3-02_002,D3-02,2,confession,dialogue,RICHARD,나는 조사관들에게 돈을 줬소. 기록도 숨겼지.,defeated,,,,DECK10_SUITE,Y,,
D3-02_003,D3-02,3,confession,dialogue,ADRIAN,보험 증액은 사고 전이었습니다.,focused,,,,DECK10_SUITE,Y,,
D3-02_004,D3-02,4,confession,dialogue,RICHARD,"회사가 무너질 위기였소. 새 보험은 재무팀 제안이었고, 나는 승인했소.",bitter,,,,DECK10_SUITE,Y,,
D3-02_005,D3-02,5,confession,dialogue,ADRIAN,침몰을 지시했습니까?,press,,,,DECK10_SUITE,Y,,
D3-02_006,D3-02,6,confession,dialogue,RICHARD,아니오. 나는 내 아들이 했다고 믿었소. 그래서 죽은 아이의 죄까지 감췄소.,pained,,,,DECK10_SUITE,Y,,
D3-02_007,D3-02,7,confession,dialogue,ADRIAN,왜 줄리언이 했다고 믿었습니까?,focused,,,,DECK10_SUITE,Y,,
D3-02_008,D3-02,8,confession,dialogue,RICHARD,"사고 전날 그 아이가 밸러스트 밸브 이상을 보고했소. 사고 뒤에는 기록 모듈이 사라졌고, 마지막 통신도 끊겼지. 모든 화살표가 그 아이를 가리켰소.",shaken,,,,DECK10_SUITE,Y,,
D3-02_009,D3-02,9,confession,dialogue,ADRIAN,화살표를 만든 사람이 있을 가능성은 생각하지 않았군요.,cold,,,,DECK10_SUITE,Y,,
D3-02_010,D3-02,10,choice,choice,PLAYER_CHOICE,강경 심문,choice,,D3-02_C1,trust_richard:-1; flag:richard_partial_confession,UI choice,N,D3-02_STYLE,
D3-02_011,D3-02,11,choice,choice,PLAYER_CHOICE,공감 심문,choice,,D3-02_C2,trust_richard:+1; flag:richard_full_confession,UI choice,N,D3-02_STYLE,
D3-02_012,D3-02,12,choice_result,branch_response,ADRIAN,당신은 아들을 의심한 게 아닙니다. 회사를 살리기 위해 가장 말이 없는 사람에게 죄를 넘긴 겁니다.,hard,choice(D3-02_C1),,,DECK10_SUITE,Y,D3-02_STYLE,
D3-02_013,D3-02,13,choice_result,branch_response,RICHARD,그만하시오. 필요한 건 다 말했소. 금고 얘기는 선장에게 들으시오.,angry,choice(D3-02_C1),,trust_richard:-1; flag:richard_partial_confession,DECK10_SUITE,Y,D3-02_STYLE,
D3-02_014,D3-02,14,choice_result,branch_response,ADRIAN,아들을 보호하려고 숨겼다는 말은 믿겠습니다. 하지만 무엇으로부터 보호했는지 스스로도 모르셨죠.,gentle,choice(D3-02_C2),,,DECK10_SUITE,Y,D3-02_STYLE,
D3-02_015,D3-02,15,choice_result,branch_response,RICHARD,토머스가 원본 모듈 일부를 회수했소. 나는 열어 보지 않았네. 줄리언의 목소리를 들을 용기가 없었어.,broken,choice(D3-02_C2),,,DECK10_SUITE,Y,D3-02_STYLE,
D3-02_016,D3-02,16,choice_result,branch_response,RICHARD,"모듈은 이 배의 보안 금고에 있소. 존재를 아는 건 나, 토머스, 이블린뿐이었네.",low,choice(D3-02_C2),,trust_richard:+1; flag:richard_full_confession; flag:vault_module_known,DECK10_SUITE,Y,D3-02_STYLE,
D3-02_017,D3-02,17,conclusion,dialogue,ADRIAN,당신이 숨긴 진실이 다른 사람의 거짓말을 보호했습니다.,firm,,,,DECK10_SUITE,Y,,
D3-02_018,D3-02,18,conclusion,dialogue,RICHARD,"그렇다면 찾아내시오. 줄리언이 한 일이 아니라면, 내가 무엇을 지켜 왔는지 알고 싶소.",pleading,,,,DECK10_SUITE,Y,,
D3-02_019,D3-02,19,close,system,SYSTEM,자백 등록: 조사관 매수 / 기록 은폐 / 줄리언 책임 오해. 금고 접근 경로가 해금됩니다.,system,,,scene_unlock:D3-03,UI,N,,
D3-03_001,D3-03,1,opening,narration,NARRATION,브리지 창밖으로 수평선이 흔들리지 않고 이어졌다. 토머스는 항로 화면을 보며 질문을 기다렸다.,observe,D3-02,,,BRIDGE,N,,
D3-03_002,D3-03,2,interrogation,dialogue,ADRIAN,오르페우스 호 원본 모듈이 이 배의 금고에 있습니까?,direct,,,,BRIDGE,Y,,
D3-03_003,D3-03,3,interrogation,dialogue,THOMAS,일부입니다. 침몰 뒤 회수한 항해 데이터와 음성 버퍼. 정식 조사에는 제출되지 않았습니다.,grave,,,,BRIDGE,Y,,
D3-03_004,D3-03,4,interrogation,dialogue,ADRIAN,왜 숨겼습니까?,press,,,,BRIDGE,Y,,
D3-03_005,D3-03,5,interrogation,dialogue,THOMAS,"그때 나는 일등항해사였습니다. 리처드는 줄리언이 밸브를 열었다고 믿었고, 회사는 그 설명을 원했습니다. 나는 반박할 증거를 끝까지 복구하지 못했습니다.",guilty,,,,BRIDGE,Y,,
D3-03_006,D3-03,6,interrogation,dialogue,ADRIAN,다니엘에게 금고 위치를 알려줬죠.,focused,,,,BRIDGE,Y,,
D3-03_007,D3-03,7,interrogation,dialogue,THOMAS,익명으로 한 번. 그가 원본을 세상에 내놓길 바랐습니다. 하지만 접근 권한까지 주지는 않았어요.,conflicted,,,,BRIDGE,Y,,
D3-03_008,D3-03,8,interrogation,dialogue,ADRIAN,당신도 익명 제보자입니까?,focused,,,,BRIDGE,Y,,
D3-03_009,D3-03,9,interrogation,dialogue,THOMAS,위치만 알렸습니다. 리처드가 범인이라고 말한 적은 없습니다.,firm,,,,BRIDGE,Y,,
D3-03_010,D3-03,10,choice,choice,PLAYER_CHOICE,선장을 공범으로 지목,choice,,D3-03_C1,trust_thomas:-2; flag:thomas_accused,UI choice,N,D3-03_APPROACH,
D3-03_011,D3-03,11,choice,choice,PLAYER_CHOICE,증인으로 설득,choice,,D3-03_C2,trust_thomas:+1; flag:thomas_cooperates,UI choice,N,D3-03_APPROACH,
D3-03_012,D3-03,12,choice_result,branch_response,ADRIAN,원본을 숨기고 기자를 금고로 유도했습니다. 침묵도 공범의 방식입니다.,hard,choice(D3-03_C1),,,BRIDGE,Y,D3-03_APPROACH,
D3-03_013,D3-03,13,choice_result,branch_response,THOMAS,그 말이 틀렸다고는 못 하겠습니다. 하지만 다니엘을 죽일 이유는 없습니다. 금고 접근을 돕지도 않았습니다.,hurt,choice(D3-03_C1),,trust_thomas:-2; flag:vault_access_delayed,BRIDGE,Y,D3-03_APPROACH,
D3-03_014,D3-03,14,choice_result,branch_response,ADRIAN,당신의 침묵은 이미 한 번 진실을 죽였습니다. 이번에는 증인으로 남으세요. 금고를 열어 원본 상태를 확인하게 해주십시오.,calm,choice(D3-03_C2),,,BRIDGE,Y,D3-03_APPROACH,
D3-03_015,D3-03,15,choice_result,branch_response,THOMAS,"선장 인증을 제공하겠습니다. 단, 모듈은 복사 후 즉시 다시 봉인합니다.",resolved,choice(D3-03_C2),,trust_thomas:+1; flag:captain_auth_granted,BRIDGE,Y,D3-03_APPROACH,
D3-03_016,D3-03,16,vault,dialogue,THOMAS,금고는 이중 인증입니다. 선장 키와 보안 책임자 키가 필요합니다.,neutral,,,,BRIDGE,Y,,
D3-03_017,D3-03,17,vault,dialogue,ADRIAN,마커스 벨.,focused,,,,BRIDGE,Y,,
D3-03_018,D3-03,18,vault,dialogue,THOMAS,그가 거부하면 이블린의 운영 관리자 권한이 대체 인증으로 작동합니다.,grave,,,,BRIDGE,Y,,
D3-03_019,D3-03,19,conclusion,monologue,ADRIAN,대체 권한까지 아는 사람이 다니엘의 초대장을 보냈군요.,internal,,,,BRIDGE,Y,,
D3-03_020,D3-03,20,close,system,SYSTEM,금고 접근 퀘스트 활성화. 토머스 증언: 다니엘에게 위치만 제공.,system,,,scene_unlock:D3-04,UI,N,,
D3-04_001,D3-04,1,opening,narration,NARRATION,금고 문이 열리자 차가운 공기와 오래된 전자 장비 냄새가 흘러나왔다. 중앙 선반에는 봉인 스티커가 새것인 데이터 모듈 하나가 놓여 있었다.,observe,D3-03,,,VAULT,N,,
D3-04_002,D3-04,2,access,dialogue,MARCUS,선장 키 확인. 제 보안 키 확인. 접근 기록은 자동 저장됩니다.,professional,,,,VAULT,Y,,
D3-04_003,D3-04,3,access,dialogue,EVELYN,모듈 복구는 외부 업체 없이 진행하기 어렵습니다. 손상시키지 않도록 주의하세요.,controlled,,,,VAULT,Y,,
D3-04_004,D3-04,4,inspection,narration,NARRATION,[조사: 봉인 스티커],observe,,,,VAULT,N,,
D3-04_005,D3-04,5,inspection,inspection,ADRIAN,봉인 날짜는 사고 직후가 아니라 6개월 전이다. 누군가 최근 모듈을 꺼내 다시 봉인했다.,focused,,,,VAULT,Y,,
D3-04_006,D3-04,6,evidence,system,SYSTEM,단서 획득: 보조 단서: 최근 재봉인,system,,,flag:module_resealed,UI,N,,
D3-04_007,D3-04,7,inspection,narration,NARRATION,[조사: 모듈 데이터 맵],observe,,,,VAULT,N,,
D3-04_008,D3-04,8,inspection,inspection,ADRIAN,음성 버퍼 일부가 무작위 데이터로 덮어쓰기 됐다. 덮어쓰기 시각은 1일 차 21:05.,focused,,,,VAULT,Y,,
D3-04_009,D3-04,9,evidence,system,SYSTEM,단서 획득: 보조 단서: 모듈 덮어쓰기,system,,,flag:module_overwritten,UI,N,,
D3-04_010,D3-04,10,inspection,narration,NARRATION,[조사: 이중 인증 로그],observe,,,,VAULT,N,,
D3-04_011,D3-04,11,inspection,inspection,ADRIAN,"21:05 접근에 선장 키는 없고, 보안 책임자 키와 운영 관리자 대체 인증이 함께 사용되었다.",focused,,,,VAULT,Y,,
D3-04_012,D3-04,12,evidence,system,SYSTEM,단서 획득: C-15 마커스 인증,system,,,evidence:C-15_partial,UI,N,,
D3-04_013,D3-04,13,interrogation,dialogue,ADRIAN,선장 키 없이도 열렸습니다. 대체 인증이 사용됐군요.,focused,,,,VAULT,Y,,
D3-04_014,D3-04,14,interrogation,dialogue,EVELYN,비상 운영 규정입니다. 선장이 브리지에서 이탈할 수 없는 상황을 대비한 절차죠.,matter_of_fact,,,,VAULT,Y,,
D3-04_015,D3-04,15,interrogation,dialogue,ADRIAN,"21시 05분, 파티 중이었습니다. 당신은 사진에 찍혀 있었고 마커스는 보안실에 있었죠.",focused,,,,VAULT,Y,,
D3-04_016,D3-04,16,interrogation,dialogue,MARCUS,제 키는 제 단말기에 있었습니다.,defensive,,,,VAULT,Y,,
D3-04_017,D3-04,17,interrogation,dialogue,ADRIAN,키가 아니라 인증 토큰이 사용됐습니다. 누군가 빌릴 수 있는 형태군요.,press,,,,VAULT,Y,,
D3-04_018,D3-04,18,interrogation,dialogue,MARCUS,그건… 원격 승인용입니다. 하지만 저는 승인한 적 없습니다.,nervous,,,,VAULT,Y,,
D3-04_019,D3-04,19,motif,dialogue,EVELYN,사실은 언제나 비용을 요구합니다. 지금은 추측으로 직원의 경력을 비용으로 쓰지 않으셨으면 합니다.,cool,,,,VAULT,Y,,
D3-04_020,D3-04,20,motif,dialogue,ADRIAN,그 문장을 자주 쓰시는군요.,suspicious,,,,VAULT,Y,,
D3-04_021,D3-04,21,motif,dialogue,EVELYN,자주 사실을 다루니까요.,smile,,,,VAULT,Y,,
D3-04_022,D3-04,22,close,system,SYSTEM,단서 등록: 이중 인증 / 21:05 접근 / 모듈 덮어쓰기. 마커스 심문 압박도가 상승합니다.,system,,,"flag:marcus_pressure; scene_unlock:D3-05,D4-01",UI,N,,
D3-05_001,D3-05,1,opening,narration,NARRATION,밤바다는 검은 유리처럼 배 옆을 미끄러졌다. 클레어는 다니엘의 백업 채팅을 휴대 단말기로 복원하고 있었다.,observe,D3-04,,,PROMENADE,N,,
D3-05_002,D3-05,2,analysis,dialogue,CLAIRE,"이런 문체 분석이 정말 증거가 되나요? 회사 사람들은 다 비슷하게 말해요. 책임, 비용, 절차.",skeptical,,,,PROMENADE,Y,,
D3-05_003,D3-05,3,analysis,dialogue,ADRIAN,단어 하나가 아니라 답을 피하는 방식이 반복됩니다.,focused,,,,PROMENADE,Y,,
D3-05_004,D3-05,4,chat,recording,ANON_CHAT,회장은 그날 밤 항로를 바꾸게 했습니다. 사실은 언제나 비용을 요구합니다.,controlled,chat_playback,,,Chat UI,Y,,
D3-05_005,D3-05,5,chat,recording,ANON_CHAT,당신은 원본을 보면 기사를 멈출 수 없을 겁니다. 비용을 감당할 준비를 하세요.,controlled,chat_playback,,,Chat UI,Y,,
D3-05_006,D3-05,6,analysis,dialogue,CLAIRE,‘비용’이 세 번. ‘정리’가 네 번. 질문에 답할 때는 항상 주어를 빼고요.,focused,,,,PROMENADE,Y,,
D3-05_007,D3-05,7,analysis,dialogue,ADRIAN,이블린도 같은 방식으로 말합니다. 책임자를 지우고 결과만 남기죠.,realization,,,,PROMENADE,Y,,
D3-05_008,D3-05,8,inspection,narration,NARRATION,[조사: 문체 비교 카드],observe,,,,PROMENADE,N,,
D3-05_009,D3-05,9,inspection,inspection,ADRIAN,"익명 제보와 이블린 발언에서 ‘사실은 언제나 비용을 요구한다’, ‘가능성을 정리하다’, 주어 생략 패턴이 일치한다.",focused,,,,PROMENADE,Y,,
D3-05_010,D3-05,10,evidence,system,SYSTEM,단서 획득: C-14 문장 습관,system,,,evidence:C-14,UI,N,,
D3-05_011,D3-05,11,conclusion,dialogue,CLAIRE,그녀가 다니엘을 유인했다는 뜻인가요?,uneasy,,,,PROMENADE,Y,,
D3-05_012,D3-05,12,conclusion,dialogue,ADRIAN,아직은 같은 문장을 쓴다는 뜻입니다. 하지만 우연이 반복되면 습관이 됩니다.,calm,,,,PROMENADE,Y,,
D3-05_013,D3-05,13,tablet,dialogue,CLAIRE,다니엘의 태블릿이 있었다면 전체 대화를 볼 수 있을 텐데.,guarded,,,,PROMENADE,Y,,
D3-05_014,D3-05,14,tablet,dialogue,ADRIAN,왜 과거형처럼 말합니까?,press,,,,PROMENADE,Y,,
D3-05_015,D3-05,15,tablet,dialogue,CLAIRE,그 사람이 죽었으니까요. 말꼬리 잡지 마세요.,deflect,,,flag:claire_tablet_suspicion,PROMENADE,Y,,
D3-05_016,D3-05,16,close,monologue,ADRIAN,문체는 범인을 증명하지 못합니다. 다만 누굴 다음에 볼지 정해 주죠.,internal,,,,PROMENADE,Y,,
D3-05_017,D3-05,17,close,system,SYSTEM,C-14 문장 습관 등록. 이블린-익명 제보자 연결 가설이 보류 상태로 생성됩니다.,system,,,scene_unlock:D4-01,UI,N,,
D4-01_001,D4-01,1,opening,narration,NARRATION,마커스는 보안실의 모든 화면을 켜 놓았지만 어느 것도 보고 있지 않았다. 책상 한쪽에는 독촉 메시지가 반복해서 떠올랐다.,observe,D3-04,,,SECURITY,N,,
D4-01_002,D4-01,2,inspection,narration,NARRATION,[조사: 개인 채무 알림],observe,,,,SECURITY,N,,
D4-01_003,D4-01,3,inspection,inspection,ADRIAN,선상 카지노 외부 대부업체에 14만 달러 상당의 채무. 상환 기한은 이번 항해 마지막 날이다.,focused,,,,SECURITY,Y,,
D4-01_004,D4-01,4,evidence,system,SYSTEM,단서 획득: 보조 단서: 도박 채무,system,,,flag:marcus_debt,UI,N,,
D4-01_005,D4-01,5,inspection,narration,NARRATION,[조사: 삭제된 비밀 연락],observe,,,,SECURITY,N,,
D4-01_006,D4-01,6,inspection,inspection,ADRIAN,이블린과의 암호화 메시지: ‘인증을 10분만 빌리면 채무 문제를 정리하겠다.’ 발신 시각 1일 차 20:52.,focused,,,,SECURITY,Y,,
D4-01_007,D4-01,7,evidence,system,SYSTEM,단서 획득: 보조 단서: 이블린과의 비밀 연락,system,,,flag:evelyn_marcus_contact,UI,N,,
D4-01_008,D4-01,8,interrogation,dialogue,ADRIAN,21시 05분 금고 접근에 당신 토큰이 쓰였습니다. 13분 전 이블린이 채무를 정리해 주겠다고 했고요.,focused,,,,SECURITY,Y,,
D4-01_009,D4-01,9,interrogation,dialogue,MARCUS,그 메시지는 업무 협조였습니다. 그녀가 회사 복지팀과 연결해 준다고—,nervous,,,,SECURITY,Y,,
D4-01_010,D4-01,10,interrogation,dialogue,ADRIAN,복지팀은 이중 인증을 요구하지 않습니다.,press,,,,SECURITY,Y,,
D4-01_011,D4-01,11,interrogation,dialogue,MARCUS,저는 금고에 가지 않았습니다. 영상에도 보안실에 있습니다.,defensive,,,,SECURITY,Y,,
D4-01_012,D4-01,12,choice_setup,dialogue,ADRIAN,누가 당신 대신 갔는지는 묻지 않았습니다. 토큰을 누구에게 줬는지 물었습니다.,firm,,,,SECURITY,Y,,
D4-01_013,D4-01,13,choice,choice,PLAYER_CHOICE,빚 공개 협박,choice,,D4-01_C1,trust_marcus:-1; flag:marcus_confession_coerced,UI choice,N,D4-01_STYLE,
D4-01_014,D4-01,14,choice,choice,PLAYER_CHOICE,보호 약속,choice,,D4-01_C2,trust_marcus:+1; flag:marcus_confession_promised,UI choice,N,D4-01_STYLE,
D4-01_015,D4-01,15,choice_result,branch_response,ADRIAN,"채무와 대가성 인증 제공을 선장에게 공개하겠습니다. 지금 말하면 실수, 나중에 드러나면 공범입니다.",hard,choice(D4-01_C1),,,SECURITY,Y,D4-01_STYLE,
D4-01_016,D4-01,16,choice_result,branch_response,MARCUS,잠깐만요. 오늘 정오에 전부 말하겠습니다. 사람들이 없는 곳에서요.,panicked,choice(D4-01_C1),,trust_marcus:-1; flag:confession_meeting_noon,SECURITY,Y,D4-01_STYLE,
D4-01_017,D4-01,17,choice_result,branch_response,ADRIAN,당신이 인증을 빌려준 사실과 다니엘의 살인은 아직 같은 죄가 아닙니다. 먼저 사실을 말하면 선장에게 협조자로 기록하겠습니다.,calm,choice(D4-01_C2),,,SECURITY,Y,D4-01_STYLE,
D4-01_018,D4-01,18,choice_result,branch_response,MARCUS,이블린이 비상 점검이라고 했습니다. 토큰만 넘겼어요. 오늘 정오에 토머스 선장 앞에서 진술하겠습니다.,shaken,choice(D4-01_C2),,trust_marcus:+1; flag:confession_meeting_noon,SECURITY,Y,D4-01_STYLE,
D4-01_019,D4-01,19,meeting,dialogue,ADRIAN,왜 지금이 아니라 정오죠?,suspicious,,,,SECURITY,Y,,
D4-01_020,D4-01,20,meeting,dialogue,MARCUS,백업 로그를 찾아야 합니다. 말만으로는 이블린이 저를 거짓말쟁이로 만들 겁니다.,low,,,,SECURITY,Y,,
D4-01_021,D4-01,21,threat,recording,EVELYN_MESSAGE,사실은 언제나 비용을 요구합니다. 당신은 이미 비용을 선택했습니다.,controlled,message_popup,,,Phone UI,Y,,
D4-01_022,D4-01,22,threat,dialogue,MARCUS,이 메시지… 방금 왔습니다.,afraid,,,,SECURITY,Y,,
D4-01_023,D4-01,23,close,dialogue,ADRIAN,혼자 움직이지 마세요.,urgent,,,,SECURITY,Y,,
D4-01_024,D4-01,24,close,system,SYSTEM,고백 약속 등록: 4일 차 12:00. 마커스 위험 플래그가 활성화됩니다.,system,,,scene_unlock:D4-02,UI,N,,
D4-02_001,D4-02,1,opening,narration,NARRATION,"11시 45분, 승무원 계단 비에서 금속 충돌음이 세 번 울렸다. 마커스는 중간 참에 쓰러져 있었고, 아래 계단은 물에 젖어 있었다.",observe,D4-01,,,STAIR_B,N,,
D4-02_002,D4-02,2,rescue,dialogue,HELENA,의식 없습니다. 머리와 흉부 충격이 있어요. 움직이지 마세요.,urgent,,,,STAIR_B,Y,,
D4-02_003,D4-02,3,rescue,dialogue,EVELYN,제가 발견했습니다. 위층에서 신음 소리가 들렸어요.,controlled,,,,STAIR_B,Y,,
D4-02_004,D4-02,4,suspicion,dialogue,ADRIAN,당신 장갑에 물이 묻었습니다.,focused,,,,STAIR_B,Y,,
D4-02_005,D4-02,5,suspicion,dialogue,EVELYN,맥박을 확인하려고 난간을 잡았습니다. 지금 의심보다 응급처치가 먼저 아닌가요?,cool,,,,STAIR_B,Y,,
D4-02_006,D4-02,6,inspection,narration,NARRATION,[조사: 젖은 계단],observe,,,,STAIR_B,N,,
D4-02_007,D4-02,7,inspection,inspection,ADRIAN,세척수 냄새가 나지만 청소 표지판은 접힌 채 벽 안쪽에 있다. 물은 위에서 아래로 자연스럽게 흘렀다.,focused,,,,STAIR_B,Y,,
D4-02_008,D4-02,8,evidence,system,SYSTEM,단서 획득: 보조 단서: 젖은 계단,system,,,flag:wet_stairs,UI,N,,
D4-02_009,D4-02,9,inspection,narration,NARRATION,[조사: 난간의 장갑 섬유],observe,,,,STAIR_B,N,,
D4-02_010,D4-02,10,inspection,inspection,ADRIAN,검은 장갑 섬유가 난간에 걸렸다. 이블린의 행사 장갑과 색상은 같지만 섬유 형태는 승무원 공용 장갑과도 동일하다.,focused,,,,STAIR_B,Y,,
D4-02_011,D4-02,11,evidence,system,SYSTEM,단서 획득: 보조 단서: 장갑 섬유,system,,,flag:glove_fiber_ambiguous,UI,N,,
D4-02_012,D4-02,12,inspection,narration,NARRATION,[조사: 마커스의 발자국],observe,,,,STAIR_B,N,,
D4-02_013,D4-02,13,inspection,inspection,ADRIAN,"발자국 간격이 마지막 세 칸에서 급격히 길어지고, 한 발이 물 웅덩이 중앙을 밟았다.",focused,,,,STAIR_B,Y,,
D4-02_014,D4-02,14,evidence,system,SYSTEM,단서 획득: 보조 단서: 추락 전 발자국,system,,,flag:marcus_footprints,UI,N,,
D4-02_015,D4-02,15,decision,dialogue,HELENA,누가 밀었다면 등이나 어깨에 접촉 흔적이 있을 수 있어요. 지금은 병실로 옮겨야 합니다.,clinical,,,,STAIR_B,Y,,
D4-02_016,D4-02,16,choice,choice,PLAYER_CHOICE,이블린을 즉시 구금,choice,,D4-02_C1,flag:evelyn_wrongful_detention; trust_evelyn:-1; publicAnxiety:+10,UI choice,N,D4-02_DETAIN,
D4-02_017,D4-02,17,choice,choice,PLAYER_CHOICE,현장을 먼저 보존,choice,,D4-02_C2,flag:no_premature_detention; evidenceIntegrity:+0,UI choice,N,D4-02_DETAIN,
D4-02_018,D4-02,18,choice_result,branch_response,ADRIAN,"이블린 쇼, 조사 종료까지 보안실에 머무르십시오. 마커스와 단둘이 접촉하지 마세요.",commanding,choice(D4-02_C1),,,STAIR_B,Y,D4-02_DETAIN,
D4-02_019,D4-02,19,choice_result,branch_response,EVELYN,섬유 하나와 젖은 계단으로 사람을 구금하는군요. 사실보다 이야기가 더 빨리 완성됐습니다.,cold,choice(D4-02_C1),,flag:evelyn_wrongful_detention; publicAnxiety:+10,STAIR_B,Y,D4-02_DETAIN,
D4-02_020,D4-02,20,choice_result,branch_response,ADRIAN,"아무도 계단에 들어오지 마세요. 이블린, 당신 동선은 확인하겠지만 지금은 증거가 부족합니다.",firm,choice(D4-02_C2),,,STAIR_B,Y,D4-02_DETAIN,
D4-02_021,D4-02,21,choice_result,branch_response,EVELYN,현명하군요. 의심은 자유지만 절차는 비용이 듭니다.,controlled,choice(D4-02_C2),,flag:no_premature_detention,STAIR_B,Y,D4-02_DETAIN,
D4-02_022,D4-02,22,conclusion,monologue,ADRIAN,마커스는 고백 직전에 쓰러졌습니다. 하지만 타이밍은 범행 수법이 아닙니다.,internal,,,,STAIR_B,Y,,
D4-02_023,D4-02,23,close,system,SYSTEM,오판 위험 플래그 갱신. 계단 재구성 퍼즐이 해금되었습니다.,system,,,scene_unlock:D4-03,UI,N,,
D4-03_001,D4-03,1,opening,narration,NARRATION,오후가 되자 물은 말랐지만 테이프로 표시한 발자국과 손자국은 계단 위에 남아 있었다.,observe,D4-02,,,STAIR_B,N,,
D4-03_002,D4-03,2,setup,dialogue,OWEN,계단은 기계와 같습니다. 힘이 들어간 방향만 맞추면 어디서 틀어졌는지 보입니다.,matter_of_fact,,,,STAIR_B,Y,,
D4-03_003,D4-03,3,puzzle,system,SYSTEM,"재구성 퍼즐: 발자국, 손자국, 충돌 지점을 시간 순서로 배치하세요.",tutorial,,,,Puzzle UI,N,,
D4-03_004,D4-03,4,puzzle,puzzle_feedback,ADRIAN,첫 미끄러짐은 오른발이 물 중앙을 밟은 지점입니다.,focused,puzzle_step=1,,,Puzzle,Y,,
D4-03_005,D4-03,5,puzzle,puzzle_feedback,OWEN,난간 손자국이 아래로 길게 끌렸습니다. 누군가 잡아당긴 게 아니라 본인이 버티다 놓친 모양입니다.,neutral,puzzle_step=2,,,Puzzle,Y,,
D4-03_006,D4-03,6,puzzle,puzzle_feedback,ADRIAN,"등 뒤 접촉 흔적은 없고, 발자국 사이에 두 번째 사람의 무게 이동도 없습니다.",focused,puzzle_step=3,,,Puzzle,Y,,
D4-03_007,D4-03,7,puzzle,puzzle_feedback,ADRIAN,두 번째 사람을 배치하면 물 웅덩이에 추가 발자국이 생겨야 합니다. 현장과 맞지 않습니다.,focused,theory=push_from_behind,,,Puzzle,Y,,
D4-03_008,D4-03,8,puzzle,puzzle_feedback,ADRIAN,이블린의 장갑 섬유는 발견자의 접촉으로도 설명됩니다. 단독으로는 추락 원인이 아닙니다.,focused,theory=glove_proves_push,,,Puzzle,Y,,
D4-03_009,D4-03,9,puzzle,puzzle_feedback,ADRIAN,마커스는 누군가에게 밀린 게 아닙니다. 서둘러 내려오다 물을 밟고 스스로 균형을 잃었습니다.,realization,puzzle_correct,,theory:marcus_accidental_fall,Puzzle complete,Y,,
D4-03_010,D4-03,10,ethics,dialogue,OWEN,물은 왜 있었을까요?,concerned,,,,STAIR_B,Y,,
D4-03_011,D4-03,11,ethics,dialogue,ADRIAN,청소 카트는 이블린의 운영 지시로 이 구역을 지나갔습니다. 위험을 알고도 표지판을 세우지 않았죠.,focused,,,,STAIR_B,Y,,
D4-03_012,D4-03,12,ethics,dialogue,OWEN,그녀가 밀지는 않았지만 넘어질 조건은 만들었습니다.,grim,,,,STAIR_B,Y,,
D4-03_013,D4-03,13,conclusion,dialogue,ADRIAN,"살인미수는 아닙니다. 비윤리적 방치와 위협은 맞지만, 다른 죄를 덧씌우면 진짜 범죄가 흐려집니다.",firm,,,,STAIR_B,Y,,
D4-03_014,D4-03,14,branch_consequence,dialogue,EVELYN,이제 구금을 풀어주시겠습니까?,cold,flag:evelyn_wrongful_detention,,,STAIR_B,Y,,
D4-03_015,D4-03,15,branch_consequence,dialogue,ADRIAN,추락 혐의는 철회합니다. 제 판단이 빨랐습니다.,controlled,flag:evelyn_wrongful_detention,,trust_all:-1; flag:adrian_admits_error,STAIR_B,Y,,
D4-03_016,D4-03,16,puzzle_hint,hint,UI_HINT,두 번째 인물의 흔적이 실제로 존재하는지 먼저 확인하세요.,hint1,hint_level=1,,,Hint UI,N,,
D4-03_017,D4-03,17,puzzle_hint,hint,UI_HINT,발자국 간격과 난간 손자국의 방향을 연결하세요.,hint2,hint_level=2,,,Hint UI,N,,
D4-03_018,D4-03,18,puzzle_hint,hint,UI_HINT,오른발 미끄러짐 → 난간을 잡음 → 손자국이 아래로 끌림 → 충돌 순서입니다.,hint3,hint_level=3,,,Hint UI,N,,
D4-03_019,D4-03,19,close,system,SYSTEM,결론 등록: 자력 추락. 이블린의 비윤리적 방치는 별도 사실로 유지됩니다.,system,,,scene_unlock:D4-04,UI,N,,
D4-04_001,D4-04,1,opening,narration,NARRATION,"마커스는 목 보호대를 찬 채 눈을 떴다. 턱 골절 때문에 말할 수 없었고, 오른손 검지만 움직일 수 있었다.",observe,D4-03,,,MEDBAY,N,,
D4-04_002,D4-04,2,setup,dialogue,HELENA,"예는 한 번, 아니오는 두 번 손가락을 움직이세요. 피로가 심해서 질문은 다섯 개만 가능합니다.",clinical,,,,MEDBAY,Y,,
D4-04_003,D4-04,3,setup,dialogue,ADRIAN,질문은 사실 하나만 확인해야 합니다. 추측을 묻으면 답도 추측이 됩니다.,focused,,,,MEDBAY,Y,,
D4-04_004,D4-04,4,puzzle,system,SYSTEM,제한 심문: 아래 질문 중 5개를 선택하세요. 핵심 증언을 얻으려면 인증 제공 여부를 구체적으로 물어야 합니다.,tutorial,,,,Interrogation UI,N,,
D4-04_005,D4-04,5,choice,choice,PLAYER_CHOICE,이블린이 다니엘을 죽였습니까?,choice,,D4-04_Q1,question_used; answer:unknown,UI choice,N,D4-04_Q,
D4-04_006,D4-04,6,choice,choice,PLAYER_CHOICE,당신은 이블린에게 인증 토큰을 제공했습니까?,choice,,D4-04_Q2,question_used; evidence:C-15,UI choice,N,D4-04_Q,
D4-04_007,D4-04,7,choice,choice,PLAYER_CHOICE,이블린이 당신에게 돈을 약속했습니까?,choice,,D4-04_Q3,question_used; flag:payment_promised,UI choice,N,D4-04_Q,
D4-04_008,D4-04,8,choice,choice,PLAYER_CHOICE,당신이 금고의 모듈을 덮어썼습니까?,choice,,D4-04_Q4,question_used; answer:no,UI choice,N,D4-04_Q,
D4-04_009,D4-04,9,choice,choice,PLAYER_CHOICE,이블린이 금고에 들어가는 것을 직접 봤습니까?,choice,,D4-04_Q5,question_used; answer:no,UI choice,N,D4-04_Q,
D4-04_010,D4-04,10,choice,choice,PLAYER_CHOICE,토큰을 준 시각은 21시 이전입니까?,choice,,D4-04_Q6,question_used; flag:token_before_2100,UI choice,N,D4-04_Q,
D4-04_011,D4-04,11,choice,choice,PLAYER_CHOICE,추락 전에 이블린이 당신을 위협했습니까?,choice,,D4-04_Q7,question_used; flag:threat_message,UI choice,N,D4-04_Q,
D4-04_012,D4-04,12,choice,choice,PLAYER_CHOICE,리처드가 토큰 제공을 지시했습니까?,choice,,D4-04_Q8,question_used; answer:no,UI choice,N,D4-04_Q,
D4-04_013,D4-04,13,answer,branch_response,NARRATION,마커스는 손가락을 움직이지 못한 채 눈을 감았다. 그는 범인을 직접 보지 못했다.,observe,choice(D4-04_Q1),,,MEDBAY,N,D4-04_Q,
D4-04_014,D4-04,14,answer,branch_response,HELENA,답할 수 없는 질문이에요. 한 번을 사용했습니다.,firm,choice(D4-04_Q1),,,MEDBAY,Y,D4-04_Q,
D4-04_015,D4-04,15,answer,branch_response,NARRATION,마커스의 검지가 한 번 움직였다. 예.,observe,choice(D4-04_Q2),,evidence:C-15; flag:marcus_admits_token,MEDBAY,N,D4-04_Q,
D4-04_016,D4-04,16,answer,branch_response,ADRIAN,인증 제공은 확인됐습니다.,focused,choice(D4-04_Q2),,,MEDBAY,Y,D4-04_Q,
D4-04_017,D4-04,17,answer,branch_response,NARRATION,한 번. 이블린은 채무 정리를 약속했다.,observe,choice(D4-04_Q3),,flag:payment_promised,MEDBAY,N,D4-04_Q,
D4-04_018,D4-04,18,answer,branch_response,NARRATION,두 번. 마커스는 모듈을 직접 덮어쓰지 않았다.,observe,choice(D4-04_Q4),,,MEDBAY,N,D4-04_Q,
D4-04_019,D4-04,19,answer,branch_response,NARRATION,두 번. 그는 이블린이 금고에 들어가는 장면을 보지 못했다.,observe,choice(D4-04_Q5),,,MEDBAY,N,D4-04_Q,
D4-04_020,D4-04,20,answer,branch_response,NARRATION,한 번. 토큰은 21시 전에 전달됐다.,observe,choice(D4-04_Q6),,flag:token_before_2100,MEDBAY,N,D4-04_Q,
D4-04_021,D4-04,21,answer,branch_response,NARRATION,한 번. 위협 메시지는 추락 전에 도착했다.,observe,choice(D4-04_Q7),,flag:threat_message,MEDBAY,N,D4-04_Q,
D4-04_022,D4-04,22,answer,branch_response,NARRATION,두 번. 리처드는 지시하지 않았다.,observe,choice(D4-04_Q8),,,MEDBAY,N,D4-04_Q,
D4-04_023,D4-04,23,conclusion,dialogue,ADRIAN,"마커스는 이블린에게 토큰을 빌려줬지만, 금고 안에서 무엇을 했는지는 보지 못했습니다.",focused,flag:marcus_admits_token,,,MEDBAY,Y,,
D4-04_024,D4-04,24,conclusion,dialogue,HELENA,그 선을 넘지 않는 게 중요하겠네요. 증언은 직접 본 범위까지만.,warm,flag:marcus_admits_token,,,MEDBAY,Y,,
D4-04_025,D4-04,25,fallback,fallback,SYSTEM,보조 루트: 핵심 질문을 놓쳤다면 마커스의 메모 패드에서 ‘이·에스 토큰 20:56’ 기록을 회수합니다. 시간 블록 1 소모.,system,not flag(marcus_admits_token),,timeBlock:-1; evidence:C-15,UI,N,,
D4-04_026,D4-04,26,puzzle_hint,hint,UI_HINT,‘범인이 누구인가’보다 마커스가 직접 한 행동을 묻는 질문이 유효합니다.,hint1,hint_level=1,,,Hint UI,N,,
D4-04_027,D4-04,27,puzzle_hint,hint,UI_HINT,금고 로그에 필요한 것은 인증 주체와 제공 사실입니다.,hint2,hint_level=2,,,Hint UI,N,,
D4-04_028,D4-04,28,puzzle_hint,hint,UI_HINT,‘당신은 이블린에게 인증 토큰을 제공했습니까?’를 선택하세요.,hint3,hint_level=3,,,Hint UI,N,,
D4-04_029,D4-04,29,close,system,SYSTEM,C-15 마커스 인증 획득. 금고 공범 연결이 완료되었습니다.,system,,,scene_unlock:D5-01,UI,N,,
D5-01_001,D5-01,1,opening,narration,NARRATION,객실 문이 열리자 하얀 연기가 복도로 밀려 나왔다. 자동커튼은 바닥에 쓰러져 사람 형상의 그림자를 만들고 있었다.,observe,D4-04,,,CABIN_CLAIRE,N,,
D5-01_002,D5-01,2,rescue,dialogue,CLAIRE,여기요! 누가 방 안에 있어요!,panicked,,,,CABIN_CLAIRE,Y,,
D5-01_003,D5-01,3,rescue,dialogue,ADRIAN,창가에서 떨어지세요. 헬레나를 부르고 복도 출입을 막으세요.,commanding,,,,CABIN_CLAIRE,Y,,
D5-01_004,D5-01,4,claim,dialogue,CLAIRE,검은 그림자가 커튼 뒤로 갔어요. 문은 잠겨 있었는데—,breathless,,,,CABIN_CLAIRE,Y,,
D5-01_005,D5-01,5,claim,dialogue,ADRIAN,문은 지금 안에서 열렸습니다. 당신이 열었습니까?,focused,,,,CABIN_CLAIRE,Y,,
D5-01_006,D5-01,6,claim,dialogue,CLAIRE,정신을 차리고 보니 바닥에 있었어요. 손잡이를 잡은 기억은 없습니다.,lying,,,,CABIN_CLAIRE,Y,,
D5-01_007,D5-01,7,inspection,narration,NARRATION,[조사: 출입 영상],observe,,,,CABIN_CLAIRE,N,,
D5-01_008,D5-01,8,inspection,inspection,ADRIAN,08:42 이후 객실 문을 통과한 사람은 없다. 클레어는 08:50에 들어간 뒤 09:00 구조 시점까지 안에 있었다.,focused,,,,CABIN_CLAIRE,Y,,
D5-01_009,D5-01,9,evidence,system,SYSTEM,단서 획득: 보조 단서: 출입 영상 없음,system,,,flag:no_intruder_claire,UI,N,,
D5-01_010,D5-01,10,inspection,narration,NARRATION,[조사: 자동커튼 모터],observe,,,,CABIN_CLAIRE,N,,
D5-01_011,D5-01,11,inspection,inspection,ADRIAN,08:58에 예약 작동. 커튼은 정상적으로 열리는 대신 하단 고정핀이 풀려 앞으로 쓰러지도록 설정돼 있다.,focused,,,,CABIN_CLAIRE,Y,,
D5-01_012,D5-01,12,evidence,system,SYSTEM,단서 획득: 보조 단서: 자동커튼 작동,system,,,flag:curtain_timed,UI,N,,
D5-01_013,D5-01,13,inspection,narration,NARRATION,[조사: 연기 입자],observe,,,,CABIN_CLAIRE,N,,
D5-01_014,D5-01,14,inspection,inspection,ADRIAN,타는 냄새가 없고 온도가 낮다. 화재 연기가 아니라 드라이아이스 계열 안개다.,focused,,,,CABIN_CLAIRE,Y,,
D5-01_015,D5-01,15,evidence,system,SYSTEM,단서 획득: 보조 단서: 저온 연막,system,,,flag:cold_smoke,UI,N,,
D5-01_016,D5-01,16,evidence,dialogue,MARCUS,객실 잠금 로그도 외부 접근이 없습니다. 마스터키 사용 기록도 없고요.,professional,,,,CABIN_CLAIRE,Y,,
D5-01_017,D5-01,17,claim,dialogue,CLAIRE,첫 사건과 같잖아요. 아무도 들어오지 않았는데 누군가 공격한 거예요.,insistent,,,,CABIN_CLAIRE,Y,,
D5-01_018,D5-01,18,suspicion,dialogue,ADRIAN,첫 사건과 닮게 보이도록 만든 것일 수도 있습니다.,calm,,,,CABIN_CLAIRE,Y,,
D5-01_019,D5-01,19,choice,choice,PLAYER_CHOICE,현장을 즉시 봉쇄,choice,,D5-01_C1,evidenceIntegrity:+0; flag:claire_scene_secured,UI choice,N,D5-01_SECURE,
D5-01_020,D5-01,20,choice_result,branch_response,ADRIAN,이번에는 먼저 봉쇄합니다. 클레어도 방 밖으로 나가지 마세요. 피해자이든 연출자이든 현장의 일부입니다.,firm,choice(D5-01_C1),,,CABIN_CLAIRE,Y,D5-01_SECURE,
D5-01_021,D5-01,21,choice_result,branch_response,CLAIRE,"연출자라니, 지금 저를 의심하는 거예요?",offended,choice(D5-01_C1),,,CABIN_CLAIRE,Y,D5-01_SECURE,
D5-01_022,D5-01,22,choice_result,branch_response,ADRIAN,의심은 순서가 없습니다. 확인에는 순서가 있죠.,dry,choice(D5-01_C1),,flag:claire_scene_secured,CABIN_CLAIRE,Y,D5-01_SECURE,
D5-01_023,D5-01,23,conclusion,monologue,ADRIAN,"침입자는 없었습니다. 그렇다면 공격자를 찾는 대신, 공격 장면을 만든 장치를 찾아야 합니다.",internal,,,,CABIN_CLAIRE,Y,,
D5-01_024,D5-01,24,close,system,SYSTEM,반복 밀실 가설 등록. 서비스 로봇과 자동장치 조사가 해금됩니다.,system,,,scene_unlock:D5-02,UI,N,,
D5-02_001,D5-02,1,opening,narration,NARRATION,"연기가 걷히자 객실은 공격 현장보다 무대 뒤편처럼 보였다. 각 장치는 정해진 시간에 움직였고, 사람만 그 시간을 설명하지 못했다.",observe,D5-01,,,CABIN_CLAIRE,N,,
D5-02_002,D5-02,2,inspection,narration,NARRATION,[조사: 서비스 로봇 적재함],observe,,,,CABIN_CLAIRE,N,,
D5-02_003,D5-02,3,inspection,inspection,ADRIAN,적재함 안쪽에 물방울과 드라이아이스 포장 조각이 남아 있다. 08:56 객실 앞 배송 기록이 삭제되었다.,focused,,,,CABIN_CLAIRE,Y,,
D5-02_004,D5-02,4,evidence,system,SYSTEM,단서 획득: 보조 단서: 로봇 적재함,system,,,flag:robot_smoke_delivery,UI,N,,
D5-02_005,D5-02,5,inspection,narration,NARRATION,[조사: 드라이아이스 팩],observe,,,,CABIN_CLAIRE,N,,
D5-02_006,D5-02,6,inspection,inspection,ADRIAN,호텔 바에서 사용하는 냉각 팩. 클레어의 객실 미니바 주문 기록에는 없지만 행사 창고 재고가 하나 부족하다.,focused,,,,CABIN_CLAIRE,Y,,
D5-02_007,D5-02,7,evidence,system,SYSTEM,단서 획득: 보조 단서: 드라이아이스,system,,,flag:dry_ice_source,UI,N,,
D5-02_008,D5-02,8,inspection,narration,NARRATION,[조사: 숨겨진 태블릿],observe,,,,CABIN_CLAIRE,N,,
D5-02_009,D5-02,9,inspection,inspection,ADRIAN,침대 하부 패널 뒤에 다니엘의 태블릿이 있다. 클레어의 지문과 최근 기사 편집 기록이 남아 있다.,focused,,,,CABIN_CLAIRE,Y,,
D5-02_010,D5-02,10,evidence,system,SYSTEM,단서 획득: 보조 단서: 다니엘 태블릿,system,,,flag:tablet_recovered,UI,N,,
D5-02_011,D5-02,11,confront,dialogue,ADRIAN,카메라에는 침입자가 없습니다. 첫 사건과 같아 보이죠.,calm,,,,CABIN_CLAIRE,Y,,
D5-02_012,D5-02,12,confront,dialogue,CLAIRE,그럼 그 사람이 또 온 거예요.,defensive,,,,CABIN_CLAIRE,Y,,
D5-02_013,D5-02,13,confront,dialogue,ADRIAN,아니요. 이번에는 아무도 오지 않았습니다. 당신을 포함해서요.,firm,,,,CABIN_CLAIRE,Y,,
D5-02_014,D5-02,14,confront,dialogue,CLAIRE,무슨 뜻이죠? 저는 방 안에 있었어요.,angry,,,,CABIN_CLAIRE,Y,,
D5-02_015,D5-02,15,confront,dialogue,ADRIAN,"서비스 로봇이 연막장치를 옮기고, 자동커튼이 쓰러지는 그림자를 만들었습니다. 당신은 정해진 시각에 바닥에 누웠고요.",focused,,,,CABIN_CLAIRE,Y,,
D5-02_016,D5-02,16,choice_setup,dialogue,CLAIRE,증거가 있나요?,challenging,,,,CABIN_CLAIRE,Y,,
D5-02_017,D5-02,17,choice,choice,PLAYER_CHOICE,‘침입자가 없다’는 출입 로그 제시,choice,,D5-02_C1,contradiction:1,UI choice,N,D5-02_PROOF,
D5-02_018,D5-02,18,choice,choice,PLAYER_CHOICE,‘커튼이 스스로 쓰러졌다’는 모터 로그 제시,choice,,D5-02_C2,contradiction:2,UI choice,N,D5-02_PROOF,
D5-02_019,D5-02,19,choice,choice,PLAYER_CHOICE,‘연기는 화재가 아니다’는 드라이아이스 제시,choice,,D5-02_C3,contradiction:3,UI choice,N,D5-02_PROOF,
D5-02_020,D5-02,20,proof,branch_response,ADRIAN,외부 출입은 0회입니다. 당신이 말한 검은 사람은 문을 통과하지 않았습니다.,focused,choice(D5-02_C1),,,CABIN_CLAIRE,Y,D5-02_PROOF,
D5-02_021,D5-02,21,proof,branch_response,CLAIRE,창문으로 들어왔을 수도 있죠.,deflect,choice(D5-02_C1),,,CABIN_CLAIRE,Y,D5-02_PROOF,
D5-02_022,D5-02,22,proof,branch_response,ADRIAN,창문 센서도 닫힌 채입니다. 첫 번째 거짓말이군요.,firm,choice(D5-02_C1),,,CABIN_CLAIRE,Y,D5-02_PROOF,
D5-02_023,D5-02,23,proof,branch_response,ADRIAN,커튼 모터는 08시 58분 예약 작동입니다. 그림자는 사람이 아니라 쓰러진 천이 만들었습니다.,focused,choice(D5-02_C2),,,CABIN_CLAIRE,Y,D5-02_PROOF,
D5-02_024,D5-02,24,proof,branch_response,CLAIRE,누군가 밖에서 예약했을 수 있어요.,deflect,choice(D5-02_C2),,,CABIN_CLAIRE,Y,D5-02_PROOF,
D5-02_025,D5-02,25,proof,branch_response,ADRIAN,예약 계정은 객실 태블릿입니다. 두 번째 거짓말입니다.,firm,choice(D5-02_C2),,,CABIN_CLAIRE,Y,D5-02_PROOF,
D5-02_026,D5-02,26,proof,branch_response,ADRIAN,연기는 차갑고 그을음이 없습니다. 드라이아이스를 로봇이 배달했습니다.,focused,choice(D5-02_C3),,,CABIN_CLAIRE,Y,D5-02_PROOF,
D5-02_027,D5-02,27,proof,branch_response,CLAIRE,바에서 실수로 보냈을 수도—,deflect,choice(D5-02_C3),,,CABIN_CLAIRE,Y,D5-02_PROOF,
D5-02_028,D5-02,28,proof,branch_response,ADRIAN,배송 기록을 삭제한 계정은 당신 것입니다. 세 번째 거짓말입니다.,firm,choice(D5-02_C3),,,CABIN_CLAIRE,Y,D5-02_PROOF,
D5-02_029,D5-02,29,confession_hook,dialogue,CLAIRE,…태블릿만 돌려주면 되는 거죠?,defeated,contradictions>=2,,,CABIN_CLAIRE,Y,,
D5-02_030,D5-02,30,confession_hook,dialogue,ADRIAN,태블릿은 다니엘의 소유물입니다. 당신이 돌려주는 게 아니라 제가 회수합니다.,cold,contradictions>=2,,flag:tablet_recovered; scene_unlock:D5-03,CABIN_CLAIRE,Y,,
D5-02_031,D5-02,31,puzzle,puzzle_feedback,ADRIAN,그림자의 모양만으로는 사람이 있었다고 증명할 수 없습니다. 장치의 시간 기록을 보세요.,focused,proof_wrong=shadow,,,Puzzle,Y,,
D5-02_032,D5-02,32,puzzle,puzzle_feedback,ADRIAN,"침입자는 없었고, 장치들이 침입 장면을 완성했습니다. 이 방은 사람이 아니라 예약 명령에 의해 ‘공격당했습니다’.",realization,puzzle_correct,,theory:automated_scene,Puzzle complete,Y,,
D5-02_033,D5-02,33,puzzle_hint,hint,UI_HINT,클레어의 말 중 물리 기록과 직접 충돌하는 문장을 고르세요.,hint1,hint_level=1,,,Hint UI,N,,
D5-02_034,D5-02,34,puzzle_hint,hint,UI_HINT,"출입 로그, 커튼 모터, 연기 성분은 각각 다른 거짓말을 반박합니다.",hint2,hint_level=2,,,Hint UI,N,,
D5-02_035,D5-02,35,puzzle_hint,hint,UI_HINT,세 단서 중 두 개만 제시해도 자작극이 확정됩니다.,hint3,hint_level=3,,,Hint UI,N,,
D5-02_036,D5-02,36,close,system,SYSTEM,태블릿 회수. 자동장치가 현장을 만든다는 개념이 핵심 가설로 등록되었습니다.,system,,,scene_unlock:D5-03,UI,N,,
D5-03_001,D5-03,1,opening,narration,NARRATION,클레어는 심문실 의자에 앉아 손목의 비싼 시계를 테이블 위에 내려놓았다. 처음으로 시간을 보지 않겠다는 태도였다.,observe,D5-02,,,INTERVIEW,N,,
D5-03_002,D5-03,2,confession,dialogue,CLAIRE,다니엘이 가진 비자금 자료를 회수하려고 태블릿을 가져갔어요. 살인과는 관계없습니다.,guarded,,,,INTERVIEW,Y,,
D5-03_003,D5-03,3,confession,dialogue,ADRIAN,21시 58분 기사에서 리처드의 이름을 지운 것도 당신이군요.,focused,,,,INTERVIEW,Y,,
D5-03_004,D5-03,4,confession,dialogue,CLAIRE,삼촌을 지키려던 게 아니라 회사를 지키려던 거예요. 그 차이를 당신은 이해 못 하겠죠.,bitter,,,,INTERVIEW,Y,,
D5-03_005,D5-03,5,confession,dialogue,ADRIAN,이블린도 같은 말을 합니다. 비용과 회사를 사람보다 먼저 놓는 방식까지.,calm,,,,INTERVIEW,Y,,
D5-03_006,D5-03,6,inspection,narration,NARRATION,[조사: 익명 제보 전체 대화],observe,,,,INTERVIEW,N,,
D5-03_007,D5-03,7,inspection,inspection,ADRIAN,"제보자는 다니엘에게 리처드의 은폐 자료를 순차적으로 주고, ‘원본은 선상파티 중 밸러스트 인근에서 전달한다’고 유인했다.",focused,,,,INTERVIEW,Y,,
D5-03_008,D5-03,8,evidence,system,SYSTEM,단서 획득: C-13 익명 채팅,system,,,evidence:C-13,UI,N,,
D5-03_009,D5-03,9,chat,recording,ANON_CHAT,21:20 서비스 계단으로 내려오세요. 회장 계정으로 임시 출입 승인을 보냈습니다.,controlled,chat_playback,,,Chat UI,Y,,
D5-03_010,D5-03,10,chat,recording,DANIEL_CHAT,왜 호라이즌 룸이 아니라 7층입니까?,intense,chat_playback,,,Chat UI,Y,,
D5-03_011,D5-03,11,chat,recording,ANON_CHAT,원본은 이동식 보관함에 있습니다. 사실은 언제나 비용을 요구합니다. 혼자 오세요.,controlled,chat_playback,,,Chat UI,Y,,
D5-03_012,D5-03,12,conclusion,dialogue,ADRIAN,다니엘은 리처드를 만나러 간 게 아닙니다. 제보자가 원본을 준다고 해서 밸러스트 쪽으로 내려갔습니다.,realization,,,,INTERVIEW,Y,,
D5-03_013,D5-03,13,conclusion,dialogue,CLAIRE,그리고 나중에 리처드 명의로 호라이즌 룸에 메시지를 보냈죠. 시신 발견자를 삼촌으로 만들려고.,uneasy,,,,INTERVIEW,Y,,
D5-03_014,D5-03,14,choice,choice,PLAYER_CHOICE,면책 거래,choice,,D5-03_C1,trust_claire:+2; flag:claire_cooperates; flag:funds_disclosure_limited,UI choice,N,D5-03_DEAL,
D5-03_015,D5-03,15,choice,choice,PLAYER_CHOICE,전면 폭로,choice,,D5-03_C2,trust_claire:-1; publicAnxiety:+10; flag:funds_disclosure_full,UI choice,N,D5-03_DEAL,
D5-03_016,D5-03,16,choice_result,branch_response,ADRIAN,태블릿 절도와 자작극을 모두 진술하고 백업 키를 제공하세요. 살인 수사 협조 사실은 기록하겠습니다.,firm,choice(D5-03_C1),,,INTERVIEW,Y,D5-03_DEAL,
D5-03_017,D5-03,17,choice_result,branch_response,CLAIRE,비자금 자료 공개 범위는 법무팀과 협의하게 해주세요. 대신 암호 키와 편집 기록을 전부 넘기겠습니다.,relieved,choice(D5-03_C1),,trust_claire:+2; flag:claire_cooperates,INTERVIEW,Y,D5-03_DEAL,
D5-03_018,D5-03,18,choice_result,branch_response,ADRIAN,"당신의 절도와 자작극, 비자금 은폐를 모두 선장과 당국에 보고합니다. 협조는 감경 사유일 뿐 거래가 아닙니다.",cold,choice(D5-03_C2),,,INTERVIEW,Y,D5-03_DEAL,
D5-03_019,D5-03,19,choice_result,branch_response,CLAIRE,정의를 원하는 게 아니라 완벽한 보고서를 원하는 거군요.,angry,choice(D5-03_C2),,trust_claire:-1; publicAnxiety:+10,INTERVIEW,Y,D5-03_DEAL,
D5-03_020,D5-03,20,conclusion,dialogue,ADRIAN,"익명 제보의 목적은 정보를 주는 게 아니었습니다. 다니엘의 오해를 정확한 방향으로 밀어붙여, 정해진 장소와 시간에 데려가는 것이었습니다.",focused,,,,INTERVIEW,Y,,
D5-03_021,D5-03,21,close,system,SYSTEM,C-13 익명 채팅 완전 획득. ‘다니엘의 리처드 오해를 이용한 유인’이 확정되었습니다.,system,,,scene_unlock:D5-04,UI,N,,
D5-04_001,D5-04,1,opening,narration,NARRATION,"사건 후 처음으로 호라이즌 룸의 모든 장치가 꺼졌다. 물도 음악도 사람의 목소리도 없이, 방은 단지 명령을 기다리는 기계처럼 보였다.",observe,D5-03,,,HORIZON,N,,
D5-04_002,D5-04,2,reasoning,monologue,ADRIAN,"클레어의 방에서는 로봇, 커튼, 연막이 순서대로 움직여 공격 장면을 만들었습니다.",internal,,,,HORIZON,Y,,
D5-04_003,D5-04,3,reasoning,monologue,ADRIAN,"여기서도 시신, 혈흔, 넘친 물, 녹음기가 서로 다른 시간에 도착했을 수 있습니다.",internal,,,,HORIZON,Y,,
D5-04_004,D5-04,4,inspection,narration,NARRATION,[조사: 세면대 타이머 밸브],observe,,,,HORIZON,N,,
D5-04_005,D5-04,5,inspection,inspection,ADRIAN,"수도 손잡이 안쪽에 행사 설비용 무선 밸브가 장착돼 있다. 22:27 자동 개방, 22:44 최대 수위 도달.",focused,,,,HORIZON,Y,,
D5-04_006,D5-04,6,evidence,system,SYSTEM,단서 획득: 보조 단서: 세면대 타이머,system,,,flag:sink_timer,UI,N,,
D5-04_007,D5-04,7,inspection,narration,NARRATION,[조사: 녹음기 예약 재생],observe,,,,HORIZON,N,,
D5-04_008,D5-04,8,inspection,inspection,ADRIAN,21:47에 생성된 파일이 22:36 자동 재생되도록 설정돼 있었다. 리처드가 방에 접근할 때 소리가 들리도록 맞춘 시각이다.,focused,,,,HORIZON,Y,,
D5-04_009,D5-04,9,evidence,system,SYSTEM,단서 획득: 보조 단서: 녹음기 예약,system,,,flag:recorder_timer,UI,N,,
D5-04_010,D5-04,10,inspection,narration,NARRATION,[조사: 천장 패널과 감지기],observe,,,,HORIZON,N,,
D5-04_011,D5-04,11,inspection,inspection,ADRIAN,"패널 수직 아래가 혈흔 중심과 일치하고, 22:18 감지기 오류는 레일 통과 시각과 겹친다.",focused,,,,HORIZON,Y,,
D5-04_012,D5-04,12,evidence,system,SYSTEM,단서 획득: C-08 화재감지기 오류,system,,,evidence:C-08,UI,N,,
D5-04_013,D5-04,13,puzzle,system,SYSTEM,"증거 보드: ‘자동장치’ 노드에 세면대 타이머, 녹음기 예약, 천장 패널을 연결하세요.",tutorial,,,,Evidence Board,N,,
D5-04_014,D5-04,14,puzzle,puzzle_feedback,ADRIAN,세면대는 살해 수단이 아니라 발견 시점을 연출한 장치입니다.,focused,board_wrong=sink_to_cause_of_death,,,Puzzle,Y,,
D5-04_015,D5-04,15,puzzle,puzzle_feedback,ADRIAN,녹음기의 ‘리…’은 리처드를 지목하도록 설계된 미끼일 수 있습니다. 직접 범인 노드에 연결할 수 없습니다.,focused,board_wrong=recording_to_richard,,,Puzzle,Y,,
D5-04_016,D5-04,16,puzzle,puzzle_feedback,ADRIAN,방은 범행 현장이 아니라 결과물이었습니다. 자동장치가 정해진 순서로 시신과 물과 소리를 배치해 ‘살인이 방금 일어난 것처럼’ 완성했습니다.,realization,puzzle_correct,,theory:room_completed_automatically,Puzzle complete,Y,,
D5-04_017,D5-04,17,conclusion,dialogue,ADRIAN,범인이 이 방에서 탈출하지 않은 이유는 단순합니다. 범인은 이 방에 들어오지 않았습니다.,realization,,,,HORIZON,Y,,
D5-04_018,D5-04,18,conclusion,dialogue,ADRIAN,"남은 질문은 시신이 어디서 왔고, 무엇이 그 무게를 옮겼는가입니다.",focused,,,,HORIZON,Y,,
D5-04_019,D5-04,19,puzzle_hint,hint,UI_HINT,첫 사건의 오브젝트를 클레어 객실의 자동장치 역할과 대응시켜 보세요.,hint1,hint_level=1,,,Hint UI,N,,
D5-04_020,D5-04,20,puzzle_hint,hint,UI_HINT,"세면대는 연막, 녹음기는 그림자, 천장 패널은 서비스 로봇에 대응합니다.",hint2,hint_level=2,,,Hint UI,N,,
D5-04_021,D5-04,21,puzzle_hint,hint,UI_HINT,세 장치를 ‘현장 자동 완성’ 가설에 연결하세요.,hint3,hint_level=3,,,Hint UI,N,,
D5-04_022,D5-04,22,close,system,SYSTEM,화물 레일 조사 개방. 6일 차 기관 로그 접근 권한이 부여됩니다.,system,,,scene_unlock:D6-01,UI,N,,
D6-01_001,D6-01,1,opening,narration,NARRATION,기관 제어실의 그래프는 밤새 배가 파도에 맞서 균형을 고친 기록이었다. 한 줄만이 파도와 상관없이 매끈하게 움직였다.,observe,D5-04,,,ENGINE_CTRL,N,,
D6-01_002,D6-01,2,setup,dialogue,OWEN,"안정화 장치는 좌현과 우현 무게 변화를 계산합니다. 승객 한 명은 무시하지만, 일정한 속도로 층을 가로지르면 패턴이 남죠.",matter_of_fact,,,,ENGINE_CTRL,Y,,
D6-01_003,D6-01,3,puzzle,system,SYSTEM,비교 퍼즐: 기상 파도 로그와 선체 보정 로그를 시간축에 겹치세요.,tutorial,,,,Graph Puzzle,N,,
D6-01_004,D6-01,4,puzzle,puzzle_feedback,OWEN,보정값이 86킬로그램입니다. 파도라면 이렇게 일정한 속도로 이동하지 않습니다.,concerned,puzzle_step=weight,,,ENGINE_CTRL,Y,,
D6-01_005,D6-01,5,puzzle,puzzle_feedback,ADRIAN,7층 선미에서 8층 호라이즌 룸까지. 사람 한 명의 무게군요.,focused,puzzle_step=route,,,ENGINE_CTRL,Y,,
D6-01_006,D6-01,6,puzzle,puzzle_feedback,OWEN,하지만 승객용 승강기는 움직이지 않았습니다.,grim,puzzle_step=elevator,,,ENGINE_CTRL,Y,,
D6-01_007,D6-01,7,puzzle,puzzle_feedback,ADRIAN,승객이 아니었으니까요. 화물이었습니다.,realization,puzzle_step=conclusion,,,ENGINE_CTRL,Y,,
D6-01_008,D6-01,8,inspection,narration,NARRATION,[조사: 22:17 안정화 로그],observe,,,,ENGINE_CTRL,N,,
D6-01_009,D6-01,9,inspection,inspection,ADRIAN,22:17:42부터 22:18:11까지 약 86kg이 선미 우현 7층에서 중앙 우현 8층으로 일정하게 이동했다.,focused,,,,ENGINE_CTRL,Y,,
D6-01_010,D6-01,10,evidence,system,SYSTEM,단서 획득: C-09 안정화 로그,system,,,evidence:C-09,UI,N,,
D6-01_011,D6-01,11,inspection,narration,NARRATION,[조사: 기상 로그],observe,,,,ENGINE_CTRL,N,,
D6-01_012,D6-01,12,inspection,inspection,ADRIAN,같은 시간 파고와 풍향 변화는 미미하다. 자연 요인으로 설명할 수 없는 선체 보정이다.,focused,,,,ENGINE_CTRL,Y,,
D6-01_013,D6-01,13,evidence,system,SYSTEM,단서 획득: 보조 단서: 기상과 불일치,system,,,flag:weather_mismatch,UI,N,,
D6-01_014,D6-01,14,route,dialogue,OWEN,행사 레일의 모터 속도와 이동 시간이 거의 같습니다. 개조 분기가 살아 있다면 밸러스트에서 호라이즌 룸까지 29초.,focused,,,,ENGINE_CTRL,Y,,
D6-01_015,D6-01,15,route,dialogue,ADRIAN,감지기 오류가 22시 18분 07초. 무게가 호라이즌 룸 위를 지난 순간과 겹칩니다.,focused,,,,ENGINE_CTRL,Y,,
D6-01_016,D6-01,16,route,dialogue,OWEN,레일 제어 로그는 행사 서버에 있습니다. 정상 목적지는 ‘별 장식 보관함’으로 기록됐을 겁니다.,neutral,,,,ENGINE_CTRL,Y,,
D6-01_017,D6-01,17,puzzle,puzzle_feedback,ADRIAN,파도 그래프와 같은 방향으로 움직이는 값은 자연 보정입니다. 일정한 속도의 독립 신호를 찾으세요.,focused,selected_natural_wave,,,Puzzle,Y,,
D6-01_018,D6-01,18,puzzle,puzzle_feedback,ADRIAN,승강기 기록에는 같은 무게가 없습니다. 사람의 이동 경로로 연결할 수 없습니다.,focused,theory=passenger_elevator,,,Puzzle,Y,,
D6-01_019,D6-01,19,puzzle,puzzle_feedback,ADRIAN,86kg의 물체가 행사 레일 속도로 7층에서 호라이즌 룸 천장까지 이동했습니다.,realization,puzzle_correct,,theory:corpse_moved_by_rail,Puzzle complete,Y,,
D6-01_020,D6-01,20,puzzle_hint,hint,UI_HINT,파도 변화와 모양이 다른 보정선을 찾으세요.,hint1,hint_level=1,,,Hint UI,N,,
D6-01_021,D6-01,21,puzzle_hint,hint,UI_HINT,22시 17분 42초부터 29초 동안 일정하게 움직이는 86kg 신호입니다.,hint2,hint_level=2,,,Hint UI,N,,
D6-01_022,D6-01,22,puzzle_hint,hint,UI_HINT,7층 선미 → 8층 호라이즌 룸 경로를 선택하세요.,hint3,hint_level=3,,,Hint UI,N,,
D6-01_023,D6-01,23,close,system,SYSTEM,C-09 획득. 시신 이동이 확정되고 서비스 레일 접근이 해금됩니다.,system,,,scene_unlock:D6-02,UI,N,,
D6-02_001,D6-02,1,opening,narration,NARRATION,천장 위 통로는 사람이 걷기 위한 길이 아니라 케이블과 레일이 지나기 위한 틈이었다. 금속 바퀴 자국이 어둠 속으로 이어졌다.,observe,D6-01,,,SERVICE_RAIL,N,,
D6-02_002,D6-02,2,setup,dialogue,OWEN,정식 도면은 볼룸과 창고만 연결합니다. 그런데 이 분기 스위치는 수동 개조됐습니다.,concerned,,,,SERVICE_RAIL,Y,,
D6-02_003,D6-02,3,inspection,narration,NARRATION,[조사: 운반백 걸쇠],observe,,,,SERVICE_RAIL,N,,
D6-02_004,D6-02,4,inspection,inspection,ADRIAN,검은 합성섬유와 고무 코팅이 남아 있다. 패널에서 발견한 섬유와 같은 재질이다.,focused,,,,SERVICE_RAIL,Y,,
D6-02_005,D6-02,5,evidence,system,SYSTEM,단서 획득: C-10 운반백 자국,system,,,evidence:C-10_partial,UI,N,,
D6-02_006,D6-02,6,inspection,narration,NARRATION,[조사: 레일 바퀴 압흔],observe,,,,SERVICE_RAIL,N,,
D6-02_007,D6-02,7,inspection,inspection,ADRIAN,한쪽 바퀴에 80kg 이상 하중이 걸릴 때 생기는 눌림이 있다. 최근 윤활유 위에 한 번만 지나간 자국이다.,focused,,,,SERVICE_RAIL,Y,,
D6-02_008,D6-02,8,evidence,system,SYSTEM,단서 획득: 보조 단서: 고하중 통과,system,,,flag:heavy_rail_pass,UI,N,,
D6-02_009,D6-02,9,puzzle,system,SYSTEM,분기 스위치 퍼즐: 행사 장비 이동 카드와 스위치 상태를 맞춰 22:18 경로를 복원하세요.,tutorial,,,,Rail Puzzle,N,,
D6-02_010,D6-02,10,puzzle,puzzle_feedback,OWEN,‘별 장식 보관함’ 명령은 가짜 목적지입니다. 실제로는 분기 7-비에서 신호가 바뀌었습니다.,focused,puzzle_step=7B,,,SERVICE_RAIL,Y,,
D6-02_011,D6-02,11,puzzle,puzzle_feedback,ADRIAN,"밸러스트 별실 상부에서 출발해 서비스 샤프트를 오른 뒤, 호라이즌 룸 패널 위에서 멈췄군요.",focused,puzzle_step=route,,,SERVICE_RAIL,Y,,
D6-02_012,D6-02,12,puzzle,puzzle_feedback,OWEN,정지 후 걸쇠가 12초 열렸습니다. 운반백을 아래로 떨어뜨리기에 충분한 시간입니다.,grim,puzzle_step=release,,,SERVICE_RAIL,Y,,
D6-02_013,D6-02,13,puzzle,puzzle_feedback,ADRIAN,볼룸 경로는 22시 18분 사진 기록과 맞지 않습니다. 무대 장식은 계속 제자리에 있었습니다.,focused,rail_route=ballroom,,,Puzzle,Y,,
D6-02_014,D6-02,14,puzzle,puzzle_feedback,ADRIAN,창고 분기는 층 이동이 없습니다. 안정화 로그의 7층→8층 변화와 충돌합니다.,focused,rail_route=storage,,,Puzzle,Y,,
D6-02_015,D6-02,15,puzzle,puzzle_feedback,ADRIAN,경로는 밸러스트 제어 별실 → 수직 서비스 샤프트 → 호라이즌 룸 천장 패널입니다. 시신은 운반백에 실려 움직였습니다.,realization,puzzle_correct,,theory:ballast_to_horizon_rail,Puzzle complete,Y,,
D6-02_016,D6-02,16,suspect,dialogue,ADRIAN,이 길을 사용하려면 행사 운영 권한과 레일 구조 지식이 필요합니다.,focused,,,,SERVICE_RAIL,Y,,
D6-02_017,D6-02,17,suspect,dialogue,OWEN,"구조를 아는 사람은 기관부, 행사 운영팀, 그리고 개조를 승인한 COO입니다.",neutral,,,,SERVICE_RAIL,Y,,
D6-02_018,D6-02,18,suspect,dialogue,ADRIAN,이블린.,low,,,,SERVICE_RAIL,Y,,
D6-02_019,D6-02,19,suspect,dialogue,OWEN,이름은 아직 기계에 없습니다. 권한 기록을 더 찾아야 합니다.,cautious,,,,SERVICE_RAIL,Y,,
D6-02_020,D6-02,20,conclusion,dialogue,ADRIAN,레일의 출발점이 실제 살해 장소를 가리킵니다. 밸러스트를 보죠.,firm,,,,SERVICE_RAIL,Y,,
D6-02_021,D6-02,21,puzzle_hint,hint,UI_HINT,86kg 신호가 층을 올라간 경로만 유효합니다.,hint1,hint_level=1,,,Hint UI,N,,
D6-02_022,D6-02,22,puzzle_hint,hint,UI_HINT,7-비 분기와 수직 서비스 샤프트를 연결하세요.,hint2,hint_level=2,,,Hint UI,N,,
D6-02_023,D6-02,23,puzzle_hint,hint,UI_HINT,밸러스트 출발 → 호라이즌 룸 도착 → 걸쇠 해제 순서입니다.,hint3,hint_level=3,,,Hint UI,N,,
D6-02_024,D6-02,24,close,system,SYSTEM,실제 살해 장소 후보: 밸러스트 제어 별실. C-10 운반백 연결이 등록되었습니다.,system,,,scene_unlock:D6-03,UI,N,,
D6-03_001,D6-03,1,opening,narration,NARRATION,밸러스트 제어 별실의 바닥은 검은 고무 코팅으로 덮여 있었다. 세척제 냄새가 강했지만 배수구 가장자리에는 오래 마른 갈색 선이 남아 있었다.,observe,D6-02,,,BALLAST,N,,
D6-03_002,D6-03,2,opening,dialogue,HELENA,여긴 의료 구역보다 깨끗하네요. 사건 뒤에 청소했기 때문이라면요.,dry,,,,BALLAST,Y,,
D6-03_003,D6-03,3,inspection,narration,NARRATION,[조사: 다니엘의 구두 밑창 대조],observe,,,,BALLAST,N,,
D6-03_004,D6-03,4,inspection,inspection,ADRIAN,구두 홈에서 나온 검은 고무 조각의 입자와 바닥 코팅이 일치한다. 호라이즌 룸 카펫에서는 생길 수 없는 마모다.,focused,,,,BALLAST,Y,,
D6-03_005,D6-03,5,evidence,system,SYSTEM,단서 획득: C-06 구두 밑창,system,,,evidence:C-06,UI,N,,
D6-03_006,D6-03,6,shoe,dialogue,ADRIAN,다니엘은 죽기 전에 이 바닥을 걸었습니다. 서비스 계단 동선과도 맞습니다.,focused,,,,BALLAST,Y,,
D6-03_007,D6-03,7,inspection,narration,NARRATION,[조사: 배수구 주변 세척 흔적],observe,,,,BALLAST,N,,
D6-03_008,D6-03,8,inspection,inspection,ADRIAN,표백제가 혈액 단백질을 완전히 제거하지 못했다. 배수 방향으로 닦아낸 넓은 자국이 있다.,focused,,,,BALLAST,Y,,
D6-03_009,D6-03,9,evidence,system,SYSTEM,단서 획득: 보조 단서: 혈흔 세척 흔적,system,,,flag:cleaned_blood,UI,N,,
D6-03_010,D6-03,10,puzzle,system,SYSTEM,루미놀 조사: 광원을 끄고 반응 영역을 순서대로 촬영하세요.,tutorial,,,,Luminol Puzzle,N,,
D6-03_011,D6-03,11,puzzle,puzzle_feedback,HELENA,"벽이 아니라 바닥 중앙에서 강하게 반응해요. 끌린 자국은 없고, 한곳에 머문 흔적입니다.",clinical,puzzle_step=center,,,BALLAST,Y,,
D6-03_012,D6-03,12,puzzle,puzzle_feedback,ADRIAN,작은 비산점은 옆구리 높이에서 시작합니다. 자상은 여기서 생겼습니다.,focused,puzzle_step=stabbing,,,BALLAST,Y,,
D6-03_013,D6-03,13,puzzle,puzzle_feedback,HELENA,그런데 출혈량은 치명상보다 적습니다. 상처 뒤에도 심장은 오래 뛰지 않았어요.,concerned,puzzle_step=low_blood,,,BALLAST,Y,,
D6-03_014,D6-03,14,inspection,narration,NARRATION,[조사: 불활성 가스 제어 로그],observe,,,,BALLAST,N,,
D6-03_015,D6-03,15,inspection,inspection,ADRIAN,"21:43:18 질소 퍼지 수동 실행, 21:46:02 종료. 안전 인터록이 운영 관리자 권한으로 우회되었다.",focused,,,,BALLAST,Y,,
D6-03_016,D6-03,16,evidence,system,SYSTEM,단서 획득: C-12 질소 로그,system,,,evidence:C-12,UI,N,,
D6-03_017,D6-03,17,gas,dialogue,HELENA,3분 가까이 산소가 급감했습니다. 보호 장비가 없었다면 의식을 잃기에 충분해요.,clinical,,,,BALLAST,Y,,
D6-03_018,D6-03,18,gas,dialogue,ADRIAN,"다니엘은 안정제로 반응이 느려진 상태였습니다. 자상으로 겁을 주고, 문을 닫고, 질소를 흘렸군요.",grim,,,,BALLAST,Y,,
D6-03_019,D6-03,19,conclusion,dialogue,HELENA,"직접 사인은 아직 부검 소견과 맞춰야 하지만, 이 방이 사망 장소라는 건 확실합니다.",firm,,,,BALLAST,Y,,
D6-03_020,D6-03,20,puzzle,puzzle_feedback,ADRIAN,세척제 반응만으로는 혈액 위치를 특정할 수 없습니다. 루미놀의 강도와 형태를 보세요.,focused,luminol_wrong=cleaner,,,Puzzle,Y,,
D6-03_021,D6-03,21,puzzle,puzzle_feedback,ADRIAN,다니엘은 밸러스트 별실에서 자상을 입고 질소에 노출됐습니다. 호라이즌 룸은 사망 현장이 아닙니다.,realization,puzzle_correct,,theory:actual_scene_ballast,Puzzle complete,Y,,
D6-03_022,D6-03,22,puzzle_hint,hint,UI_HINT,바닥 중앙의 가장 강한 반응부터 촬영하세요.,hint1,hint_level=1,,,Hint UI,N,,
D6-03_023,D6-03,23,puzzle_hint,hint,UI_HINT,옆구리 높이의 작은 비산점과 중앙 혈흔을 연결하세요.,hint2,hint_level=2,,,Hint UI,N,,
D6-03_024,D6-03,24,puzzle_hint,hint,UI_HINT,질소 로그 21:43~21:46을 혈흔 반응과 함께 선택하세요.,hint3,hint_level=3,,,Hint UI,N,,
D6-03_025,D6-03,25,close,system,SYSTEM,"실제 현장 확정: 밸러스트 제어 별실. C-06, C-12 획득.",system,,,scene_unlock:D6-04,UI,N,,
D6-04_001,D6-04,1,opening,narration,NARRATION,헬레나는 다니엘의 부검 도식 위에 두 개의 시간을 적었다. ‘상처’와 ‘사망’ 사이에 빈 화살표가 놓였다.,observe,D6-03,,,FORENSIC,N,,
D6-04_002,D6-04,2,findings,dialogue,HELENA,자상은 간과 큰 혈관을 피했습니다. 고통스럽고 피가 나지만 즉시 치명적이지는 않아요.,clinical,,,,FORENSIC,Y,,
D6-04_003,D6-04,3,findings,dialogue,ADRIAN,겁을 주고 움직임을 늦추는 상처.,focused,,,,FORENSIC,Y,,
D6-04_004,D6-04,4,findings,dialogue,HELENA,직접 사인은 저산소성 질식입니다. 폐와 혈액 소견이 질소 노출과 일치해요.,grave,,,,FORENSIC,Y,,
D6-04_005,D6-04,5,inspection,narration,NARRATION,[조사: 폐·혈액 소견],observe,,,,FORENSIC,N,,
D6-04_006,D6-04,6,inspection,inspection,ADRIAN,기도 손상 없이 급격한 저산소 상태. 질소 퍼지 로그와 시간 범위가 일치한다.,focused,,,,FORENSIC,Y,,
D6-04_007,D6-04,7,evidence,system,SYSTEM,단서 획득: C-12 질소 로그,system,,,evidence:C-12_confirmed,UI,N,,
D6-04_008,D6-04,8,inspection,narration,NARRATION,[조사: 어깨·허리 압박 흔적],observe,,,,FORENSIC,N,,
D6-04_009,D6-04,9,inspection,inspection,ADRIAN,사후에 넓은 벨트가 몸을 눌렀다. 운반백 내부 고정띠 간격과 일치한다.,focused,,,,FORENSIC,Y,,
D6-04_010,D6-04,10,evidence,system,SYSTEM,단서 획득: C-10 운반백 자국,system,,,evidence:C-10,UI,N,,
D6-04_011,D6-04,11,inspection,narration,NARRATION,[조사: 보호면 파편],observe,,,,FORENSIC,N,,
D6-04_012,D6-04,12,inspection,inspection,ADRIAN,다니엘의 손톱 아래 투명 수지 조각. 산업용 전면 보호면의 코팅과 유사하다.,focused,,,,FORENSIC,Y,,
D6-04_013,D6-04,13,evidence,system,SYSTEM,단서 획득: 보조 단서: 보호면 파편,system,,,flag:visor_fragment,UI,N,,
D6-04_014,D6-04,14,puzzle,system,SYSTEM,"사망 순서 퍼즐: 안정제 복용, 밸러스트 도착, 자상, 질소 노출, 사망, 운반백 고정, 호라이즌 룸 투입을 배열하세요.",tutorial,,,,Sequence Puzzle,N,,
D6-04_015,D6-04,15,puzzle,puzzle_feedback,ADRIAN,안정제는 살해 수단이 아니라 저항을 늦춘 사전 조건입니다.,focused,puzzle_step=sedative,,,FORENSIC,Y,,
D6-04_016,D6-04,16,puzzle,puzzle_feedback,HELENA,자상 뒤 질소 노출. 사망은 운반백 압박 흔적보다 앞입니다.,clinical,puzzle_step=death,,,FORENSIC,Y,,
D6-04_017,D6-04,17,puzzle,puzzle_feedback,ADRIAN,"그는 두 번 ‘죽은 것처럼’ 보였습니다. 자상으로 쓰러졌지만 살아 있었고, 질소로 실제로 죽었습니다.",grim,puzzle_step=two_deaths,,,FORENSIC,Y,,
D6-04_018,D6-04,18,puzzle,puzzle_feedback,ADRIAN,운반백 압박을 사망 전으로 두면 생전 멍과 저항 흔적이 있어야 합니다. 사후 흔적입니다.,focused,sequence_wrong=bag_before_death,,,Puzzle,Y,,
D6-04_019,D6-04,19,puzzle,puzzle_feedback,ADRIAN,자상을 직접 사인으로 두면 낮은 출혈량과 폐 소견을 설명할 수 없습니다.,focused,sequence_wrong=stab_cause,,,Puzzle,Y,,
D6-04_020,D6-04,20,puzzle,puzzle_feedback,ADRIAN,순서: 안정제 → 밸러스트 유인 → 비치명 자상 → 질소 질식 → 운반백 고정 → 레일 이동 → 호라이즌 룸 투입.,realization,puzzle_correct,,theory:true_death_sequence,Puzzle complete,Y,,
D6-04_021,D6-04,21,suspect,dialogue,HELENA,보호면 파편은 범인이 다니엘 가까이 있었다는 뜻입니다. 질소를 견디려면 보호 장비가 필요했을 테고요.,focused,,,,FORENSIC,Y,,
D6-04_022,D6-04,22,suspect,dialogue,ADRIAN,다니엘은 마지막 순간 보호면을 긁었습니다. 그 장비를 찾으면 직접 접촉을 증명할 수 있습니다.,focused,,,,FORENSIC,Y,,
D6-04_023,D6-04,23,puzzle_hint,hint,UI_HINT,의학 소견으로 ‘생전’과 ‘사후’ 흔적을 나누세요.,hint1,hint_level=1,,,Hint UI,N,,
D6-04_024,D6-04,24,puzzle_hint,hint,UI_HINT,"사망은 질소 노출 뒤, 운반백 압박 전입니다.",hint2,hint_level=2,,,Hint UI,N,,
D6-04_025,D6-04,25,puzzle_hint,hint,UI_HINT,자상은 비치명상이며 직접 사인은 질식입니다.,hint3,hint_level=3,,,Hint UI,N,,
D6-04_026,D6-04,26,close,system,SYSTEM,직접 사인 확정: 질식. 보호면 장비 추적 플래그가 생성되었습니다.,system,,,scene_unlock:D6-05,UI,N,,
D6-05_001,D6-05,1,opening,narration,NARRATION,"증거 보드에는 열두 장의 시간 카드가 떠 있었다. 각 카드는 사실이었지만, 잘못 놓이면 완벽한 거짓말이 되었다.",observe,D6-04,,,EVIDENCE_BOARD,N,,
D6-05_002,D6-05,2,puzzle,system,SYSTEM,타임라인 카드 12장: 20:56 토큰 전달 / 21:05 금고 덮어쓰기 / 21:20 파티 사진 / 21:22 다니엘 서비스 진입 / 21:35 밸러스트 도착 / 21:43 질소 시작 / 21:46 사망 / 21:47 녹음 생성 / 22:17 레일 출발 / 22:18 감지기 오류 / 22:27 세면대 작동 / 22:45 발견.,tutorial,,,,Timeline UI,N,,
D6-05_003,D6-05,3,puzzle,monologue,ADRIAN,이블린의 파티 사진은 범행 전체의 알리바이가 아닙니다. 자동 명령을 준비한 뒤 프레임으로 돌아온 시간표죠.,internal,puzzle_step=photo,,,EVIDENCE_BOARD,Y,,
D6-05_004,D6-05,4,puzzle,monologue,ADRIAN,"다니엘은 21시 22분 서비스 구역으로 들어갔고, 21시 35분쯤 밸러스트에 도착했습니다.",internal,puzzle_step=arrival,,,EVIDENCE_BOARD,Y,,
D6-05_005,D6-05,5,puzzle,monologue,ADRIAN,질소는 21시 43분부터 46분. 실제 사망은 그 사이입니다.,internal,puzzle_step=death,,,EVIDENCE_BOARD,Y,,
D6-05_006,D6-05,6,puzzle,monologue,ADRIAN,녹음 파일은 사망 직후 생성됐지만 한 시간 뒤 재생됐습니다. 다잉 메시지가 아니라 연출 소품입니다.,internal,puzzle_step=recording,,,EVIDENCE_BOARD,Y,,
D6-05_007,D6-05,7,puzzle,monologue,ADRIAN,"시신은 22시 17분 레일에 실렸고, 22시 18분 호라이즌 룸 감지기 아래를 지났습니다.",internal,puzzle_step=rail,,,EVIDENCE_BOARD,Y,,
D6-05_008,D6-05,8,puzzle,monologue,ADRIAN,세면대는 22시 27분 작동해 발견 직전까지 물을 퍼뜨렸습니다.,internal,puzzle_step=sink,,,EVIDENCE_BOARD,Y,,
D6-05_009,D6-05,9,puzzle,puzzle_feedback,ADRIAN,22시 35분 메시지를 살해 약속으로 놓으면 다니엘의 사망 범위와 충돌합니다. 그 메시지는 발견자를 움직인 사건입니다.,focused,timeline_wrong=message_as_meeting,,,Puzzle,Y,,
D6-05_010,D6-05,10,puzzle,puzzle_feedback,ADRIAN,이블린의 21시 20분 사진을 살해 시각 뒤에 놓을 수 없습니다. 사진은 자동장치 준비 후 파티 복귀를 보여 줍니다.,focused,timeline_wrong=photo,,,Puzzle,Y,,
D6-05_011,D6-05,11,puzzle,puzzle_feedback,ADRIAN,감지기 오류는 시신 출발 전일 수 없습니다. 레일 이동 중 호라이즌 룸 통과 사건입니다.,focused,timeline_wrong=detector_before_departure,,,Puzzle,Y,,
D6-05_012,D6-05,12,puzzle,puzzle_feedback,ADRIAN,"참 타임라인이 완성됐습니다. 살해는 21:43~21:46 밸러스트에서, 시신 이동은 22:17~22:18, 현장 완성은 22:27 이후입니다.",realization,puzzle_correct,,flag:true_timeline_complete,Puzzle complete,Y,,
D6-05_013,D6-05,13,conclusion,dialogue,ADRIAN,"살인과 발견 사이에 거의 한 시간이 있습니다. 이블린은 그 시간 동안 사진 속에 서 있었고, 배가 대신 움직였습니다.",realization,,,,EVIDENCE_BOARD,Y,,
D6-05_014,D6-05,14,conclusion,dialogue,ADRIAN,이제 알리바이는 무죄의 증거가 아니라 원격 범행의 일부입니다.,focused,,,,EVIDENCE_BOARD,Y,,
D6-05_015,D6-05,15,puzzle_hint,hint,UI_HINT,먼저 사람의 행동과 자동장치의 행동을 두 줄로 나누세요.,hint1,hint_level=1,,,Hint UI,N,,
D6-05_016,D6-05,16,puzzle_hint,hint,UI_HINT,"다니엘의 서비스 진입 다음에는 밸러스트 도착, 질소, 사망이 이어집니다.",hint2,hint_level=2,,,Hint UI,N,,
D6-05_017,D6-05,17,puzzle_hint,hint,UI_HINT,레일 출발 → 감지기 오류 → 세면대 작동 → 발견 순서입니다.,hint3,hint_level=3,,,Hint UI,N,,
D6-05_018,D6-05,18,close,system,SYSTEM,최종 심문 조건 1 달성: 참 타임라인. 7일 차 금고 경보 이벤트가 해금됩니다.,system,,,scene_unlock:D7-01,UI,N,,
D7-01_001,D7-01,1,opening,narration,NARRATION,"06시 30분, 금고 구역 화재경보가 울렸다. 스프링클러는 작동하지 않았고, 경보음만이 승무원 복도를 비웠다.",observe,D6-05,,,VAULT,N,,
D7-01_002,D7-01,2,alarm,dialogue,THOMAS,화재 센서에는 열원도 연기도 없습니다. 가짜 경보입니다.,urgent,,,,VAULT,Y,,
D7-01_003,D7-01,3,alarm,dialogue,ADRIAN,목적은 대피가 아니라 빈 복도입니다.,focused,,,,VAULT,Y,,
D7-01_004,D7-01,4,encounter,dialogue,NARRATION,금고 앞에서 검은 장비 가방을 든 이블린이 서비스 도어로 돌아섰다.,VAULT,,,,,N,,
D7-01_005,D7-01,5,encounter,dialogue,EVELYN,탐정님. 안전 경보 중에는 금고 접근이 금지됩니다.,controlled,,,,VAULT,Y,,
D7-01_006,D7-01,6,encounter,dialogue,ADRIAN,그 가방을 내려놓으세요.,firm,,,,VAULT,Y,,
D7-01_007,D7-01,7,encounter,dialogue,EVELYN,긴급 백업 모듈입니다. 원본을 안전 구역으로 옮기려는 중이에요.,calm,,,,VAULT,Y,,
D7-01_008,D7-01,8,encounter,dialogue,THOMAS,내 승인 없이 모듈은 움직이지 않습니다.,angry,,,,VAULT,Y,,
D7-01_009,D7-01,9,choice,choice,PLAYER_CHOICE,주 복도로 추격,choice,,D7-01_C1,flag:public_chase; publicAnxiety:+5; evidence:module_case,UI choice,N,D7-01_CHASE,
D7-01_010,D7-01,10,choice,choice,PLAYER_CHOICE,서비스 레일 지름길 차단,choice,,D7-01_C2,flag:rail_intercept; trust_owen:+1; evidence:module_case,UI choice,N,D7-01_CHASE,
D7-01_011,D7-01,11,chase,branch_response,ADRIAN,"마커스, 주 복도 양 끝을 막으세요. 이블린, 멈추십시오.",commanding,choice(D7-01_C1),,,VAULT,Y,D7-01_CHASE,
D7-01_012,D7-01,12,chase,branch_response,NARRATION,승객 몇 명이 경보와 추격을 목격했다. 이블린은 엘리베이터 앞에서 가방을 내려놓았지만 소문은 이미 퍼졌다.,observe,choice(D7-01_C1),,publicAnxiety:+5; flag:module_case_seized,VAULT,N,D7-01_CHASE,
D7-01_013,D7-01,13,chase,branch_response,ADRIAN,"그녀는 주 복도를 미끼로 쓸 겁니다. 오언, 레일 점검 통로의 7-비 분기를 잠그세요.",focused,choice(D7-01_C2),,,VAULT,Y,D7-01_CHASE,
D7-01_014,D7-01,14,chase,branch_response,OWEN,분기 잠금 완료. 서비스 도어가 자동으로 닫힙니다.,urgent,choice(D7-01_C2),,,VAULT,Y,D7-01_CHASE,
D7-01_015,D7-01,15,chase,branch_response,NARRATION,이블린은 막힌 통로 앞에서 멈췄다. 가방 손잡이에 레일용 걸쇠가 달려 있었다.,observe,choice(D7-01_C2),,trust_owen:+1; flag:module_case_seized; flag:rail_hook_seen,VAULT,N,D7-01_CHASE,
D7-01_016,D7-01,16,inspection,narration,NARRATION,[조사: 가짜 화재경보 패킷],observe,,,,VAULT,N,,
D7-01_017,D7-01,17,inspection,inspection,ADRIAN,경보 발신 계정은 운영 관리자. 발신 단말은 이블린의 업무 태블릿과 동일한 보안 인증서를 사용했다.,focused,,,,VAULT,Y,,
D7-01_018,D7-01,18,evidence,system,SYSTEM,단서 획득: 보조 단서: 가짜 화재경보,system,,,flag:false_alarm_evelyn_device,UI,N,,
D7-01_019,D7-01,19,inspection,narration,NARRATION,[조사: 교체 모듈],observe,,,,VAULT,N,,
D7-01_020,D7-01,20,inspection,inspection,ADRIAN,가방 안 모듈은 외형만 같은 빈 셸이다. 금고 원본과 바꿔치기해 파괴 시간을 벌려 했다.,focused,,,,VAULT,Y,,
D7-01_021,D7-01,21,evidence,system,SYSTEM,단서 획득: 보조 단서: 모듈 교체,system,,,flag:module_swap_attempt,UI,N,,
D7-01_022,D7-01,22,justification,dialogue,EVELYN,원본은 회사와 승객 모두에게 위험합니다. 과거 하나 때문에 현재 천이백 명을 공포에 빠뜨릴 건가요?,cool,,,,VAULT,Y,,
D7-01_023,D7-01,23,justification,dialogue,ADRIAN,당신은 위험을 없애는 게 아니라 증거를 없애려 했습니다.,firm,,,,VAULT,Y,,
D7-01_024,D7-01,24,justification,dialogue,EVELYN,둘은 때때로 같은 일입니다.,cold,,,,VAULT,Y,,
D7-01_025,D7-01,25,justification,dialogue,THOMAS,그 말 때문에 15년을 침묵했소. 오늘은 아니오.,resolved,,,,VAULT,Y,,
D7-01_026,D7-01,26,close,system,SYSTEM,이블린 의심 확정: 가짜 경보와 모듈 교체 시도. 업무 장비 압수 논리가 해금됩니다.,system,,,scene_unlock:D7-02,UI,N,,
D7-02_001,D7-02,1,opening,narration,NARRATION,압수된 장비 목록 위에 산업용 전면 보호면이 놓였다. 겉은 깨끗했지만 안쪽 고무 씰에는 작은 흰 얼룩이 남아 있었다.,observe,D7-01,,,FORENSIC,N,,
D7-02_002,D7-02,2,evidence,dialogue,HELENA,보호면 안쪽에서 타액과 피부세포를 채취했습니다. 혼합 시료예요.,clinical,,,,FORENSIC,Y,,
D7-02_003,D7-02,3,evidence,dialogue,ADRIAN,바깥이 아니라 안쪽이라면 착용자와 밀착 접촉한 사람만 남길 수 있습니다.,focused,,,,FORENSIC,Y,,
D7-02_004,D7-02,4,inspection,narration,NARRATION,[조사: 보호면 내부 DNA],observe,,,,FORENSIC,N,,
D7-02_005,D7-02,5,inspection,inspection,ADRIAN,"주 시료는 이블린, 미량 시료는 다니엘과 일치한다. 다니엘이 보호면을 잡아당기거나 얼굴 가까이에서 저항한 흔적이다.",focused,,,,FORENSIC,Y,,
D7-02_006,D7-02,6,evidence,system,SYSTEM,단서 획득: C-16 보호면 DNA,system,,,evidence:C-16,UI,N,,
D7-02_007,D7-02,7,inspection,narration,NARRATION,[조사: 손톱 수지 비교],observe,,,,FORENSIC,N,,
D7-02_008,D7-02,8,inspection,inspection,ADRIAN,다니엘 손톱 아래 투명 수지와 이블린 보호면 코팅의 미세 균열 패턴이 일치한다.,focused,,,,FORENSIC,Y,,
D7-02_009,D7-02,9,evidence,system,SYSTEM,단서 획득: 보조 단서: 손톱 수지,system,,,flag:visor_resin_match,UI,N,,
D7-02_010,D7-02,10,evidence,dialogue,HELENA,다니엘이 살아 있을 때 긁었습니다. 사후 접촉으로는 손톱 깊숙이 이 정도가 들어가기 어려워요.,firm,,,,FORENSIC,Y,,
D7-02_011,D7-02,11,evidence,dialogue,ADRIAN,"이블린은 질소 퍼지 중 보호면을 썼고, 다니엘이 마지막으로 저항했습니다.",grim,,,,FORENSIC,Y,,
D7-02_012,D7-02,12,puzzle,system,SYSTEM,압수 영장 논리 퍼즐: 업무 장비 압수의 근거 세 요소를 선택하세요.,tutorial,,,,Evidence Logic UI,N,,
D7-02_013,D7-02,13,choice,choice,PLAYER_CHOICE,가짜 화재경보가 이블린 단말에서 발신됨,choice,,D7-02_L1,logic:device_link,UI choice,N,D7-02_LOGIC,
D7-02_014,D7-02,14,choice,choice,PLAYER_CHOICE,보호면 파편이 다니엘 손톱에서 발견됨,choice,,D7-02_L2,logic:material_link,UI choice,N,D7-02_LOGIC,
D7-02_015,D7-02,15,choice,choice,PLAYER_CHOICE,질소 퍼지에는 보호 장비가 필요함,choice,,D7-02_L3,logic:necessity,UI choice,N,D7-02_LOGIC,
D7-02_016,D7-02,16,choice,choice,PLAYER_CHOICE,이블린의 말투가 익명 제보자와 유사함,choice,,D7-02_L4,logic:weak_style,UI choice,N,D7-02_LOGIC,
D7-02_017,D7-02,17,choice,choice,PLAYER_CHOICE,리처드가 이블린을 신뢰함,choice,,D7-02_L5,logic:irrelevant,UI choice,N,D7-02_LOGIC,
D7-02_018,D7-02,18,conclusion,dialogue,ADRIAN,"단말 연결, 재질 연결, 장비 필요성이 모두 있으면 압수는 범행 도구 특정에 필요한 최소 조치입니다.",focused,"logic_complete(device_link,material_link,necessity)",,,FORENSIC,Y,,
D7-02_019,D7-02,19,puzzle,puzzle_feedback,ADRIAN,문체 유사성은 수사 방향에는 도움이 되지만 장비 압수의 직접 근거로는 약합니다.,focused,selected=weak_style,,,Puzzle,Y,,
D7-02_020,D7-02,20,puzzle,puzzle_feedback,ADRIAN,신뢰 관계는 물증과 무관합니다.,focused,selected=irrelevant,,,Puzzle,Y,,
D7-02_021,D7-02,21,puzzle,puzzle_feedback,ADRIAN,압수 장비에서 다니엘 DNA가 확인됐습니다. 이블린과 피해자의 직접 접촉이 물증으로 연결됩니다.,realization,puzzle_correct,,evidence:C-16,Puzzle complete,Y,,
D7-02_022,D7-02,22,conclusion,dialogue,HELENA,이제 그녀가 밸러스트에 없었다는 주장과 DNA가 정면으로 충돌합니다.,focused,,,,FORENSIC,Y,,
D7-02_023,D7-02,23,conclusion,dialogue,ADRIAN,"문체는 제보자를 가리켰고, 권한은 장치를 가리켰고, DNA는 살해 순간을 가리킵니다.",realization,,,,FORENSIC,Y,,
D7-02_024,D7-02,24,puzzle_hint,hint,UI_HINT,법적 논리는 ‘누가 수상한가’보다 ‘왜 이 장비를 검사해야 하는가’에 집중합니다.,hint1,hint_level=1,,,Hint UI,N,,
D7-02_025,D7-02,25,puzzle_hint,hint,UI_HINT,장비와 범행을 물리적으로 연결하는 단서 두 개와 필요성 하나를 고르세요.,hint2,hint_level=2,,,Hint UI,N,,
D7-02_026,D7-02,26,puzzle_hint,hint,UI_HINT,가짜 경보 단말 / 손톱 수지 / 질소 보호 필요를 선택하세요.,hint3,hint_level=3,,,Hint UI,N,,
D7-02_027,D7-02,27,close,system,SYSTEM,최종 물증 C-16 획득. 오르페우스 호 모듈 복원 작업이 해금됩니다.,system,,,scene_unlock:D7-03,UI,N,,
D7-03_001,D7-03,1,opening,narration,NARRATION,기록실 스피커에서 15년 전 폭풍 소리가 끊어진 문장 사이로 밀려 나왔다. 오언은 손상된 음성 조각을 주파수별로 분리했다.,observe,D7-02,,,ARCHIVE,N,,
D7-03_002,D7-03,2,setup,dialogue,OWEN,"세 채널입니다. 브리지, 밸러스트 별실, 비상 무전. 겹친 구간을 시간 코드로 맞추면 대화가 복원됩니다.",focused,,,,ARCHIVE,Y,,
D7-03_003,D7-03,3,puzzle,system,SYSTEM,음성 복원 퍼즐: 잡음 속 문장 조각을 시간 코드와 화자별로 배열하세요.,tutorial,,,,Audio Puzzle,N,,
D7-03_004,D7-03,4,recording,recording,JULIAN_RECORD,밸브 응답이 이상합니다. 수동 잠금을 걸겠습니다.,urgent,audio_step=1,,,Recording,Y,,
D7-03_005,D7-03,5,recording,recording,EVELYN_RECORD,잠금을 해제하세요. 보험 조건은 전손 판정이 필요합니다.,controlled,audio_step=2,,,Recording,Y,,
D7-03_006,D7-03,6,recording,recording,JULIAN_RECORD,승객이 탔습니다. 이대로 밸브를 열면 사고가 아니라 살인이에요.,horrified,audio_step=3,,,Recording,Y,,
D7-03_007,D7-03,7,recording,recording,EVELYN_RECORD,회사는 오늘 밤을 넘기지 못합니다. 피해를 제한하려면 지금 결정해야 해요.,cold,audio_step=4,,,Recording,Y,,
D7-03_008,D7-03,8,recording,recording,JULIAN_RECORD,아버지는 아무것도 몰라요. 지금 멈춰요.,desperate,audio_step=5,,,Recording,Y,,
D7-03_009,D7-03,9,recording,recording,EVELYN_RECORD,당신 아버지가 몰랐다고 해서 회사가 살아나는 건 아니에요.,controlled,audio_step=6,,,Recording,Y,,
D7-03_010,D7-03,10,recording,recording,THOMAS_RECORD,밸러스트 수위 급변! 누가 수동 잠금을 해제했나?,urgent,audio_step=7,,,Recording,Y,,
D7-03_011,D7-03,11,recording,recording,JULIAN_RECORD,이블린 쇼입니다. 로그를 보존하세요. 아버지에게—,fading,audio_step=8,,,Recording,Y,,
D7-03_012,D7-03,12,recording,dialogue,NARRATION,기록은 금속 파열음과 함께 끊겼다.,ARCHIVE,audio_step=8,,,,N,,
D7-03_013,D7-03,13,puzzle,puzzle_feedback,ADRIAN,브리지 채널을 먼저 놓으면 이블린의 명령과 줄리언의 반박 순서가 뒤집힙니다.,focused,audio_wrong=channel_order,,,Puzzle,Y,,
D7-03_014,D7-03,14,puzzle,puzzle_feedback,ADRIAN,‘아버지는 아무것도 몰라요’는 사고 뒤가 아니라 밸브 해제 직전입니다. 리처드의 무지를 직접 증명하는 구간입니다.,focused,audio_wrong=richard_line,,,Puzzle,Y,,
D7-03_015,D7-03,15,puzzle,puzzle_feedback,ADRIAN,"복원 완료. 오르페우스 호 보험사기와 밸러스트 조작 설계자는 이블린이며, 리처드는 사전에 알지 못했습니다.",realization,puzzle_correct,,evidence:C-17,Puzzle complete,Y,,
D7-03_016,D7-03,16,aftermath,dialogue,RICHARD,줄리언… 내가 너를 범인으로 만들었구나.,broken,,,,ARCHIVE,Y,,
D7-03_017,D7-03,17,aftermath,dialogue,THOMAS,그 아이는 끝까지 배를 살리려 했습니다. 내가 그 목소리를 더 일찍 복구했어야 했소.,guilty,,,,ARCHIVE,Y,,
D7-03_018,D7-03,18,aftermath,dialogue,OWEN,원본 메타데이터도 이블린의 운영 키를 가리킵니다. 음성만이 아니라 명령 로그도 맞습니다.,firm,,,,ARCHIVE,Y,,
D7-03_019,D7-03,19,aftermath,dialogue,ADRIAN,리처드는 은폐자였지만 설계자는 아니었습니다. 두 죄를 분리해야 진실이 완성됩니다.,focused,,,,ARCHIVE,Y,,
D7-03_020,D7-03,20,trust_bonus,dialogue,RICHARD,내 죄도 공개하시오. 줄리언의 이름을 되찾는 데 회사가 무너져야 한다면… 이번에는 비용을 내가 치르겠소.,resolved,trust_richard>=3,,,ARCHIVE,Y,,
D7-03_021,D7-03,21,trust_alt,dialogue,RICHARD,이블린을 잡으시오. 나머지는 귀항 뒤 법무팀과 정리하겠소.,guarded,trust_richard<3,,,ARCHIVE,Y,,
D7-03_022,D7-03,22,puzzle_hint,hint,UI_HINT,같은 시간 코드의 브리지와 밸러스트 채널을 짝지으세요.,hint1,hint_level=1,,,Hint UI,N,,
D7-03_023,D7-03,23,puzzle_hint,hint,UI_HINT,줄리언의 ‘승객이 탔습니다’ 다음에 이블린의 회사 생존 논리가 이어집니다.,hint2,hint_level=2,,,Hint UI,N,,
D7-03_024,D7-03,24,puzzle_hint,hint,UI_HINT,‘아버지는 아무것도 몰라요’를 밸브 해제 직전 구간에 놓으세요.,hint3,hint_level=3,,,Hint UI,N,,
D7-03_025,D7-03,25,close,system,SYSTEM,C-17 오르페우스 호 음성 획득. 과거 사건의 설계자와 은폐자가 분리되었습니다.,system,,,scene_unlock:D7-04,UI,N,,
D7-04_001,D7-04,1,opening,narration,NARRATION,"해 질 무렵, 이블린은 난간에 기대지 않은 채 바다를 바라보고 있었다. 손에 든 것은 계약서도 무기도 아닌, 다니엘의 위조 초대장 사본이었다.",observe,D7-03,,,PROMENADE,N,,
D7-04_002,D7-04,2,offer,dialogue,EVELYN,"회장님은 은폐를 인정할 겁니다. 조사관 매수, 기록 삭제, 보험금 수령. 대중은 복잡한 설계자보다 익숙한 악인을 원하죠.",controlled,,,,PROMENADE,Y,,
D7-04_003,D7-04,3,offer,dialogue,ADRIAN,그래서 다니엘도 리처드만 보게 만들었습니다.,focused,,,,PROMENADE,Y,,
D7-04_004,D7-04,4,offer,dialogue,EVELYN,다니엘은 보고 싶은 것을 봤습니다. 저는 문을 열어 줬을 뿐이에요.,cool,,,,PROMENADE,Y,,
D7-04_005,D7-04,5,offer,dialogue,ADRIAN,"그 문은 밸러스트로 이어졌고, 뒤에서는 잠겼습니다.",firm,,,,PROMENADE,Y,,
D7-04_006,D7-04,6,offer,dialogue,EVELYN,증명할 수 있는 것은 초대와 금고 접근뿐입니다. 살해 순간의 이야기는 당신의 조립품이죠.,cold,,,,PROMENADE,Y,,
D7-04_007,D7-04,7,offer,dialogue,ADRIAN,보호면 안쪽 다니엘 DNA가 있습니다.,calm,,,,PROMENADE,Y,,
D7-04_008,D7-04,8,reaction,dialogue,NARRATION,이블린의 시선이 처음으로 바다에서 벗어났다.,PROMENADE,,,,,N,,
D7-04_009,D7-04,9,offer,dialogue,EVELYN,"그렇다면 거래합시다. 리처드의 은폐를 전부 공개하고, 저는 운영상 과실과 증거 훼손만 인정하죠. 회사가 살아야 피해자 보상도 가능합니다.",controlled,,,,PROMENADE,Y,,
D7-04_010,D7-04,10,choice,choice,PLAYER_CHOICE,거래를 수락하는 척한다,choice,,D7-04_C1,flag:evelyn_extra_confession; morality:deceptive,UI choice,N,D7-04_DEAL,
D7-04_011,D7-04,11,choice,choice,PLAYER_CHOICE,거절한다,choice,,D7-04_C2,flag:evelyn_no_deal; morality:direct,UI choice,N,D7-04_DEAL,
D7-04_012,D7-04,12,choice_result,branch_response,ADRIAN,리처드의 은폐를 공개하고 당신은 과실만 인정한다. 대신 다니엘을 어떻게 불렀는지 정확히 말하세요.,measured,choice(D7-04_C1),,,PROMENADE,Y,D7-04_DEAL,
D7-04_013,D7-04,13,confession,branch_response,EVELYN,"회장 전자서명은 오래전부터 비서실에 위임돼 있었습니다. 초대장을 발송하고, 행사 계정으로 다니엘 태그를 승인했죠.",confident,choice(D7-04_C1),,,PROMENADE,Y,D7-04_DEAL,
D7-04_014,D7-04,14,confession,branch_response,ADRIAN,밸러스트에서는요?,press,choice(D7-04_C1),,,PROMENADE,Y,D7-04_DEAL,
D7-04_015,D7-04,15,confession,branch_response,EVELYN,"그는 원본을 요구했고, 저는 기사를 멈추라고 했습니다. 그가 보호면을 잡아당겼고… 이후는 당신이 이미 아는 대로예요.",low,choice(D7-04_C1),,flag:evelyn_extra_confession; flag:invite_forgery_admitted,PROMENADE,Y,D7-04_DEAL,
D7-04_016,D7-04,16,reveal,branch_response,ADRIAN,거래는 없습니다. 당신의 자백만 기록됐습니다.,firm,choice(D7-04_C1),,,PROMENADE,Y,D7-04_DEAL,
D7-04_017,D7-04,17,reveal,branch_response,EVELYN,수사도 결국 기만을 사용하네요.,cold,choice(D7-04_C1),,,PROMENADE,Y,D7-04_DEAL,
D7-04_018,D7-04,18,choice_result,branch_response,ADRIAN,"거절합니다. 리처드의 죄는 리처드의 것이고, 다니엘의 죽음은 당신의 것입니다. 한쪽을 다른 쪽에 숨기지 않겠습니다.",firm,choice(D7-04_C2),,,PROMENADE,Y,D7-04_DEAL,
D7-04_019,D7-04,19,choice_result,branch_response,EVELYN,그렇게 깨끗한 결론을 내리면 회사 직원 수천 명이 값을 치릅니다.,cold,choice(D7-04_C2),,,PROMENADE,Y,D7-04_DEAL,
D7-04_020,D7-04,20,choice_result,branch_response,ADRIAN,사실은 비용을 요구하지 않습니다. 사람이 비용을 다른 사람에게 넘길 뿐이죠.,calm,choice(D7-04_C2),,flag:evelyn_no_deal,PROMENADE,Y,D7-04_DEAL,
D7-04_021,D7-04,21,inspection,narration,NARRATION,[조사: 위조 초대장 사본],observe,,,,PROMENADE,N,,
D7-04_022,D7-04,22,inspection,inspection,ADRIAN,"리처드의 실제 서명 키, 비서실 발송 서버, 이블린의 행사 계정 승인 기록이 한 문서에 연결된다.",focused,,,,PROMENADE,Y,,
D7-04_023,D7-04,23,evidence,system,SYSTEM,단서 획득: C-01 다니엘의 초대장,system,,,evidence:C-01_confirmed,UI,N,,
D7-04_024,D7-04,24,close,dialogue,EVELYN,내일 호라이즌 룸에서 모두를 모으시겠죠. 그 방이 당신의 무대가 되겠군요.,controlled,,,,PROMENADE,Y,,
D7-04_025,D7-04,25,close,dialogue,ADRIAN,아니요. 무대는 이미 당신이 만들었습니다. 저는 장치를 끄러 갑니다.,calm,,,,PROMENADE,Y,,
D7-04_026,D7-04,26,close,system,SYSTEM,최종 심문 해금. 추가 자백 여부와 도덕성 선택이 저장되었습니다.,system,,,scene_unlock:D8-01,UI,N,,
D8-01_001,D8-01,1,opening,narration,NARRATION,"호라이즌 룸의 가구는 사건 당시 위치로 돌아가 있었다. 천장 패널은 열린 채였고, 세면대는 비어 있었다. 이번에는 방이 아무것도 숨기지 않았다.",observe,D7-04,,,HORIZON,N,,
D8-01_002,D8-01,2,opening,dialogue,THOMAS,전원 참석했습니다. 이 자리의 기록은 귀항 즉시 당국에 전달됩니다.,formal,,,,HORIZON,Y,,
D8-01_003,D8-01,3,opening,dialogue,RICHARD,"시작하시오, 베일.",grave,,,,HORIZON,Y,,
D8-01_004,D8-01,4,thesis,dialogue,ADRIAN,이 방은 잠겨 있지 않았습니다. 그런데도 밀실이었습니다.,calm,,,,HORIZON,Y,,
D8-01_005,D8-01,5,thesis,dialogue,ADRIAN,"외벽으로 나갔다면 물이, 덕트로 나갔다면 먼지가, 점검구로 나갔다면 봉인 자국이 남아야 합니다.",focused,,,,HORIZON,Y,,
D8-01_006,D8-01,6,thesis,dialogue,EVELYN,그래서요? 흔적을 못 찾았다는 것이 증거는 아니죠.,cool,,,,HORIZON,Y,,
D8-01_007,D8-01,7,thesis,dialogue,ADRIAN,맞습니다. 찾지 못한 게 아닙니다. 처음부터 생길 수 없었습니다.,firm,,,,HORIZON,Y,,
D8-01_008,D8-01,8,thesis,dialogue,ADRIAN,범인은 이 방에 들어오지 않았으니까요. 들어온 것은 다니엘의 시신뿐이었습니다.,realization,,,,HORIZON,Y,,
D8-01_009,D8-01,9,accusation,system,SYSTEM,최종 논증 1/6: 다니엘 머서를 살해한 사람을 선택하세요.,tutorial,,,,Accusation UI,N,,
D8-01_010,D8-01,10,choice,choice,PLAYER_CHOICE,이블린 쇼,choice,,D8-01_A1_EVELYN,accusation1:correct,UI choice,N,D8-01_A1,
D8-01_011,D8-01,11,choice,choice,PLAYER_CHOICE,리처드 호손,choice,,D8-01_A1_RICHARD,accusation1:wrong_richard,UI choice,N,D8-01_A1,
D8-01_012,D8-01,12,choice,choice,PLAYER_CHOICE,클레어 호손,choice,,D8-01_A1_CLAIRE,accusation1:wrong_claire,UI choice,N,D8-01_A1,
D8-01_013,D8-01,13,choice,choice,PLAYER_CHOICE,마커스 벨,choice,,D8-01_A1_MARCUS,accusation1:wrong_marcus,UI choice,N,D8-01_A1,
D8-01_014,D8-01,14,accusation,branch_response,ADRIAN,범인은 이블린 쇼입니다.,firm,choice(D8-01_A1_EVELYN),,,HORIZON,Y,D8-01_A1,
D8-01_015,D8-01,15,accusation,branch_response,EVELYN,문체와 권한만으로 사람을 살인자라고 부르는군요.,cold,choice(D8-01_A1_EVELYN),,,HORIZON,Y,D8-01_A1,
D8-01_016,D8-01,16,wrong_accusation,branch_response,ADRIAN,리처드 호손을 지목합니다.,firm,choice(D8-01_A1_RICHARD),,,HORIZON,Y,D8-01_A1,
D8-01_017,D8-01,17,wrong_accusation,branch_response,EVELYN,가장 편리한 결론이네요.,controlled,choice(D8-01_A1_RICHARD),,ending_candidate:C; wrong_strike:+1,HORIZON,Y,D8-01_A1,
D8-01_018,D8-01,18,wrong_accusation,branch_response,ADRIAN,클레어 호손을 지목합니다.,firm,choice(D8-01_A1_CLAIRE),,,HORIZON,Y,D8-01_A1,
D8-01_019,D8-01,19,wrong_accusation,branch_response,CLAIRE,태블릿은 훔쳤지만 다니엘을 죽이지는 않았어요. 내 자작극의 장치 기록이 오히려 그걸 증명합니다.,angry,choice(D8-01_A1_CLAIRE),,wrong_strike:+1,HORIZON,Y,D8-01_A1,
D8-01_020,D8-01,20,wrong_accusation,branch_response,ADRIAN,마커스 벨을 지목합니다.,firm,choice(D8-01_A1_MARCUS),,,HORIZON,Y,D8-01_A1,
D8-01_021,D8-01,21,wrong_accusation,branch_response,MARCUS,"토큰을 빌려준 건 인정합니다. 하지만 보호면 DNA도, 익명 채팅도 제 것이 아닙니다.",shaken,choice(D8-01_A1_MARCUS),,wrong_strike:+1,HORIZON,Y,D8-01_A1,
D8-01_022,D8-01,22,accusation,system,SYSTEM,최종 논증 2/6: 실제 살해 장소를 선택하세요.,tutorial,accusation1:correct or retry,,,Accusation UI,N,,
D8-01_023,D8-01,23,choice,choice,PLAYER_CHOICE,밸러스트 제어 별실,choice,,D8-01_A2_BALLAST,accusation2:correct,UI choice,N,D8-01_A2,
D8-01_024,D8-01,24,choice,choice,PLAYER_CHOICE,호라이즌 룸,choice,,D8-01_A2_HORIZON,accusation2:wrong,UI choice,N,D8-01_A2,
D8-01_025,D8-01,25,choice,choice,PLAYER_CHOICE,보안 금고,choice,,D8-01_A2_VAULT,accusation2:wrong,UI choice,N,D8-01_A2,
D8-01_026,D8-01,26,choice,choice,PLAYER_CHOICE,7층 서비스 구역 계단,choice,,D8-01_A2_SERVICE,accusation2:wrong,UI choice,N,D8-01_A2,
D8-01_027,D8-01,27,accusation,branch_response,ADRIAN,다니엘이 살해된 곳은 7층 밸러스트 제어 별실입니다.,focused,choice(D8-01_A2_BALLAST),,,HORIZON,Y,D8-01_A2,
D8-01_028,D8-01,28,accusation,branch_response,HELENA,"구두 밑창 고무, 세척된 혈흔, 질소 로그가 모두 그 장소를 가리킵니다.",clinical,choice(D8-01_A2_BALLAST),,,HORIZON,Y,D8-01_A2,
D8-01_029,D8-01,29,wrong_accusation,branch_response,ADRIAN,호라이즌 룸이 실제 살해 장소입니다.,firm,choice(D8-01_A2_HORIZON),,,HORIZON,Y,D8-01_A2,
D8-01_030,D8-01,30,wrong_accusation,branch_response,HELENA,혈흔 중심과 사망 시각이 맞지 않습니다. 시신은 여기서 사망하지 않았어요.,corrective,choice(D8-01_A2_HORIZON),,wrong_strike:+1,HORIZON,Y,D8-01_A2,
D8-01_031,D8-01,31,wrong_accusation,branch_response,ADRIAN,보안 금고가 살해 장소입니다.,firm,choice(D8-01_A2_VAULT),,,HORIZON,Y,D8-01_A2,
D8-01_032,D8-01,32,wrong_accusation,branch_response,THOMAS,금고는 모듈 훼손 장소일 뿐입니다. 다니엘의 출입 기록도 없습니다.,corrective,choice(D8-01_A2_VAULT),,wrong_strike:+1,HORIZON,Y,D8-01_A2,
D8-01_033,D8-01,33,wrong_accusation,branch_response,ADRIAN,7층 서비스 구역 계단이 살해 장소입니다.,firm,choice(D8-01_A2_SERVICE),,,HORIZON,Y,D8-01_A2,
D8-01_034,D8-01,34,wrong_accusation,branch_response,MARCUS,그곳은 다니엘의 마지막 공개 동선입니다. 혈흔도 질소 기록도 없습니다.,corrective,choice(D8-01_A2_SERVICE),,wrong_strike:+1,HORIZON,Y,D8-01_A2,
D8-01_035,D8-01,35,accusation,system,SYSTEM,최종 논증 3/6: 직접 사인을 선택하세요.,tutorial,accusation2:correct or retry,,,Accusation UI,N,,
D8-01_036,D8-01,36,choice,choice,PLAYER_CHOICE,질소 노출에 의한 질식,choice,,D8-01_A3_SUFFOCATION,accusation3:correct,UI choice,N,D8-01_A3,
D8-01_037,D8-01,37,choice,choice,PLAYER_CHOICE,옆구리 자상에 의한 과다출혈,choice,,D8-01_A3_STAB,accusation3:wrong,UI choice,N,D8-01_A3,
D8-01_038,D8-01,38,choice,choice,PLAYER_CHOICE,세면대 물에 의한 익사,choice,,D8-01_A3_DROWNING,accusation3:wrong,UI choice,N,D8-01_A3,
D8-01_039,D8-01,39,choice,choice,PLAYER_CHOICE,안정제 과다복용,choice,,D8-01_A3_DRUG,accusation3:wrong,UI choice,N,D8-01_A3,
D8-01_040,D8-01,40,accusation,branch_response,ADRIAN,직접 사인은 질소 노출에 의한 질식입니다. 자상은 비치명상이었습니다.,focused,choice(D8-01_A3_SUFFOCATION),,,HORIZON,Y,D8-01_A3,
D8-01_041,D8-01,41,accusation,branch_response,HELENA,폐·혈액 소견과 21시 43분 질소 퍼지 로그가 일치합니다.,clinical,choice(D8-01_A3_SUFFOCATION),,,HORIZON,Y,D8-01_A3,
D8-01_042,D8-01,42,wrong_accusation,branch_response,ADRIAN,자상 과다출혈이 직접 사인입니다.,firm,choice(D8-01_A3_STAB),,,HORIZON,Y,D8-01_A3,
D8-01_043,D8-01,43,wrong_accusation,branch_response,HELENA,상처는 큰 혈관을 피했고 출혈량도 치명적이지 않았습니다.,corrective,choice(D8-01_A3_STAB),,wrong_strike:+1,HORIZON,Y,D8-01_A3,
D8-01_044,D8-01,44,wrong_accusation,branch_response,ADRIAN,세면대 물로 익사했습니다.,firm,choice(D8-01_A3_DROWNING),,,HORIZON,Y,D8-01_A3,
D8-01_045,D8-01,45,wrong_accusation,branch_response,HELENA,기도에 물이 없습니다. 세면대는 현장 연출 장치였어요.,corrective,choice(D8-01_A3_DROWNING),,wrong_strike:+1,HORIZON,Y,D8-01_A3,
D8-01_046,D8-01,46,wrong_accusation,branch_response,ADRIAN,안정제 과다복용입니다.,firm,choice(D8-01_A3_DRUG),,,HORIZON,Y,D8-01_A3,
D8-01_047,D8-01,47,wrong_accusation,branch_response,HELENA,혈중 농도는 처방량과 일치합니다. 약은 저항과 사망 추정을 늦췄을 뿐입니다.,corrective,choice(D8-01_A3_DRUG),,wrong_strike:+1,HORIZON,Y,D8-01_A3,
D8-01_048,D8-01,48,accusation,system,SYSTEM,최종 논증 4/6: 시신 운반 방법을 선택하세요.,tutorial,accusation3:correct or retry,,,Accusation UI,N,,
D8-01_049,D8-01,49,choice,choice,PLAYER_CHOICE,천장 화물 레일과 운반백,choice,,D8-01_A4_RAIL,accusation4:correct,UI choice,N,D8-01_A4,
D8-01_050,D8-01,50,choice,choice,PLAYER_CHOICE,서비스 로봇,choice,,D8-01_A4_ROBOT,accusation4:wrong,UI choice,N,D8-01_A4,
D8-01_051,D8-01,51,choice,choice,PLAYER_CHOICE,승객용 승강기,choice,,D8-01_A4_ELEVATOR,accusation4:wrong,UI choice,N,D8-01_A4,
D8-01_052,D8-01,52,choice,choice,PLAYER_CHOICE,외벽 발판 수동 운반,choice,,D8-01_A4_MANUAL,accusation4:wrong,UI choice,N,D8-01_A4,
D8-01_053,D8-01,53,accusation,branch_response,ADRIAN,시신은 검은 운반백에 고정되어 천장 화물 레일로 이동했습니다.,focused,choice(D8-01_A4_RAIL),,,HORIZON,Y,D8-01_A4,
D8-01_054,D8-01,54,accusation,branch_response,OWEN,86kg 안정화 로그와 22시 18분 감지기 오류가 레일 경로와 정확히 겹칩니다.,firm,choice(D8-01_A4_RAIL),,,HORIZON,Y,D8-01_A4,
D8-01_055,D8-01,55,wrong_accusation,branch_response,ADRIAN,서비스 로봇으로 옮겼습니다.,firm,choice(D8-01_A4_ROBOT),,,HORIZON,Y,D8-01_A4,
D8-01_056,D8-01,56,wrong_accusation,branch_response,OWEN,로봇 적재 한도는 40kg이며 층간 이동 기록도 없습니다. 클레어 사건의 장치와 혼동했습니다.,corrective,choice(D8-01_A4_ROBOT),,wrong_strike:+1,HORIZON,Y,D8-01_A4,
D8-01_057,D8-01,57,wrong_accusation,branch_response,ADRIAN,승객용 승강기로 옮겼습니다.,firm,choice(D8-01_A4_ELEVATOR),,,HORIZON,Y,D8-01_A4,
D8-01_058,D8-01,58,wrong_accusation,branch_response,MARCUS,같은 시간 승강기 무게·문 개폐 기록은 0입니다.,corrective,choice(D8-01_A4_ELEVATOR),,wrong_strike:+1,HORIZON,Y,D8-01_A4,
D8-01_059,D8-01,59,wrong_accusation,branch_response,ADRIAN,외벽 발판으로 수동 운반했습니다.,firm,choice(D8-01_A4_MANUAL),,,HORIZON,Y,D8-01_A4,
D8-01_060,D8-01,60,wrong_accusation,branch_response,MARCUS,염분막과 압력 센서가 온전합니다. 발판은 사용되지 않았습니다.,corrective,choice(D8-01_A4_MANUAL),,wrong_strike:+1,HORIZON,Y,D8-01_A4,
D8-01_061,D8-01,61,accusation,system,SYSTEM,최종 논증 5/6: 다니엘을 유인한 방법과 동기를 선택하세요.,tutorial,accusation4:correct or retry,,,Accusation UI,N,,
D8-01_062,D8-01,62,choice,choice,PLAYER_CHOICE,리처드가 오르페우스 호 진범이라는 다니엘의 오해를 익명 제보로 강화,choice,,D8-01_A5_MISCONCEPTION,accusation5:correct,UI choice,N,D8-01_A5,
D8-01_063,D8-01,63,choice,choice,PLAYER_CHOICE,클레어의 비자금 폭로를 막기 위해 협박,choice,,D8-01_A5_FUNDS,accusation5:wrong,UI choice,N,D8-01_A5,
D8-01_064,D8-01,64,choice,choice,PLAYER_CHOICE,다니엘 개인에 대한 복수,choice,,D8-01_A5_REVENGE,accusation5:wrong,UI choice,N,D8-01_A5,
D8-01_065,D8-01,65,choice,choice,PLAYER_CHOICE,태블릿을 빼앗기 위한 금전 거래,choice,,D8-01_A5_RANSOM,accusation5:wrong,UI choice,N,D8-01_A5,
D8-01_066,D8-01,66,accusation,branch_response,ADRIAN,이블린은 다니엘이 리처드를 진범으로 확신한다는 점을 이용했습니다. 선택적 내부 자료와 위조 초대로 확신을 강화해 밸러스트로 유인했습니다.,focused,choice(D8-01_A5_MISCONCEPTION),,,HORIZON,Y,D8-01_A5,
D8-01_067,D8-01,67,accusation,branch_response,CLAIRE,"전체 채팅에는 리처드를 가리키는 자료만 있고, 명령 주체를 묻는 질문에는 답이 없었습니다.",firm,choice(D8-01_A5_MISCONCEPTION),,,HORIZON,Y,D8-01_A5,
D8-01_068,D8-01,68,wrong_accusation,branch_response,ADRIAN,비자금 폭로를 막기 위해 다니엘을 불렀습니다.,firm,choice(D8-01_A5_FUNDS),,,HORIZON,Y,D8-01_A5,
D8-01_069,D8-01,69,wrong_accusation,branch_response,CLAIRE,비자금은 제가 태블릿을 훔친 동기입니다. 이블린의 오르페우스 호 설계와는 별개예요.,corrective,choice(D8-01_A5_FUNDS),,wrong_strike:+1,HORIZON,Y,D8-01_A5,
D8-01_070,D8-01,70,wrong_accusation,branch_response,ADRIAN,개인적 복수였습니다.,firm,choice(D8-01_A5_REVENGE),,,HORIZON,Y,D8-01_A5,
D8-01_071,D8-01,71,wrong_accusation,branch_response,EVELYN,그와 개인적인 관계는 없었습니다. 적어도 그 부분은 정확히 하세요.,cold,choice(D8-01_A5_REVENGE),,wrong_strike:+1,HORIZON,Y,D8-01_A5,
D8-01_072,D8-01,72,wrong_accusation,branch_response,ADRIAN,태블릿을 사기 위한 금전 거래였습니다.,firm,choice(D8-01_A5_RANSOM),,,HORIZON,Y,D8-01_A5,
D8-01_073,D8-01,73,wrong_accusation,branch_response,MARCUS,금전 거래 메시지는 없습니다. 초대와 서비스 승인만 있습니다.,corrective,choice(D8-01_A5_RANSOM),,wrong_strike:+1,HORIZON,Y,D8-01_A5,
D8-01_074,D8-01,74,accusation,system,SYSTEM,최종 논증 6/6: 15년 전 오르페우스 호 보험사기와 밸러스트 조작을 설계한 사람을 선택하세요.,tutorial,accusation5:correct or retry,,,Accusation UI,N,,
D8-01_075,D8-01,75,choice,choice,PLAYER_CHOICE,이블린 쇼,choice,,D8-01_A6_EVELYN,accusation6:correct,UI choice,N,D8-01_A6,
D8-01_076,D8-01,76,choice,choice,PLAYER_CHOICE,리처드 호손,choice,,D8-01_A6_RICHARD,accusation6:wrong,UI choice,N,D8-01_A6,
D8-01_077,D8-01,77,choice,choice,PLAYER_CHOICE,줄리언 호손,choice,,D8-01_A6_JULIAN,accusation6:wrong,UI choice,N,D8-01_A6,
D8-01_078,D8-01,78,choice,choice,PLAYER_CHOICE,토머스 리드,choice,,D8-01_A6_THOMAS,accusation6:wrong,UI choice,N,D8-01_A6,
D8-01_079,D8-01,79,accusation,branch_response,ADRIAN,15년 전 설계자도 이블린 쇼입니다.,firm,choice(D8-01_A6_EVELYN),,,HORIZON,Y,D8-01_A6,
D8-01_080,D8-01,80,accusation,branch_response,THOMAS,복원 음성과 운영 키 로그가 일치합니다. 줄리언은 밸브를 잠그려 했습니다.,grave,choice(D8-01_A6_EVELYN),,,HORIZON,Y,D8-01_A6,
D8-01_081,D8-01,81,wrong_accusation,branch_response,ADRIAN,설계자는 리처드 호손입니다.,firm,choice(D8-01_A6_RICHARD),,,HORIZON,Y,D8-01_A6,
D8-01_082,D8-01,82,wrong_accusation,branch_response,RICHARD,나는 은폐했고 보험금을 받았소. 하지만 줄리언의 음성은 내가 사전에 몰랐음을 증명하오.,pained,choice(D8-01_A6_RICHARD),,ending_candidate:C; wrong_strike:+1,HORIZON,Y,D8-01_A6,
D8-01_083,D8-01,83,wrong_accusation,branch_response,ADRIAN,설계자는 줄리언 호손입니다.,firm,choice(D8-01_A6_JULIAN),,,HORIZON,Y,D8-01_A6,
D8-01_084,D8-01,84,wrong_accusation,branch_response,THOMAS,줄리언은 승객을 구하려 했습니다. 그 지목은 15년 전의 거짓말을 반복합니다.,angry,choice(D8-01_A6_JULIAN),,wrong_strike:+1,HORIZON,Y,D8-01_A6,
D8-01_085,D8-01,85,wrong_accusation,branch_response,ADRIAN,설계자는 토머스 리드입니다.,firm,choice(D8-01_A6_THOMAS),,,HORIZON,Y,D8-01_A6,
D8-01_086,D8-01,86,wrong_accusation,branch_response,THOMAS,나는 침묵한 증인입니다. 운영 키와 음성 명령은 이블린을 가리킵니다.,grave,choice(D8-01_A6_THOMAS),,wrong_strike:+1,HORIZON,Y,D8-01_A6,
D8-01_087,D8-01,87,failure,ending_trigger,SYSTEM,논증 실패: 핵심 지목 오류가 누적되었습니다. 리처드를 범인으로 기록하고 시 엔딩으로 진행합니다.,system,wrong_strike>=3 or ending_candidate:C and accusation1:wrong_richard,,ending:C; scene_unlock:D8-03_C,UI,N,,
D8-01_088,D8-01,88,proof,dialogue,ADRIAN,"이블린은 리처드의 죄를 방패로 썼습니다. 리처드는 조사관을 매수하고 진실을 숨겼지만, 다니엘을 밸러스트로 유인하고 질소를 흘린 사람은 이블린입니다.",firm,all_accusations_correct,,,HORIZON,Y,,
D8-01_089,D8-01,89,proof,dialogue,ADRIAN,"초대장은 비서실 서버에서 발송됐고, 익명 제보의 문체는 이블린의 말과 일치합니다. 마커스의 토큰과 이블린의 운영 권한이 금고와 레일을 열었습니다.",focused,all_accusations_correct,,,HORIZON,Y,,
D8-01_090,D8-01,90,proof,dialogue,ADRIAN,"22시 18분, 배는 86kg을 밸러스트에서 이 방 위로 옮겼습니다. 시신이 떨어진 뒤 세면대와 녹음기가 방을 완성했습니다.",focused,all_accusations_correct,,,HORIZON,Y,,
D8-01_091,D8-01,91,proof,dialogue,ADRIAN,그리고 보호면 안쪽의 다니엘 DNA는 당신이 살해 순간 그와 마주했다는 마지막 증거입니다.,firm,all_accusations_correct,,,HORIZON,Y,,
D8-01_092,D8-01,92,defense,dialogue,EVELYN,모든 조각이 맞는다고 해서 당신의 해석만 정답인 것은 아닙니다.,cold,all_accusations_correct,,,HORIZON,Y,,
D8-01_093,D8-01,93,defense,dialogue,HELENA,DNA는 해석이 아니라 접촉입니다.,firm,all_accusations_correct,,,HORIZON,Y,,
D8-01_094,D8-01,94,defense,dialogue,OWEN,86kg 로그도 해석이 아니라 무게입니다.,gruff,all_accusations_correct,,,HORIZON,Y,,
D8-01_095,D8-01,95,defense,dialogue,THOMAS,줄리언의 목소리도 해석이 아니라 기록입니다.,grave,all_accusations_correct,,,HORIZON,Y,,
D8-01_096,D8-01,96,defense,dialogue,RICHARD,그리고 내 은폐는 내 죄요. 그녀의 살인을 대신할 수 없소.,resolved,all_accusations_correct,,,HORIZON,Y,,
D8-01_097,D8-01,97,verdict,dialogue,ADRIAN,"이블린 쇼, 다니엘 머서 살해와 증거 훼손, 오르페우스 호 침몰 조작 혐의로 당신을 지목합니다.",commanding,all_accusations_correct,,flag:evelyn_accused; scene_unlock:D8-02,HORIZON,Y,,
D8-01_098,D8-01,98,ending_choice,system,SYSTEM,최종 분기: 리처드의 과거 은폐를 함께 공개할지 결정하세요.,tutorial,all_accusations_correct,,,Ending Choice UI,N,,
D8-01_099,D8-01,99,choice,choice,PLAYER_CHOICE,이블린의 범행과 리처드의 은폐를 모두 공개,choice,all_accusations_correct,D8-01_END_A,ending:A,UI choice,N,D8-01_END,
D8-01_100,D8-01,100,choice,choice,PLAYER_CHOICE,이블린의 범행만 공개하고 리처드의 은폐는 비공개,choice,all_accusations_correct,D8-01_END_B,ending:B,UI choice,N,D8-01_END,
D8-01_101,D8-01,101,ending_choice,branch_response,ADRIAN,"기록은 전부 공개됩니다. 이블린의 살인과 리처드의 은폐, 둘 다.",firm,choice(D8-01_END_A),,ending:A,HORIZON,Y,D8-01_END,
D8-01_102,D8-01,102,ending_choice,branch_response,RICHARD,그렇게 하시오. 줄리언의 이름을 되찾는 데 다른 방법은 없네.,resolved,choice(D8-01_END_A) and trust_richard>=3,,,HORIZON,Y,D8-01_END,
D8-01_103,D8-01,103,ending_choice,branch_response,RICHARD,회사는 무너질 거요… 하지만 이번에는 내가 막지 않겠소.,defeated,choice(D8-01_END_A) and trust_richard<3,,,HORIZON,Y,D8-01_END,
D8-01_104,D8-01,104,ending_choice,branch_response,ADRIAN,살인 수사 기록에는 이블린의 범행만 포함합니다. 리처드의 은폐 자료는 별도 봉인하겠습니다.,guarded,choice(D8-01_END_B),,ending:B,HORIZON,Y,D8-01_END,
D8-01_105,D8-01,105,ending_choice,branch_response,THOMAS,또 하나의 진실을 방 안에 남겨두는군요.,disappointed,choice(D8-01_END_B),,,HORIZON,Y,D8-01_END,
D8-01_106,D8-01,106,close,system,SYSTEM,이블린이 선미 갑판으로 이동했습니다. 마지막 대치가 시작됩니다.,system,ending:A or ending:B,,scene_unlock:D8-02,UI,N,,
D8-02_001,D8-02,1,opening,narration,NARRATION,선미 갑판에서 바람은 모든 말을 육지 반대쪽으로 밀어냈다. 이블린은 난간 앞에 서 있었지만 도망칠 곳을 계산하는 눈은 아니었다.,observe,D8-01 correct,,,STERN,N,,
D8-02_002,D8-02,2,justification,dialogue,EVELYN,"오르페우스 호가 침몰하지 않았다면 회사는 파산했을 겁니다. 조선소와 항구 도시, 수천 명이 일자리를 잃었겠죠.",controlled,,,,STERN,Y,,
D8-02_003,D8-02,3,justification,dialogue,ADRIAN,그래서 승객이 탄 배를 보험금으로 바꿨습니까?,cold,,,,STERN,Y,,
D8-02_004,D8-02,4,justification,dialogue,EVELYN,"피해를 제한하려 했습니다. 줄리언이 절차를 방해해 균형이 무너졌고, 리처드는 그 뒤에 필요한 일을 했어요.",defensive,,,,STERN,Y,,
D8-02_005,D8-02,5,justification,dialogue,ADRIAN,필요한 일이 아니라 편리한 일이었습니다. 죽은 사람에게 책임을 넘기는 일.,firm,,,,STERN,Y,,
D8-02_006,D8-02,6,justification,dialogue,EVELYN,다니엘도 똑같았습니다. 복잡한 진실보다 리처드라는 얼굴을 원했죠. 나는 그가 원하는 길을 보여 줬을 뿐입니다.,cold,,,,STERN,Y,,
D8-02_007,D8-02,7,justification,dialogue,ADRIAN,그리고 그 길 끝에서 산소를 빼앗았습니다.,firm,,,,STERN,Y,,
D8-02_008,D8-02,8,climax,dialogue,EVELYN,나는 회사를 살렸어요.,intense,,,,STERN,Y,,
D8-02_009,D8-02,9,climax,dialogue,ADRIAN,살아남은 사람의 수가 죽인 사람의 죄를 나눠 갖지는 않습니다.,calm,,,,STERN,Y,,
D8-02_010,D8-02,10,choice,choice,PLAYER_CHOICE,“당신은 회사를 살린 게 아니라 죄를 연장했습니다.”,choice,,D8-02_C1,moral_tone:judgment,UI choice,N,D8-02_FINAL,
D8-02_011,D8-02,11,choice,choice,PLAYER_CHOICE,“당신이 말한 비용은 늘 다른 사람이 치렀습니다.”,choice,,D8-02_C2,moral_tone:accountability,UI choice,N,D8-02_FINAL,
D8-02_012,D8-02,12,choice,choice,PLAYER_CHOICE,“이제 살아남은 사람들이 직접 진실을 선택할 겁니다.”,choice,,D8-02_C3,moral_tone:hope,UI choice,N,D8-02_FINAL,
D8-02_013,D8-02,13,final_line,branch_response,ADRIAN,당신은 회사를 살린 게 아니라 죄를 연장했습니다. 오르페우스 호에서 시작한 밀실을 다니엘의 죽음으로 한 번 더 닫았을 뿐입니다.,severe,choice(D8-02_C1),,,STERN,Y,D8-02_FINAL,
D8-02_014,D8-02,14,final_line,branch_response,EVELYN,죄는 결과보다 오래 남지 않습니다. 사람들은 회사가 제공한 삶을 기억할 겁니다.,cold,choice(D8-02_C1),,moral_tone:judgment,STERN,Y,D8-02_FINAL,
D8-02_015,D8-02,15,final_line,branch_response,ADRIAN,"당신이 말한 비용은 늘 다른 사람이 치렀습니다. 승객, 줄리언, 다니엘, 마커스. 이번 비용은 당신 몫입니다.",firm,choice(D8-02_C2),,,STERN,Y,D8-02_FINAL,
D8-02_016,D8-02,16,final_line,branch_response,EVELYN,공평함은 회계 장부에만 존재하죠.,bitter,choice(D8-02_C2),,moral_tone:accountability,STERN,Y,D8-02_FINAL,
D8-02_017,D8-02,17,final_line,branch_response,ADRIAN,이제 살아남은 사람들이 직접 진실을 선택할 겁니다. 당신이 대신 계산하지 않아도 됩니다.,calm,choice(D8-02_C3),,,STERN,Y,D8-02_FINAL,
D8-02_018,D8-02,18,final_line,branch_response,EVELYN,그들이 어떤 선택을 하는지 보세요. 결국 누군가는 다시 정리해야 할 겁니다.,weary,choice(D8-02_C3),,moral_tone:hope,STERN,Y,D8-02_FINAL,
D8-02_019,D8-02,19,arrest,dialogue,MARCUS,"이블린 쇼, 뒤로 물러서십시오. 손을 보이는 곳에 두세요.",commanding,,,,STERN,Y,,
D8-02_020,D8-02,20,arrest,dialogue,NARRATION,이블린은 난간에서 한 걸음 물러났다. 체포 순간에도 그녀는 저항보다 절차를 선택했다.,STERN,,,,,N,,
D8-02_021,D8-02,21,arrest,dialogue,EVELYN,"기록은 누가 관리하죠, 탐정님? 진실도 결국 파일 하나입니다.",low,,,,STERN,Y,,
D8-02_022,D8-02,22,arrest,dialogue,ADRIAN,이번에는 복사본이 많습니다.,dry,,,,STERN,Y,,
D8-02_023,D8-02,23,close,system,SYSTEM,이블린 체포. 도덕적 결말 톤이 저장되었습니다.,system,,,scene_unlock:D8-03,UI,N,,
D8-03_001,D8-03,1,opening,narration,NARRATION,"엘리시움 호이 항구에 닿자 육지의 소음이 배의 기계음을 덮었다. 같은 승객들이 내렸지만, 출항 때와 같은 이야기를 가진 사람은 없었다.",observe,D8-02 or ending:C or bad_end,,,PORT,N,,
D8-03_002,D8-03,2,ending,system,SYSTEM,엔딩 결과를 표시합니다.,system,,,,Ending UI,N,,
D8-03_003,D8-03,3,ending_A,recording,NEWS_REPORT,속보: 호손 해운 COO 이블린 쇼가 다니엘 머서 살해와 오르페우스 호 침몰 조작 혐의로 체포됐습니다. 리처드 호손 회장은 과거 조사 방해와 뇌물 제공을 인정했습니다.,formal,ending:A,,,News montage,Y,,
D8-03_004,D8-03,4,ending_A,dialogue,CLAIRE,회사는 이사회 관리 체제로 들어갑니다. 비자금 자료도 당국에 넘겼어요. 제 몫의 변명은 법정에서 하죠.,subdued,ending:A,,,PORT,Y,,
D8-03_005,D8-03,5,ending_A,dialogue,THOMAS,줄리언의 공식 기록이 ‘사고 책임자’에서 ‘침몰 방지 시도 중 사망’으로 수정됐습니다.,emotional,ending:A,,,PORT,Y,,
D8-03_006,D8-03,6,ending_A,dialogue,RICHARD,15년 늦었지만… 내 아들이 집으로 돌아왔소.,broken,ending:A,,,PORT,Y,,
D8-03_007,D8-03,7,ending_A,dialogue,HELENA,"다니엘의 사망진단도 수정됐어요. 사망 시각, 장소, 직접 사인 전부요.",warm,ending:A,,,PORT,Y,,
D8-03_008,D8-03,8,ending_A,dialogue,OWEN,기계 로그는 처음부터 같은 말을 했습니다. 우리가 듣는 데 오래 걸렸을 뿐이죠.,gruff,ending:A,,,PORT,Y,,
D8-03_009,D8-03,9,ending_A,dialogue,MARCUS,제 인증 제공과 채무도 진술했습니다. 면직될 겁니다. 그래도 이번엔 기록이 남습니다.,resolved,ending:A,,,PORT,Y,,
D8-03_010,D8-03,10,inspection,narration,NARRATION,[조사: 다니엘의 수정 기사],observe,ending:A,,,PORT,N,,
D8-03_011,D8-03,11,inspection,inspection,ADRIAN,"제목은 ‘오르페우스 호의 진범과, 내가 틀린 사람’. 첫 문장은 다니엘의 리처드 오판을 편집자 주로 명시하고 이블린의 설계와 리처드의 은폐를 분리한다.",focused,ending:A,,,PORT,Y,,
D8-03_012,D8-03,12,evidence,system,SYSTEM,단서 획득: C-18 수정 기사,system,ending:A,,evidence:C-18,UI,N,,
D8-03_013,D8-03,13,ending_A,monologue,ADRIAN,완전한 진실은 아무도 구해 주지 않았습니다. 대신 누구의 죄가 누구의 것인지 돌려놓았습니다.,internal,ending:A,,,PORT,Y,,
D8-03_014,D8-03,14,ending_A,ending_title,SYSTEM,엔딩 에이 - 완전한 귀환,ending:A_complete,ending:A,,,Ending title,N,,
D8-03_015,D8-03,15,ending_B,recording,NEWS_REPORT,속보: 이블린 쇼가 다니엘 머서 살해 혐의로 체포됐습니다. 호손 해운은 독립 수사에 전면 협조했다고 밝혔습니다.,formal,ending:B,,,News montage,Y,,
D8-03_016,D8-03,16,ending_B,dialogue,RICHARD,회사는 살아남을 거요. 직원과 승객 보상도 계속할 수 있네. 당신 선택은 실용적이었소.,relieved,ending:B,,,PORT,Y,,
D8-03_017,D8-03,17,ending_B,dialogue,THOMAS,줄리언의 기록은 내부 정정에 그쳤습니다. 공개 문서에는 여전히 ‘관리 실패’라고 남았습니다.,disappointed,ending:B,,,PORT,Y,,
D8-03_018,D8-03,18,ending_B,dialogue,CLAIRE,"사람들은 한 명의 범인으로 만족할 거예요. 회사도, 시장도, 기사도.",guarded,ending:B,,,PORT,Y,,
D8-03_019,D8-03,19,ending_B,dialogue,HELENA,다니엘의 사망 기록은 바로잡혔지만 오르페우스 호 피해자 기록은 봉인됐어요.,sad,ending:B,,,PORT,Y,,
D8-03_020,D8-03,20,ending_B,monologue,ADRIAN,"우리는 열린 문을 해결하고, 다른 문을 잠갔습니다. 흔적이 남지 않게 조심하면서.",internal,ending:B,,,PORT,Y,,
D8-03_021,D8-03,21,ending_B,ending_title,SYSTEM,엔딩 비 - 편리한 범인,ending:B_complete,ending:B,,,Ending title,N,,
D8-03_022,D8-03,22,ending_C,recording,NEWS_REPORT,리처드 호손 회장이 다니엘 머서 살해와 오르페우스 호 사건 관련 혐의로 구금됐습니다. 이블린 쇼 COO는 다음 기항지에서 행방이 확인되지 않고 있습니다.,formal,ending:C,,,News montage,Y,,
D8-03_023,D8-03,23,ending_C,dialogue,CLAIRE,삼촌은 모든 걸 숨겼어요. 그러니 모두가 그를 믿는 게 당연하다고 생각했죠. 우리도 다니엘과 같은 실수를 했네요.,bitter,ending:C,,,PORT,Y,,
D8-03_024,D8-03,24,ending_C,dialogue,THOMAS,복원 음성은 공개되지 못했습니다. 줄리언은 또 한 번 범인 곁에 묻혔소.,grave,ending:C,,,PORT,Y,,
D8-03_025,D8-03,25,ending_C,dialogue,OWEN,"안정화 로그 22:17, 86kg. 사건 파일에는 ‘설명 불가’로 남았습니다.",grim,ending:C,,,PORT,Y,,
D8-03_026,D8-03,26,ending_C,monologue,ADRIAN,틀린 사람을 지목하면 사건은 닫히지 않습니다. 다만 진짜 범인이 나갈 문을 열어 줄 뿐입니다.,internal,ending:C,,,PORT,Y,,
D8-03_027,D8-03,27,ending_C,ending_title,SYSTEM,엔딩 시 - 잘못 지목된 사람,ending:C_complete,ending:C,,,Ending title,N,,
D8-03_028,D8-03,28,bad_end,dialogue,NARRATION,"승객 불안이 폭발하자 제한구역 문이 강제로 열렸고, 금고 화재경보 속에서 원본 모듈이 파괴됐다.",PORT,publicAnxiety>=100 or evidenceIntegrity<=0,,,,N,,
D8-03_029,D8-03,29,bad_end,dialogue,THOMAS,선내 질서를 유지할 수 없습니다. 모든 수사를 중단하고 비상 입항합니다.,urgent,publicAnxiety>=100 or evidenceIntegrity<=0,,,PORT,Y,,
D8-03_030,D8-03,30,bad_end,dialogue,EVELYN,증거 없는 진실은 소문입니다. 소문은 누구도 체포하지 못하죠.,cold,publicAnxiety>=100 or evidenceIntegrity<=0,,,PORT,Y,,
D8-03_031,D8-03,31,bad_end,monologue,ADRIAN,현장을 지키지 못하면 진실은 추리가 아니라 선택지가 됩니다. 가장 큰 목소리가 정답을 고르죠.,internal,publicAnxiety>=100 or evidenceIntegrity<=0,,,PORT,Y,,
D8-03_032,D8-03,32,bad_end,ending_title,SYSTEM,배드 엔딩 - 바다 위의 공황,ending:bad_complete,publicAnxiety>=100 or evidenceIntegrity<=0,,,Ending title,N,,
